[{"pk": 1, "model": "contenttypes.contenttype", "fields": {"model": "logentry", "name": "log entry", "app_label": "admin"}}, {"pk": 2, "model": "contenttypes.contenttype", "fields": {"model": "permission", "name": "permission", "app_label": "auth"}}, {"pk": 3, "model": "contenttypes.contenttype", "fields": {"model": "group", "name": "group", "app_label": "auth"}}, {"pk": 4, "model": "contenttypes.contenttype", "fields": {"model": "user", "name": "user", "app_label": "auth"}}, {"pk": 5, "model": "contenttypes.contenttype", "fields": {"model": "contenttype", "name": "content type", "app_label": "contenttypes"}}, {"pk": 6, "model": "contenttypes.contenttype", "fields": {"model": "session", "name": "session", "app_label": "sessions"}}, {"pk": 7, "model": "contenttypes.contenttype", "fields": {"model": "token", "name": "token", "app_label": "authtoken"}}, {"pk": 8, "model": "contenttypes.contenttype", "fields": {"model": "blog", "name": "blog", "app_label": "blog"}}, {"pk": 9, "model": "contenttypes.contenttype", "fields": {"model": "post", "name": "post", "app_label": "blog"}}, {"pk": 10, "model": "contenttypes.contenttype", "fields": {"model": "sentenceset", "name": "sentence set", "app_label": "blog"}}, {"pk": 11, "model": "contenttypes.contenttype", "fields": {"model": "sentence", "name": "sentence", "app_label": "blog"}}, {"pk": 12, "model": "contenttypes.contenttype", "fields": {"model": "text", "name": "text", "app_label": "blog"}}, {"pk": 1, "model": "blog.sentenceset", "fields": {"parent": 1, "created": "2013-12-14T02:50:32.386Z"}}, {"pk": 2, "model": "blog.sentenceset", "fields": {"parent": 2, "created": "2013-12-18T22:03:22.870Z"}}, {"pk": 3, "model": "blog.sentenceset", "fields": {"parent": 3, "created": "2013-12-18T23:45:01.715Z"}}, {"pk": 4, "model": "blog.sentenceset", "fields": {"parent": 4, "created": "2013-12-18T23:45:02.085Z"}}, {"pk": 5, "model": "blog.sentenceset", "fields": {"parent": 5, "created": "2013-12-18T23:45:02.444Z"}}, {"pk": 6, "model": "blog.sentenceset", "fields": {"parent": 6, "created": "2013-12-18T23:45:02.746Z"}}, {"pk": 7, "model": "blog.sentenceset", "fields": {"parent": 7, "created": "2013-12-18T23:45:03.071Z"}}, {"pk": 8, "model": "blog.sentenceset", "fields": {"parent": 8, "created": "2013-12-18T23:45:03.442Z"}}, {"pk": 9, "model": "blog.sentenceset", "fields": {"parent": 9, "created": "2013-12-18T23:45:03.789Z"}}, {"pk": 10, "model": "blog.sentenceset", "fields": {"parent": 10, "created": "2013-12-18T23:45:04.103Z"}}, {"pk": 11, "model": "blog.sentenceset", "fields": {"parent": 11, "created": "2013-12-18T23:45:04.439Z"}}, {"pk": 12, "model": "blog.sentenceset", "fields": {"parent": 12, "created": "2013-12-18T23:45:04.911Z"}}, {"pk": 13, "model": "blog.sentenceset", "fields": {"parent": 13, "created": "2013-12-18T23:45:05.225Z"}}, {"pk": 14, "model": "blog.sentenceset", "fields": {"parent": 14, "created": "2013-12-18T23:45:05.550Z"}}, {"pk": 15, "model": "blog.sentenceset", "fields": {"parent": 15, "created": "2013-12-18T23:45:05.930Z"}}, {"pk": 16, "model": "blog.sentenceset", "fields": {"parent": 16, "created": "2013-12-18T23:45:06.279Z"}}, {"pk": 17, "model": "blog.sentenceset", "fields": {"parent": 17, "created": "2013-12-18T23:45:06.603Z"}}, {"pk": 18, "model": "blog.sentenceset", "fields": {"parent": 18, "created": "2013-12-18T23:45:06.984Z"}}, {"pk": 19, "model": "blog.sentenceset", "fields": {"parent": 19, "created": "2013-12-18T23:45:07.342Z"}}, {"pk": 20, "model": "blog.sentenceset", "fields": {"parent": 20, "created": "2013-12-18T23:45:07.702Z"}}, {"pk": 21, "model": "blog.sentenceset", "fields": {"parent": 21, "created": "2013-12-18T23:45:08.094Z"}}, {"pk": 22, "model": "blog.sentenceset", "fields": {"parent": 22, "created": "2013-12-18T23:45:08.496Z"}}, {"pk": 23, "model": "blog.sentenceset", "fields": {"parent": 23, "created": "2013-12-18T23:45:08.877Z"}}, {"pk": 24, "model": "blog.sentenceset", "fields": {"parent": 24, "created": "2013-12-18T23:45:09.236Z"}}, {"pk": 25, "model": "blog.sentenceset", "fields": {"parent": 25, "created": "2013-12-18T23:45:09.561Z"}}, {"pk": 26, "model": "blog.sentenceset", "fields": {"parent": 26, "created": "2013-12-18T23:45:09.897Z"}}, {"pk": 27, "model": "blog.sentenceset", "fields": {"parent": 27, "created": "2013-12-18T23:45:10.267Z"}}, {"pk": 28, "model": "blog.sentenceset", "fields": {"parent": 28, "created": "2013-12-18T23:45:10.615Z"}}, {"pk": 29, "model": "blog.sentenceset", "fields": {"parent": 29, "created": "2013-12-18T23:45:10.951Z"}}, {"pk": 30, "model": "blog.sentenceset", "fields": {"parent": 30, "created": "2013-12-18T23:45:11.298Z"}}, {"pk": 31, "model": "blog.sentenceset", "fields": {"parent": 31, "created": "2013-12-18T23:45:11.657Z"}}, {"pk": 32, "model": "blog.sentenceset", "fields": {"parent": 32, "created": "2013-12-18T23:45:12.028Z"}}, {"pk": 33, "model": "blog.sentenceset", "fields": {"parent": 33, "created": "2013-12-18T23:45:12.475Z"}}, {"pk": 34, "model": "blog.sentenceset", "fields": {"parent": 34, "created": "2013-12-18T23:45:12.822Z"}}, {"pk": 35, "model": "blog.sentenceset", "fields": {"parent": 35, "created": "2013-12-18T23:45:13.169Z"}}, {"pk": 36, "model": "blog.sentenceset", "fields": {"parent": 36, "created": "2013-12-18T23:45:13.529Z"}}, {"pk": 37, "model": "blog.sentenceset", "fields": {"parent": 37, "created": "2013-12-18T23:45:13.854Z"}}, {"pk": 38, "model": "blog.sentenceset", "fields": {"parent": 38, "created": "2013-12-18T23:45:14.201Z"}}, {"pk": 39, "model": "blog.sentenceset", "fields": {"parent": 39, "created": "2013-12-18T23:45:14.559Z"}}, {"pk": 40, "model": "blog.sentenceset", "fields": {"parent": 40, "created": "2013-12-18T23:45:14.908Z"}}, {"pk": 41, "model": "blog.sentenceset", "fields": {"parent": 41, "created": "2013-12-18T23:45:15.233Z"}}, {"pk": 42, "model": "blog.sentenceset", "fields": {"parent": 42, "created": "2013-12-18T23:45:15.580Z"}}, {"pk": 43, "model": "blog.sentenceset", "fields": {"parent": 43, "created": "2013-12-18T23:45:15.949Z"}}, {"pk": 44, "model": "blog.sentenceset", "fields": {"parent": 44, "created": "2013-12-18T23:45:16.309Z"}}, {"pk": 45, "model": "blog.sentenceset", "fields": {"parent": 45, "created": "2013-12-18T23:45:16.623Z"}}, {"pk": 46, "model": "blog.sentenceset", "fields": {"parent": 46, "created": "2013-12-18T23:45:17.037Z"}}, {"pk": 47, "model": "blog.sentenceset", "fields": {"parent": 47, "created": "2013-12-18T23:45:17.417Z"}}, {"pk": 48, "model": "blog.sentenceset", "fields": {"parent": 48, "created": "2013-12-18T23:45:17.755Z"}}, {"pk": 49, "model": "blog.sentenceset", "fields": {"parent": 49, "created": "2013-12-18T23:45:18.079Z"}}, {"pk": 50, "model": "blog.sentenceset", "fields": {"parent": 50, "created": "2013-12-18T23:45:18.515Z"}}, {"pk": 51, "model": "blog.sentenceset", "fields": {"parent": 51, "created": "2013-12-18T23:45:18.963Z"}}, {"pk": 52, "model": "blog.sentenceset", "fields": {"parent": 52, "created": "2013-12-18T23:45:19.434Z"}}, {"pk": 53, "model": "blog.sentenceset", "fields": {"parent": 53, "created": "2013-12-18T23:45:19.781Z"}}, {"pk": 54, "model": "blog.sentenceset", "fields": {"parent": 54, "created": "2013-12-18T23:45:20.150Z"}}, {"pk": 55, "model": "blog.sentenceset", "fields": {"parent": 55, "created": "2013-12-18T23:45:20.497Z"}}, {"pk": 56, "model": "blog.sentenceset", "fields": {"parent": 56, "created": "2013-12-18T23:45:20.813Z"}}, {"pk": 57, "model": "blog.sentenceset", "fields": {"parent": 57, "created": "2013-12-18T23:45:21.171Z"}}, {"pk": 58, "model": "blog.sentenceset", "fields": {"parent": 58, "created": "2013-12-18T23:45:21.551Z"}}, {"pk": 59, "model": "blog.sentenceset", "fields": {"parent": 59, "created": "2013-12-18T23:45:21.921Z"}}, {"pk": 60, "model": "blog.sentenceset", "fields": {"parent": 60, "created": "2013-12-18T23:45:22.247Z"}}, {"pk": 61, "model": "blog.sentenceset", "fields": {"parent": 61, "created": "2013-12-18T23:45:22.617Z"}}, {"pk": 62, "model": "blog.sentenceset", "fields": {"parent": 62, "created": "2013-12-18T23:45:22.974Z"}}, {"pk": 1, "model": "blog.sentence", "fields": {"ordering": 1.0, "text": 1, "sentence_set": 1, "previous_version": null}}, {"pk": 2, "model": "blog.sentence", "fields": {"ordering": 2.0, "text": 2, "sentence_set": 1, "previous_version": null}}, {"pk": 3, "model": "blog.sentence", "fields": {"ordering": 1.0, "text": 3, "sentence_set": 2, "previous_version": null}}, {"pk": 4, "model": "blog.sentence", "fields": {"ordering": 1.0, "text": 4, "sentence_set": 1, "previous_version": null}}, {"pk": 5, "model": "blog.sentence", "fields": {"ordering": 2.0, "text": 5, "sentence_set": 1, "previous_version": null}}, {"pk": 6, "model": "blog.sentence", "fields": {"ordering": 3.0, "text": 6, "sentence_set": 1, "previous_version": null}}, {"pk": 7, "model": "blog.sentence", "fields": {"ordering": 4.0, "text": 7, "sentence_set": 1, "previous_version": null}}, {"pk": 8, "model": "blog.sentence", "fields": {"ordering": 5.0, "text": 8, "sentence_set": 1, "previous_version": null}}, {"pk": 9, "model": "blog.sentence", "fields": {"ordering": 6.0, "text": 9, "sentence_set": 1, "previous_version": null}}, {"pk": 10, "model": "blog.sentence", "fields": {"ordering": 7.0, "text": 10, "sentence_set": 1, "previous_version": null}}, {"pk": 11, "model": "blog.sentence", "fields": {"ordering": 8.0, "text": 11, "sentence_set": 1, "previous_version": null}}, {"pk": 12, "model": "blog.sentence", "fields": {"ordering": 9.0, "text": 12, "sentence_set": 1, "previous_version": null}}, {"pk": 13, "model": "blog.sentence", "fields": {"ordering": 10.0, "text": 13, "sentence_set": 1, "previous_version": null}}, {"pk": 14, "model": "blog.sentence", "fields": {"ordering": 11.0, "text": 14, "sentence_set": 1, "previous_version": null}}, {"pk": 15, "model": "blog.sentence", "fields": {"ordering": 12.0, "text": 15, "sentence_set": 1, "previous_version": null}}, {"pk": 16, "model": "blog.sentence", "fields": {"ordering": 13.0, "text": 16, "sentence_set": 1, "previous_version": null}}, {"pk": 17, "model": "blog.sentence", "fields": {"ordering": 14.0, "text": 17, "sentence_set": 1, "previous_version": null}}, {"pk": 18, "model": "blog.sentence", "fields": {"ordering": 15.0, "text": 18, "sentence_set": 1, "previous_version": null}}, {"pk": 19, "model": "blog.sentence", "fields": {"ordering": 16.0, "text": 19, "sentence_set": 1, "previous_version": null}}, {"pk": 20, "model": "blog.sentence", "fields": {"ordering": 17.0, "text": 20, "sentence_set": 1, "previous_version": null}}, {"pk": 21, "model": "blog.sentence", "fields": {"ordering": 18.0, "text": 21, "sentence_set": 1, "previous_version": null}}, {"pk": 22, "model": "blog.sentence", "fields": {"ordering": 19.0, "text": 22, "sentence_set": 1, "previous_version": null}}, {"pk": 23, "model": "blog.sentence", "fields": {"ordering": 20.0, "text": 23, "sentence_set": 1, "previous_version": null}}, {"pk": 24, "model": "blog.sentence", "fields": {"ordering": 21.0, "text": 24, "sentence_set": 1, "previous_version": null}}, {"pk": 25, "model": "blog.sentence", "fields": {"ordering": 22.0, "text": 25, "sentence_set": 1, "previous_version": null}}, {"pk": 26, "model": "blog.sentence", "fields": {"ordering": 23.0, "text": 26, "sentence_set": 1, "previous_version": null}}, {"pk": 27, "model": "blog.sentence", "fields": {"ordering": 24.0, "text": 27, "sentence_set": 1, "previous_version": null}}, {"pk": 28, "model": "blog.sentence", "fields": {"ordering": 25.0, "text": 28, "sentence_set": 1, "previous_version": null}}, {"pk": 29, "model": "blog.sentence", "fields": {"ordering": 26.0, "text": 29, "sentence_set": 1, "previous_version": null}}, {"pk": 30, "model": "blog.sentence", "fields": {"ordering": 27.0, "text": 30, "sentence_set": 1, "previous_version": null}}, {"pk": 31, "model": "blog.sentence", "fields": {"ordering": 28.0, "text": 31, "sentence_set": 1, "previous_version": null}}, {"pk": 32, "model": "blog.sentence", "fields": {"ordering": 29.0, "text": 32, "sentence_set": 1, "previous_version": null}}, {"pk": 33, "model": "blog.sentence", "fields": {"ordering": 30.0, "text": 33, "sentence_set": 1, "previous_version": null}}, {"pk": 34, "model": "blog.sentence", "fields": {"ordering": 31.0, "text": 34, "sentence_set": 1, "previous_version": null}}, {"pk": 35, "model": "blog.sentence", "fields": {"ordering": 32.0, "text": 35, "sentence_set": 1, "previous_version": null}}, {"pk": 36, "model": "blog.sentence", "fields": {"ordering": 33.0, "text": 36, "sentence_set": 1, "previous_version": null}}, {"pk": 37, "model": "blog.sentence", "fields": {"ordering": 34.0, "text": 37, "sentence_set": 1, "previous_version": null}}, {"pk": 38, "model": "blog.sentence", "fields": {"ordering": 35.0, "text": 38, "sentence_set": 1, "previous_version": null}}, {"pk": 39, "model": "blog.sentence", "fields": {"ordering": 36.0, "text": 39, "sentence_set": 1, "previous_version": null}}, {"pk": 40, "model": "blog.sentence", "fields": {"ordering": 37.0, "text": 40, "sentence_set": 1, "previous_version": null}}, {"pk": 41, "model": "blog.sentence", "fields": {"ordering": 38.0, "text": 41, "sentence_set": 1, "previous_version": null}}, {"pk": 42, "model": "blog.sentence", "fields": {"ordering": 39.0, "text": 42, "sentence_set": 1, "previous_version": null}}, {"pk": 43, "model": "blog.sentence", "fields": {"ordering": 40.0, "text": 43, "sentence_set": 1, "previous_version": null}}, {"pk": 44, "model": "blog.sentence", "fields": {"ordering": 41.0, "text": 44, "sentence_set": 1, "previous_version": null}}, {"pk": 45, "model": "blog.sentence", "fields": {"ordering": 42.0, "text": 45, "sentence_set": 1, "previous_version": null}}, {"pk": 46, "model": "blog.sentence", "fields": {"ordering": 43.0, "text": 46, "sentence_set": 1, "previous_version": null}}, {"pk": 47, "model": "blog.sentence", "fields": {"ordering": 44.0, "text": 47, "sentence_set": 1, "previous_version": null}}, {"pk": 48, "model": "blog.sentence", "fields": {"ordering": 45.0, "text": 48, "sentence_set": 1, "previous_version": null}}, {"pk": 49, "model": "blog.sentence", "fields": {"ordering": 46.0, "text": 49, "sentence_set": 1, "previous_version": null}}, {"pk": 50, "model": "blog.sentence", "fields": {"ordering": 47.0, "text": 50, "sentence_set": 1, "previous_version": null}}, {"pk": 51, "model": "blog.sentence", "fields": {"ordering": 48.0, "text": 51, "sentence_set": 1, "previous_version": null}}, {"pk": 52, "model": "blog.sentence", "fields": {"ordering": 49.0, "text": 52, "sentence_set": 1, "previous_version": null}}, {"pk": 53, "model": "blog.sentence", "fields": {"ordering": 50.0, "text": 53, "sentence_set": 1, "previous_version": null}}, {"pk": 1, "model": "blog.text", "fields": {"classifier": null, "value": "This is my sentence.", "created": "2013-12-14T02:51:02.810Z"}}, {"pk": 2, "model": "blog.text", "fields": {"classifier": null, "value": "This is another sentence.", "created": "2013-12-14T02:51:52.696Z"}}, {"pk": 3, "model": "blog.text", "fields": {"classifier": null, "value": "This post exists.", "created": "2013-12-18T22:03:48.837Z"}}, {"pk": 4, "model": "blog.text", "fields": {"classifier": null, "value": "0.527233486813", "created": "2013-12-18T23:45:23.124Z"}}, {"pk": 5, "model": "blog.text", "fields": {"classifier": null, "value": "0.109841298892", "created": "2013-12-18T23:45:23.412Z"}}, {"pk": 6, "model": "blog.text", "fields": {"classifier": null, "value": "0.521955943385", "created": "2013-12-18T23:45:23.750Z"}}, {"pk": 7, "model": "blog.text", "fields": {"classifier": null, "value": "0.696523550116", "created": "2013-12-18T23:45:24.119Z"}}, {"pk": 8, "model": "blog.text", "fields": {"classifier": null, "value": "0.372787061894", "created": "2013-12-18T23:45:24.455Z"}}, {"pk": 9, "model": "blog.text", "fields": {"classifier": null, "value": "0.929969242028", "created": "2013-12-18T23:45:24.747Z"}}, {"pk": 10, "model": "blog.text", "fields": {"classifier": null, "value": "0.183664759952", "created": "2013-12-18T23:45:25.073Z"}}, {"pk": 11, "model": "blog.text", "fields": {"classifier": null, "value": "0.286558545692", "created": "2013-12-18T23:45:25.432Z"}}, {"pk": 12, "model": "blog.text", "fields": {"classifier": null, "value": "0.983920207693", "created": "2013-12-18T23:45:25.745Z"}}, {"pk": 13, "model": "blog.text", "fields": {"classifier": null, "value": "0.186275264907", "created": "2013-12-18T23:45:26.047Z"}}, {"pk": 14, "model": "blog.text", "fields": {"classifier": null, "value": "0.925399433983", "created": "2013-12-18T23:45:26.386Z"}}, {"pk": 15, "model": "blog.text", "fields": {"classifier": null, "value": "0.796763138734", "created": "2013-12-18T23:45:26.753Z"}}, {"pk": 16, "model": "blog.text", "fields": {"classifier": null, "value": "0.316943532197", "created": "2013-12-18T23:45:27.334Z"}}, {"pk": 17, "model": "blog.text", "fields": {"classifier": null, "value": "0.867321763385", "created": "2013-12-18T23:45:27.625Z"}}, {"pk": 18, "model": "blog.text", "fields": {"classifier": null, "value": "0.854538030925", "created": "2013-12-18T23:45:27.951Z"}}, {"pk": 19, "model": "blog.text", "fields": {"classifier": null, "value": "0.466356909012", "created": "2013-12-18T23:45:28.309Z"}}, {"pk": 20, "model": "blog.text", "fields": {"classifier": null, "value": "0.15226105557", "created": "2013-12-18T23:45:28.645Z"}}, {"pk": 21, "model": "blog.text", "fields": {"classifier": null, "value": "0.0222032462635", "created": "2013-12-18T23:45:28.948Z"}}, {"pk": 22, "model": "blog.text", "fields": {"classifier": null, "value": "0.240199879891", "created": "2013-12-18T23:45:29.274Z"}}, {"pk": 23, "model": "blog.text", "fields": {"classifier": null, "value": "0.536732396085", "created": "2013-12-18T23:45:29.610Z"}}, {"pk": 24, "model": "blog.text", "fields": {"classifier": null, "value": "0.0389232477474", "created": "2013-12-18T23:45:30.001Z"}}, {"pk": 25, "model": "blog.text", "fields": {"classifier": null, "value": "0.765037033974", "created": "2013-12-18T23:45:30.304Z"}}, {"pk": 26, "model": "blog.text", "fields": {"classifier": null, "value": "0.344624133574", "created": "2013-12-18T23:45:30.619Z"}}, {"pk": 27, "model": "blog.text", "fields": {"classifier": null, "value": "0.177948007691", "created": "2013-12-18T23:45:30.966Z"}}, {"pk": 28, "model": "blog.text", "fields": {"classifier": null, "value": "0.110013844372", "created": "2013-12-18T23:45:31.313Z"}}, {"pk": 29, "model": "blog.text", "fields": {"classifier": null, "value": "0.992435819855", "created": "2013-12-18T23:45:31.638Z"}}, {"pk": 30, "model": "blog.text", "fields": {"classifier": null, "value": "0.105027413917", "created": "2013-12-18T23:45:32.208Z"}}, {"pk": 31, "model": "blog.text", "fields": {"classifier": null, "value": "0.0682269334723", "created": "2013-12-18T23:45:32.556Z"}}, {"pk": 32, "model": "blog.text", "fields": {"classifier": null, "value": "0.377616351551", "created": "2013-12-18T23:45:32.903Z"}}, {"pk": 33, "model": "blog.text", "fields": {"classifier": null, "value": "0.898396451841", "created": "2013-12-18T23:45:33.217Z"}}, {"pk": 34, "model": "blog.text", "fields": {"classifier": null, "value": "0.871062415077", "created": "2013-12-18T23:45:33.541Z"}}, {"pk": 35, "model": "blog.text", "fields": {"classifier": null, "value": "0.21388205652", "created": "2013-12-18T23:45:33.890Z"}}, {"pk": 36, "model": "blog.text", "fields": {"classifier": null, "value": "0.919618065394", "created": "2013-12-18T23:45:34.237Z"}}, {"pk": 37, "model": "blog.text", "fields": {"classifier": null, "value": "0.494051509383", "created": "2013-12-18T23:45:34.573Z"}}, {"pk": 38, "model": "blog.text", "fields": {"classifier": null, "value": "0.602395970199", "created": "2013-12-18T23:45:34.998Z"}}, {"pk": 39, "model": "blog.text", "fields": {"classifier": null, "value": "0.394382357815", "created": "2013-12-18T23:45:35.346Z"}}, {"pk": 40, "model": "blog.text", "fields": {"classifier": null, "value": "0.869254442009", "created": "2013-12-18T23:45:35.693Z"}}, {"pk": 41, "model": "blog.text", "fields": {"classifier": null, "value": "0.591285261595", "created": "2013-12-18T23:45:36.018Z"}}, {"pk": 42, "model": "blog.text", "fields": {"classifier": null, "value": "0.372917425039", "created": "2013-12-18T23:45:36.332Z"}}, {"pk": 43, "model": "blog.text", "fields": {"classifier": null, "value": "0.552914610179", "created": "2013-12-18T23:45:36.679Z"}}, {"pk": 44, "model": "blog.text", "fields": {"classifier": null, "value": "0.619810736026", "created": "2013-12-18T23:45:37.038Z"}}, {"pk": 45, "model": "blog.text", "fields": {"classifier": null, "value": "0.735773727825", "created": "2013-12-18T23:45:37.352Z"}}, {"pk": 46, "model": "blog.text", "fields": {"classifier": null, "value": "0.250057696624", "created": "2013-12-18T23:45:37.687Z"}}, {"pk": 47, "model": "blog.text", "fields": {"classifier": null, "value": "0.18518572276", "created": "2013-12-18T23:45:38.035Z"}}, {"pk": 48, "model": "blog.text", "fields": {"classifier": null, "value": "0.0691283196282", "created": "2013-12-18T23:45:38.394Z"}}, {"pk": 49, "model": "blog.text", "fields": {"classifier": null, "value": "0.593325400967", "created": "2013-12-18T23:45:38.719Z"}}, {"pk": 50, "model": "blog.text", "fields": {"classifier": null, "value": "0.406514543252", "created": "2013-12-18T23:45:39.022Z"}}, {"pk": 51, "model": "blog.text", "fields": {"classifier": null, "value": "0.946079422406", "created": "2013-12-18T23:45:39.369Z"}}, {"pk": 52, "model": "blog.text", "fields": {"classifier": null, "value": "0.422735956061", "created": "2013-12-18T23:45:39.728Z"}}, {"pk": 53, "model": "blog.text", "fields": {"classifier": null, "value": "0.0262857439128", "created": "2013-12-18T23:45:40.064Z"}}, {"pk": 1, "model": "auth.permission", "fields": {"codename": "add_logentry", "name": "Can add log entry", "content_type": 1}}, {"pk": 2, "model": "auth.permission", "fields": {"codename": "change_logentry", "name": "Can change log entry", "content_type": 1}}, {"pk": 3, "model": "auth.permission", "fields": {"codename": "delete_logentry", "name": "Can delete log entry", "content_type": 1}}, {"pk": 4, "model": "auth.permission", "fields": {"codename": "add_permission", "name": "Can add permission", "content_type": 2}}, {"pk": 5, "model": "auth.permission", "fields": {"codename": "change_permission", "name": "Can change permission", "content_type": 2}}, {"pk": 6, "model": "auth.permission", "fields": {"codename": "delete_permission", "name": "Can delete permission", "content_type": 2}}, {"pk": 7, "model": "auth.permission", "fields": {"codename": "add_group", "name": "Can add group", "content_type": 3}}, {"pk": 8, "model": "auth.permission", "fields": {"codename": "change_group", "name": "Can change group", "content_type": 3}}, {"pk": 9, "model": "auth.permission", "fields": {"codename": "delete_group", "name": "Can delete group", "content_type": 3}}, {"pk": 10, "model": "auth.permission", "fields": {"codename": "add_user", "name": "Can add user", "content_type": 4}}, {"pk": 11, "model": "auth.permission", "fields": {"codename": "change_user", "name": "Can change user", "content_type": 4}}, {"pk": 12, "model": "auth.permission", "fields": {"codename": "delete_user", "name": "Can delete user", "content_type": 4}}, {"pk": 13, "model": "auth.permission", "fields": {"codename": "add_contenttype", "name": "Can add content type", "content_type": 5}}, {"pk": 14, "model": "auth.permission", "fields": {"codename": "change_contenttype", "name": "Can change content type", "content_type": 5}}, {"pk": 15, "model": "auth.permission", "fields": {"codename": "delete_contenttype", "name": "Can delete content type", "content_type": 5}}, {"pk": 16, "model": "auth.permission", "fields": {"codename": "add_session", "name": "Can add session", "content_type": 6}}, {"pk": 17, "model": "auth.permission", "fields": {"codename": "change_session", "name": "Can change session", "content_type": 6}}, {"pk": 18, "model": "auth.permission", "fields": {"codename": "delete_session", "name": "Can delete session", "content_type": 6}}, {"pk": 19, "model": "auth.permission", "fields": {"codename": "add_token", "name": "Can add token", "content_type": 7}}, {"pk": 20, "model": "auth.permission", "fields": {"codename": "change_token", "name": "Can change token", "content_type": 7}}, {"pk": 21, "model": "auth.permission", "fields": {"codename": "delete_token", "name": "Can delete token", "content_type": 7}}, {"pk": 22, "model": "auth.permission", "fields": {"codename": "add_blog", "name": "Can add blog", "content_type": 8}}, {"pk": 23, "model": "auth.permission", "fields": {"codename": "change_blog", "name": "Can change blog", "content_type": 8}}, {"pk": 24, "model": "auth.permission", "fields": {"codename": "delete_blog", "name": "Can delete blog", "content_type": 8}}, {"pk": 25, "model": "auth.permission", "fields": {"codename": "add_post", "name": "Can add post", "content_type": 9}}, {"pk": 26, "model": "auth.permission", "fields": {"codename": "change_post", "name": "Can change post", "content_type": 9}}, {"pk": 27, "model": "auth.permission", "fields": {"codename": "delete_post", "name": "Can delete post", "content_type": 9}}, {"pk": 28, "model": "auth.permission", "fields": {"codename": "add_sentenceset", "name": "Can add sentence set", "content_type": 10}}, {"pk": 29, "model": "auth.permission", "fields": {"codename": "change_sentenceset", "name": "Can change sentence set", "content_type": 10}}, {"pk": 30, "model": "auth.permission", "fields": {"codename": "delete_sentenceset", "name": "Can delete sentence set", "content_type": 10}}, {"pk": 31, "model": "auth.permission", "fields": {"codename": "add_sentence", "name": "Can add sentence", "content_type": 11}}, {"pk": 32, "model": "auth.permission", "fields": {"codename": "change_sentence", "name": "Can change sentence", "content_type": 11}}, {"pk": 33, "model": "auth.permission", "fields": {"codename": "delete_sentence", "name": "Can delete sentence", "content_type": 11}}, {"pk": 34, "model": "auth.permission", "fields": {"codename": "add_text", "name": "Can add text", "content_type": 12}}, {"pk": 35, "model": "auth.permission", "fields": {"codename": "change_text", "name": "Can change text", "content_type": 12}}, {"pk": 36, "model": "auth.permission", "fields": {"codename": "delete_text", "name": "Can delete text", "content_type": 12}}, {"pk": 1, "model": "auth.user", "fields": {"username": "eric", "first_name": "", "last_name": "", "is_active": true, "is_superuser": true, "is_staff": true, "last_login": "2013-12-14T02:44:46.442Z", "groups": [], "user_permissions": [], "password": "pbkdf2_sha256$12000$HeSg6E2LOaFC$t7CKi9rC5Im/K6y1aFArie42NHpyhjfo83XjrkP3AaM=", "email": "", "date_joined": "2013-12-14T02:44:46.442Z"}}, {"pk": 2, "model": "auth.user", "fields": {"username": "test", "first_name": "", "last_name": "", "is_active": true, "is_superuser": false, "is_staff": false, "last_login": "2013-12-14T02:46:21.992Z", "groups": [], "user_permissions": [], "password": "pbkdf2_sha256$12000$WBDk6vJVB8p7$59WW+1ob/hNoFjjHN6pUN2JsOIHQtb5xYU2Mh0SVPmE=", "email": "", "date_joined": "2013-12-14T02:46:21.992Z"}}, {"pk": 1, "model": "blog.blog", "fields": {"title": "My Blog", "creator": 1, "created": "2013-12-14T02:48:27.497Z"}}, {"pk": 2, "model": "blog.blog", "fields": {"title": "Philosophy", "creator": 1, "created": "2013-12-18T22:01:00.981Z"}}, {"pk": 1, "model": "blog.post", "fields": {"author": 1, "created": "2013-12-14T02:49:22.220Z", "is_active": true, "modified": "2013-12-14T02:49:22.220Z", "parent_id": 1, "title": "My Post", "parent_content_type": 8}}, {"pk": 2, "model": "blog.post", "fields": {"author": 1, "created": "2013-12-18T22:02:58.625Z", "is_active": true, "modified": "2013-12-18T22:02:58.625Z", "parent_id": 2, "title": "A real post", "parent_content_type": 8}}, {"pk": 3, "model": "blog.post", "fields": {"author": 1, "created": "2013-12-18T23:45:01.510Z", "is_active": true, "modified": "2013-12-18T23:45:01.510Z", "parent_id": 1, "title": "Some Post 0.222132122763", "parent_content_type": 8}}, {"pk": 4, "model": "blog.post", "fields": {"author": 1, "created": "2013-12-18T23:45:01.888Z", "is_active": true, "modified": "2013-12-18T23:45:01.888Z", "parent_id": 1, "title": "Some Post 0.121270397243", "parent_content_type": 8}}, {"pk": 5, "model": "blog.post", "fields": {"author": 1, "created": "2013-12-18T23:45:02.257Z", "is_active": true, "modified": "2013-12-18T23:45:02.257Z", "parent_id": 1, "title": "Some Post 0.0481908607979", "parent_content_type": 8}}, {"pk": 6, "model": "blog.post", "fields": {"author": 1, "created": "2013-12-18T23:45:02.582Z", "is_active": true, "modified": "2013-12-18T23:45:02.582Z", "parent_id": 1, "title": "Some Post 0.278539085399", "parent_content_type": 8}}, {"pk": 7, "model": "blog.post", "fields": {"author": 1, "created": "2013-12-18T23:45:02.896Z", "is_active": true, "modified": "2013-12-18T23:45:02.896Z", "parent_id": 1, "title": "Some Post 0.923853121827", "parent_content_type": 8}}, {"pk": 8, "model": "blog.post", "fields": {"author": 1, "created": "2013-12-18T23:45:03.243Z", "is_active": true, "modified": "2013-12-18T23:45:03.243Z", "parent_id": 1, "title": "Some Post 0.926144450375", "parent_content_type": 8}}, {"pk": 9, "model": "blog.post", "fields": {"author": 1, "created": "2013-12-18T23:45:03.603Z", "is_active": true, "modified": "2013-12-18T23:45:03.603Z", "parent_id": 1, "title": "Some Post 0.979103572589", "parent_content_type": 8}}, {"pk": 10, "model": "blog.post", "fields": {"author": 1, "created": "2013-12-18T23:45:03.928Z", "is_active": true, "modified": "2013-12-18T23:45:03.928Z", "parent_id": 1, "title": "Some Post 0.646446980534", "parent_content_type": 8}}, {"pk": 11, "model": "blog.post", "fields": {"author": 1, "created": "2013-12-18T23:45:04.253Z", "is_active": true, "modified": "2013-12-18T23:45:04.253Z", "parent_id": 1, "title": "Some Post 0.312708560796", "parent_content_type": 8}}, {"pk": 12, "model": "blog.post", "fields": {"author": 1, "created": "2013-12-18T23:45:04.697Z", "is_active": true, "modified": "2013-12-18T23:45:04.697Z", "parent_id": 1, "title": "Some Post 0.842173328451", "parent_content_type": 8}}, {"pk": 13, "model": "blog.post", "fields": {"author": 1, "created": "2013-12-18T23:45:05.060Z", "is_active": true, "modified": "2013-12-18T23:45:05.061Z", "parent_id": 1, "title": "Some Post 0.567059056969", "parent_content_type": 8}}, {"pk": 14, "model": "blog.post", "fields": {"author": 1, "created": "2013-12-18T23:45:05.374Z", "is_active": true, "modified": "2013-12-18T23:45:05.374Z", "parent_id": 1, "title": "Some Post 0.202875705405", "parent_content_type": 8}}, {"pk": 15, "model": "blog.post", "fields": {"author": 1, "created": "2013-12-18T23:45:05.733Z", "is_active": true, "modified": "2013-12-18T23:45:05.733Z", "parent_id": 1, "title": "Some Post 0.843145634089", "parent_content_type": 8}}, {"pk": 16, "model": "blog.post", "fields": {"author": 1, "created": "2013-12-18T23:45:06.092Z", "is_active": true, "modified": "2013-12-18T23:45:06.092Z", "parent_id": 1, "title": "Some Post 0.0570441145892", "parent_content_type": 8}}, {"pk": 17, "model": "blog.post", "fields": {"author": 1, "created": "2013-12-18T23:45:06.428Z", "is_active": true, "modified": "2013-12-18T23:45:06.428Z", "parent_id": 1, "title": "Some Post 0.0793169922314", "parent_content_type": 8}}, {"pk": 18, "model": "blog.post", "fields": {"author": 1, "created": "2013-12-18T23:45:06.798Z", "is_active": true, "modified": "2013-12-18T23:45:06.798Z", "parent_id": 1, "title": "Some Post 0.853198215266", "parent_content_type": 8}}, {"pk": 19, "model": "blog.post", "fields": {"author": 1, "created": "2013-12-18T23:45:07.145Z", "is_active": true, "modified": "2013-12-18T23:45:07.145Z", "parent_id": 1, "title": "Some Post 0.253504808399", "parent_content_type": 8}}, {"pk": 20, "model": "blog.post", "fields": {"author": 1, "created": "2013-12-18T23:45:07.516Z", "is_active": true, "modified": "2013-12-18T23:45:07.516Z", "parent_id": 1, "title": "Some Post 0.584133273327", "parent_content_type": 8}}, {"pk": 21, "model": "blog.post", "fields": {"author": 1, "created": "2013-12-18T23:45:07.885Z", "is_active": true, "modified": "2013-12-18T23:45:07.885Z", "parent_id": 1, "title": "Some Post 0.129535822152", "parent_content_type": 8}}, {"pk": 22, "model": "blog.post", "fields": {"author": 1, "created": "2013-12-18T23:45:08.243Z", "is_active": true, "modified": "2013-12-18T23:45:08.243Z", "parent_id": 1, "title": "Some Post 0.777266852036", "parent_content_type": 8}}, {"pk": 23, "model": "blog.post", "fields": {"author": 1, "created": "2013-12-18T23:45:08.678Z", "is_active": true, "modified": "2013-12-18T23:45:08.678Z", "parent_id": 1, "title": "Some Post 0.973887001358", "parent_content_type": 8}}, {"pk": 24, "model": "blog.post", "fields": {"author": 1, "created": "2013-12-18T23:45:09.039Z", "is_active": true, "modified": "2013-12-18T23:45:09.039Z", "parent_id": 1, "title": "Some Post 0.0502533603682", "parent_content_type": 8}}, {"pk": 25, "model": "blog.post", "fields": {"author": 1, "created": "2013-12-18T23:45:09.386Z", "is_active": true, "modified": "2013-12-18T23:45:09.386Z", "parent_id": 1, "title": "Some Post 0.0507600142263", "parent_content_type": 8}}, {"pk": 26, "model": "blog.post", "fields": {"author": 1, "created": "2013-12-18T23:45:09.711Z", "is_active": true, "modified": "2013-12-18T23:45:09.711Z", "parent_id": 1, "title": "Some Post 0.367292641412", "parent_content_type": 8}}, {"pk": 27, "model": "blog.post", "fields": {"author": 1, "created": "2013-12-18T23:45:10.069Z", "is_active": true, "modified": "2013-12-18T23:45:10.069Z", "parent_id": 1, "title": "Some Post 0.213354365502", "parent_content_type": 8}}, {"pk": 28, "model": "blog.post", "fields": {"author": 1, "created": "2013-12-18T23:45:10.429Z", "is_active": true, "modified": "2013-12-18T23:45:10.429Z", "parent_id": 1, "title": "Some Post 0.773085776916", "parent_content_type": 8}}, {"pk": 29, "model": "blog.post", "fields": {"author": 1, "created": "2013-12-18T23:45:10.765Z", "is_active": true, "modified": "2013-12-18T23:45:10.765Z", "parent_id": 1, "title": "Some Post 0.495148032444", "parent_content_type": 8}}, {"pk": 30, "model": "blog.post", "fields": {"author": 1, "created": "2013-12-18T23:45:11.101Z", "is_active": true, "modified": "2013-12-18T23:45:11.101Z", "parent_id": 1, "title": "Some Post 0.143792750444", "parent_content_type": 8}}, {"pk": 31, "model": "blog.post", "fields": {"author": 1, "created": "2013-12-18T23:45:11.471Z", "is_active": true, "modified": "2013-12-18T23:45:11.471Z", "parent_id": 1, "title": "Some Post 0.660086584835", "parent_content_type": 8}}, {"pk": 32, "model": "blog.post", "fields": {"author": 1, "created": "2013-12-18T23:45:11.830Z", "is_active": true, "modified": "2013-12-18T23:45:11.830Z", "parent_id": 1, "title": "Some Post 0.600050757503", "parent_content_type": 8}}, {"pk": 33, "model": "blog.post", "fields": {"author": 1, "created": "2013-12-18T23:45:12.255Z", "is_active": true, "modified": "2013-12-18T23:45:12.255Z", "parent_id": 1, "title": "Some Post 0.759806181921", "parent_content_type": 8}}, {"pk": 34, "model": "blog.post", "fields": {"author": 1, "created": "2013-12-18T23:45:12.636Z", "is_active": true, "modified": "2013-12-18T23:45:12.636Z", "parent_id": 1, "title": "Some Post 0.162605283041", "parent_content_type": 8}}, {"pk": 35, "model": "blog.post", "fields": {"author": 1, "created": "2013-12-18T23:45:12.982Z", "is_active": true, "modified": "2013-12-18T23:45:12.982Z", "parent_id": 1, "title": "Some Post 0.305545860918", "parent_content_type": 8}}, {"pk": 36, "model": "blog.post", "fields": {"author": 1, "created": "2013-12-18T23:45:13.341Z", "is_active": true, "modified": "2013-12-18T23:45:13.341Z", "parent_id": 1, "title": "Some Post 0.641917563975", "parent_content_type": 8}}, {"pk": 37, "model": "blog.post", "fields": {"author": 1, "created": "2013-12-18T23:45:13.678Z", "is_active": true, "modified": "2013-12-18T23:45:13.678Z", "parent_id": 1, "title": "Some Post 0.802816409021", "parent_content_type": 8}}, {"pk": 38, "model": "blog.post", "fields": {"author": 1, "created": "2013-12-18T23:45:14.014Z", "is_active": true, "modified": "2013-12-18T23:45:14.014Z", "parent_id": 1, "title": "Some Post 0.347603867746", "parent_content_type": 8}}, {"pk": 39, "model": "blog.post", "fields": {"author": 1, "created": "2013-12-18T23:45:14.362Z", "is_active": true, "modified": "2013-12-18T23:45:14.362Z", "parent_id": 1, "title": "Some Post 0.703701857945", "parent_content_type": 8}}, {"pk": 40, "model": "blog.post", "fields": {"author": 1, "created": "2013-12-18T23:45:14.731Z", "is_active": true, "modified": "2013-12-18T23:45:14.731Z", "parent_id": 1, "title": "Some Post 0.384504246013", "parent_content_type": 8}}, {"pk": 41, "model": "blog.post", "fields": {"author": 1, "created": "2013-12-18T23:45:15.057Z", "is_active": true, "modified": "2013-12-18T23:45:15.057Z", "parent_id": 1, "title": "Some Post 0.0430223524221", "parent_content_type": 8}}, {"pk": 42, "model": "blog.post", "fields": {"author": 1, "created": "2013-12-18T23:45:15.394Z", "is_active": true, "modified": "2013-12-18T23:45:15.394Z", "parent_id": 1, "title": "Some Post 0.417572035455", "parent_content_type": 8}}, {"pk": 43, "model": "blog.post", "fields": {"author": 1, "created": "2013-12-18T23:45:15.752Z", "is_active": true, "modified": "2013-12-18T23:45:15.752Z", "parent_id": 1, "title": "Some Post 0.660841591367", "parent_content_type": 8}}, {"pk": 44, "model": "blog.post", "fields": {"author": 1, "created": "2013-12-18T23:45:16.121Z", "is_active": true, "modified": "2013-12-18T23:45:16.121Z", "parent_id": 1, "title": "Some Post 0.385716370865", "parent_content_type": 8}}, {"pk": 45, "model": "blog.post", "fields": {"author": 1, "created": "2013-12-18T23:45:16.447Z", "is_active": true, "modified": "2013-12-18T23:45:16.448Z", "parent_id": 1, "title": "Some Post 0.46248315265", "parent_content_type": 8}}, {"pk": 46, "model": "blog.post", "fields": {"author": 1, "created": "2013-12-18T23:45:16.784Z", "is_active": true, "modified": "2013-12-18T23:45:16.784Z", "parent_id": 1, "title": "Some Post 0.958771060413", "parent_content_type": 8}}, {"pk": 47, "model": "blog.post", "fields": {"author": 1, "created": "2013-12-18T23:45:17.220Z", "is_active": true, "modified": "2013-12-18T23:45:17.220Z", "parent_id": 1, "title": "Some Post 0.271042781692", "parent_content_type": 8}}, {"pk": 48, "model": "blog.post", "fields": {"author": 1, "created": "2013-12-18T23:45:17.578Z", "is_active": true, "modified": "2013-12-18T23:45:17.578Z", "parent_id": 1, "title": "Some Post 0.327252835368", "parent_content_type": 8}}, {"pk": 49, "model": "blog.post", "fields": {"author": 1, "created": "2013-12-18T23:45:17.893Z", "is_active": true, "modified": "2013-12-18T23:45:17.893Z", "parent_id": 1, "title": "Some Post 0.270084316424", "parent_content_type": 8}}, {"pk": 50, "model": "blog.post", "fields": {"author": 1, "created": "2013-12-18T23:45:18.240Z", "is_active": true, "modified": "2013-12-18T23:45:18.240Z", "parent_id": 1, "title": "Some Post 0.258740112556", "parent_content_type": 8}}, {"pk": 51, "model": "blog.post", "fields": {"author": 1, "created": "2013-12-18T23:45:18.687Z", "is_active": true, "modified": "2013-12-18T23:45:18.687Z", "parent_id": 1, "title": "Some Post 0.368781250187", "parent_content_type": 8}}, {"pk": 52, "model": "blog.post", "fields": {"author": 1, "created": "2013-12-18T23:45:19.252Z", "is_active": true, "modified": "2013-12-18T23:45:19.252Z", "parent_id": 1, "title": "Some Post 0.222605017623", "parent_content_type": 8}}, {"pk": 53, "model": "blog.post", "fields": {"author": 1, "created": "2013-12-18T23:45:19.594Z", "is_active": true, "modified": "2013-12-18T23:45:19.594Z", "parent_id": 1, "title": "Some Post 0.831241436215", "parent_content_type": 8}}, {"pk": 54, "model": "blog.post", "fields": {"author": 1, "created": "2013-12-18T23:45:19.950Z", "is_active": true, "modified": "2013-12-18T23:45:19.950Z", "parent_id": 1, "title": "Some Post 0.738044373128", "parent_content_type": 8}}, {"pk": 55, "model": "blog.post", "fields": {"author": 1, "created": "2013-12-18T23:45:20.322Z", "is_active": true, "modified": "2013-12-18T23:45:20.322Z", "parent_id": 1, "title": "Some Post 0.271288950854", "parent_content_type": 8}}, {"pk": 56, "model": "blog.post", "fields": {"author": 1, "created": "2013-12-18T23:45:20.647Z", "is_active": true, "modified": "2013-12-18T23:45:20.647Z", "parent_id": 1, "title": "Some Post 0.713146597995", "parent_content_type": 8}}, {"pk": 57, "model": "blog.post", "fields": {"author": 1, "created": "2013-12-18T23:45:20.973Z", "is_active": true, "modified": "2013-12-18T23:45:20.973Z", "parent_id": 1, "title": "Some Post 0.629920257655", "parent_content_type": 8}}, {"pk": 58, "model": "blog.post", "fields": {"author": 1, "created": "2013-12-18T23:45:21.343Z", "is_active": true, "modified": "2013-12-18T23:45:21.343Z", "parent_id": 1, "title": "Some Post 0.833355346296", "parent_content_type": 8}}, {"pk": 59, "model": "blog.post", "fields": {"author": 1, "created": "2013-12-18T23:45:21.712Z", "is_active": true, "modified": "2013-12-18T23:45:21.712Z", "parent_id": 1, "title": "Some Post 0.51445029544", "parent_content_type": 8}}, {"pk": 60, "model": "blog.post", "fields": {"author": 1, "created": "2013-12-18T23:45:22.082Z", "is_active": true, "modified": "2013-12-18T23:45:22.082Z", "parent_id": 1, "title": "Some Post 0.995289284287", "parent_content_type": 8}}, {"pk": 61, "model": "blog.post", "fields": {"author": 1, "created": "2013-12-18T23:45:22.419Z", "is_active": true, "modified": "2013-12-18T23:45:22.419Z", "parent_id": 1, "title": "Some Post 0.2039495744", "parent_content_type": 8}}, {"pk": 62, "model": "blog.post", "fields": {"author": 1, "created": "2013-12-18T23:45:22.789Z", "is_active": true, "modified": "2013-12-18T23:45:22.789Z", "parent_id": 1, "title": "Some Post 0.979013251692", "parent_content_type": 8}}]