[{"pk": 1, "model": "contenttypes.contenttype", "fields": {"model": "logentry", "name": "log entry", "app_label": "admin"}}, {"pk": 2, "model": "contenttypes.contenttype", "fields": {"model": "permission", "name": "permission", "app_label": "auth"}}, {"pk": 3, "model": "contenttypes.contenttype", "fields": {"model": "group", "name": "group", "app_label": "auth"}}, {"pk": 4, "model": "contenttypes.contenttype", "fields": {"model": "user", "name": "user", "app_label": "auth"}}, {"pk": 5, "model": "contenttypes.contenttype", "fields": {"model": "contenttype", "name": "content type", "app_label": "contenttypes"}}, {"pk": 6, "model": "contenttypes.contenttype", "fields": {"model": "session", "name": "session", "app_label": "sessions"}}, {"pk": 7, "model": "contenttypes.contenttype", "fields": {"model": "token", "name": "token", "app_label": "authtoken"}}, {"pk": 8, "model": "contenttypes.contenttype", "fields": {"model": "whitelist", "name": "white list", "app_label": "blog"}}, {"pk": 9, "model": "contenttypes.contenttype", "fields": {"model": "blog", "name": "blog", "app_label": "blog"}}, {"pk": 10, "model": "contenttypes.contenttype", "fields": {"model": "post", "name": "post", "app_label": "blog"}}, {"pk": 11, "model": "contenttypes.contenttype", "fields": {"model": "edition", "name": "edition", "app_label": "blog"}}, {"pk": 12, "model": "contenttypes.contenttype", "fields": {"model": "sentence", "name": "sentence", "app_label": "blog"}}, {"pk": 13, "model": "contenttypes.contenttype", "fields": {"model": "text", "name": "text", "app_label": "blog"}}, {"pk": 14, "model": "contenttypes.contenttype", "fields": {"model": "paragraph", "name": "paragraph", "app_label": "blog"}}, {"pk": 1, "model": "blog.edition", "fields": {"parent": 1, "created": "2014-01-11T02:25:23.676Z"}}, {"pk": 2, "model": "blog.edition", "fields": {"parent": 2, "created": "2014-01-11T02:25:27.775Z"}}, {"pk": 3, "model": "blog.edition", "fields": {"parent": 3, "created": "2014-01-11T02:25:30.921Z"}}, {"pk": 4, "model": "blog.edition", "fields": {"parent": 4, "created": "2014-01-11T02:25:35.801Z"}}, {"pk": 5, "model": "blog.edition", "fields": {"parent": 5, "created": "2014-01-11T02:25:42.872Z"}}, {"pk": 6, "model": "blog.edition", "fields": {"parent": 6, "created": "2014-01-11T02:25:48.490Z"}}, {"pk": 7, "model": "blog.edition", "fields": {"parent": 7, "created": "2014-01-11T02:25:53.413Z"}}, {"pk": 8, "model": "blog.edition", "fields": {"parent": 8, "created": "2014-01-11T02:25:55.632Z"}}, {"pk": 9, "model": "blog.edition", "fields": {"parent": 9, "created": "2014-01-11T02:26:01.788Z"}}, {"pk": 10, "model": "blog.edition", "fields": {"parent": 10, "created": "2014-01-11T02:26:08.076Z"}}, {"pk": 11, "model": "blog.edition", "fields": {"parent": 11, "created": "2014-01-11T02:26:12.923Z"}}, {"pk": 12, "model": "blog.edition", "fields": {"parent": 12, "created": "2014-01-11T02:26:15.452Z"}}, {"pk": 13, "model": "blog.edition", "fields": {"parent": 13, "created": "2014-01-11T02:26:18.854Z"}}, {"pk": 14, "model": "blog.edition", "fields": {"parent": 14, "created": "2014-01-11T02:26:21.548Z"}}, {"pk": 15, "model": "blog.edition", "fields": {"parent": 15, "created": "2014-01-11T02:26:24.402Z"}}, {"pk": 16, "model": "blog.edition", "fields": {"parent": 16, "created": "2014-01-11T02:26:26.864Z"}}, {"pk": 17, "model": "blog.edition", "fields": {"parent": 17, "created": "2014-01-11T02:26:29.785Z"}}, {"pk": 18, "model": "blog.edition", "fields": {"parent": 18, "created": "2014-01-11T02:26:32.439Z"}}, {"pk": 1, "model": "blog.sentence", "fields": {"number_posts": 1, "previous_version": null, "ordering": 1.0, "text": 1, "edition": 1, "paragraph": 1, "mode": "t"}}, {"pk": 2, "model": "blog.sentence", "fields": {"number_posts": 1, "previous_version": null, "ordering": 2.0, "text": 2, "edition": 1, "paragraph": 1, "mode": "t"}}, {"pk": 3, "model": "blog.sentence", "fields": {"number_posts": 1, "previous_version": null, "ordering": 3.0, "text": 3, "edition": 1, "paragraph": 1, "mode": "t"}}, {"pk": 4, "model": "blog.sentence", "fields": {"number_posts": 0, "previous_version": null, "ordering": 4.0, "text": 4, "edition": 1, "paragraph": 1, "mode": "t"}}, {"pk": 5, "model": "blog.sentence", "fields": {"number_posts": 0, "previous_version": null, "ordering": 5.0, "text": 5, "edition": 1, "paragraph": 1, "mode": "t"}}, {"pk": 6, "model": "blog.sentence", "fields": {"number_posts": 0, "previous_version": null, "ordering": 6.0, "text": 6, "edition": 1, "paragraph": 1, "mode": "t"}}, {"pk": 7, "model": "blog.sentence", "fields": {"number_posts": 0, "previous_version": null, "ordering": 7.0, "text": 7, "edition": 1, "paragraph": 2, "mode": "t"}}, {"pk": 8, "model": "blog.sentence", "fields": {"number_posts": 0, "previous_version": null, "ordering": 8.0, "text": 1, "edition": 1, "paragraph": 2, "mode": "t"}}, {"pk": 9, "model": "blog.sentence", "fields": {"number_posts": 0, "previous_version": null, "ordering": 9.0, "text": 7, "edition": 1, "paragraph": 2, "mode": "t"}}, {"pk": 10, "model": "blog.sentence", "fields": {"number_posts": 0, "previous_version": null, "ordering": 10.0, "text": 4, "edition": 1, "paragraph": 2, "mode": "t"}}, {"pk": 11, "model": "blog.sentence", "fields": {"number_posts": 0, "previous_version": null, "ordering": 1.0, "text": 6, "edition": 2, "paragraph": 3, "mode": "t"}}, {"pk": 12, "model": "blog.sentence", "fields": {"number_posts": 0, "previous_version": null, "ordering": 2.0, "text": 7, "edition": 2, "paragraph": 3, "mode": "t"}}, {"pk": 13, "model": "blog.sentence", "fields": {"number_posts": 0, "previous_version": null, "ordering": 3.0, "text": 6, "edition": 2, "paragraph": 3, "mode": "t"}}, {"pk": 14, "model": "blog.sentence", "fields": {"number_posts": 0, "previous_version": null, "ordering": 4.0, "text": 7, "edition": 2, "paragraph": 3, "mode": "t"}}, {"pk": 15, "model": "blog.sentence", "fields": {"number_posts": 0, "previous_version": null, "ordering": 5.0, "text": 3, "edition": 2, "paragraph": 3, "mode": "t"}}, {"pk": 16, "model": "blog.sentence", "fields": {"number_posts": 1, "previous_version": null, "ordering": 6.0, "text": 8, "edition": 2, "paragraph": 3, "mode": "t"}}, {"pk": 17, "model": "blog.sentence", "fields": {"number_posts": 0, "previous_version": null, "ordering": 7.0, "text": 4, "edition": 2, "paragraph": 4, "mode": "t"}}, {"pk": 18, "model": "blog.sentence", "fields": {"number_posts": 0, "previous_version": null, "ordering": 8.0, "text": 6, "edition": 2, "paragraph": 4, "mode": "t"}}, {"pk": 19, "model": "blog.sentence", "fields": {"number_posts": 0, "previous_version": null, "ordering": 9.0, "text": 8, "edition": 2, "paragraph": 4, "mode": "t"}}, {"pk": 20, "model": "blog.sentence", "fields": {"number_posts": 0, "previous_version": null, "ordering": 10.0, "text": 7, "edition": 2, "paragraph": 4, "mode": "t"}}, {"pk": 21, "model": "blog.sentence", "fields": {"number_posts": 0, "previous_version": null, "ordering": 1.0, "text": 4, "edition": 3, "paragraph": 5, "mode": "t"}}, {"pk": 22, "model": "blog.sentence", "fields": {"number_posts": 0, "previous_version": null, "ordering": 2.0, "text": 4, "edition": 3, "paragraph": 5, "mode": "t"}}, {"pk": 23, "model": "blog.sentence", "fields": {"number_posts": 0, "previous_version": null, "ordering": 3.0, "text": 9, "edition": 3, "paragraph": 5, "mode": "t"}}, {"pk": 24, "model": "blog.sentence", "fields": {"number_posts": 0, "previous_version": null, "ordering": 4.0, "text": 9, "edition": 3, "paragraph": 5, "mode": "t"}}, {"pk": 25, "model": "blog.sentence", "fields": {"number_posts": 0, "previous_version": null, "ordering": 5.0, "text": 7, "edition": 3, "paragraph": 5, "mode": "t"}}, {"pk": 26, "model": "blog.sentence", "fields": {"number_posts": 0, "previous_version": null, "ordering": 6.0, "text": 1, "edition": 3, "paragraph": 5, "mode": "t"}}, {"pk": 27, "model": "blog.sentence", "fields": {"number_posts": 0, "previous_version": null, "ordering": 7.0, "text": 10, "edition": 3, "paragraph": 5, "mode": "t"}}, {"pk": 28, "model": "blog.sentence", "fields": {"number_posts": 0, "previous_version": null, "ordering": 8.0, "text": 9, "edition": 3, "paragraph": 5, "mode": "t"}}, {"pk": 29, "model": "blog.sentence", "fields": {"number_posts": 0, "previous_version": null, "ordering": 9.0, "text": 7, "edition": 3, "paragraph": 5, "mode": "t"}}, {"pk": 30, "model": "blog.sentence", "fields": {"number_posts": 0, "previous_version": null, "ordering": 10.0, "text": 11, "edition": 3, "paragraph": 6, "mode": "t"}}, {"pk": 31, "model": "blog.sentence", "fields": {"number_posts": 0, "previous_version": null, "ordering": 11.0, "text": 12, "edition": 3, "paragraph": 6, "mode": "t"}}, {"pk": 32, "model": "blog.sentence", "fields": {"number_posts": 0, "previous_version": null, "ordering": 12.0, "text": 8, "edition": 3, "paragraph": 6, "mode": "t"}}, {"pk": 33, "model": "blog.sentence", "fields": {"number_posts": 0, "previous_version": null, "ordering": 13.0, "text": 9, "edition": 3, "paragraph": 6, "mode": "t"}}, {"pk": 34, "model": "blog.sentence", "fields": {"number_posts": 0, "previous_version": null, "ordering": 14.0, "text": 10, "edition": 3, "paragraph": 6, "mode": "t"}}, {"pk": 35, "model": "blog.sentence", "fields": {"number_posts": 0, "previous_version": null, "ordering": 15.0, "text": 12, "edition": 3, "paragraph": 6, "mode": "t"}}, {"pk": 36, "model": "blog.sentence", "fields": {"number_posts": 0, "previous_version": null, "ordering": 16.0, "text": 5, "edition": 3, "paragraph": 6, "mode": "t"}}, {"pk": 37, "model": "blog.sentence", "fields": {"number_posts": 0, "previous_version": null, "ordering": 1.0, "text": 13, "edition": 4, "paragraph": 7, "mode": "t"}}, {"pk": 38, "model": "blog.sentence", "fields": {"number_posts": 0, "previous_version": null, "ordering": 2.0, "text": 1, "edition": 4, "paragraph": 7, "mode": "t"}}, {"pk": 39, "model": "blog.sentence", "fields": {"number_posts": 0, "previous_version": null, "ordering": 3.0, "text": 14, "edition": 4, "paragraph": 7, "mode": "t"}}, {"pk": 40, "model": "blog.sentence", "fields": {"number_posts": 0, "previous_version": null, "ordering": 4.0, "text": 15, "edition": 4, "paragraph": 7, "mode": "t"}}, {"pk": 41, "model": "blog.sentence", "fields": {"number_posts": 0, "previous_version": null, "ordering": 5.0, "text": 4, "edition": 4, "paragraph": 7, "mode": "t"}}, {"pk": 42, "model": "blog.sentence", "fields": {"number_posts": 0, "previous_version": null, "ordering": 6.0, "text": 16, "edition": 4, "paragraph": 7, "mode": "t"}}, {"pk": 43, "model": "blog.sentence", "fields": {"number_posts": 0, "previous_version": null, "ordering": 7.0, "text": 8, "edition": 4, "paragraph": 7, "mode": "t"}}, {"pk": 44, "model": "blog.sentence", "fields": {"number_posts": 0, "previous_version": null, "ordering": 8.0, "text": 3, "edition": 4, "paragraph": 7, "mode": "t"}}, {"pk": 45, "model": "blog.sentence", "fields": {"number_posts": 0, "previous_version": null, "ordering": 9.0, "text": 8, "edition": 4, "paragraph": 7, "mode": "t"}}, {"pk": 46, "model": "blog.sentence", "fields": {"number_posts": 0, "previous_version": null, "ordering": 10.0, "text": 17, "edition": 4, "paragraph": 7, "mode": "t"}}, {"pk": 47, "model": "blog.sentence", "fields": {"number_posts": 0, "previous_version": null, "ordering": 11.0, "text": 7, "edition": 4, "paragraph": 7, "mode": "t"}}, {"pk": 48, "model": "blog.sentence", "fields": {"number_posts": 0, "previous_version": null, "ordering": 12.0, "text": 1, "edition": 4, "paragraph": 8, "mode": "t"}}, {"pk": 49, "model": "blog.sentence", "fields": {"number_posts": 0, "previous_version": null, "ordering": 13.0, "text": 2, "edition": 4, "paragraph": 8, "mode": "t"}}, {"pk": 50, "model": "blog.sentence", "fields": {"number_posts": 0, "previous_version": null, "ordering": 14.0, "text": 9, "edition": 4, "paragraph": 8, "mode": "t"}}, {"pk": 51, "model": "blog.sentence", "fields": {"number_posts": 0, "previous_version": null, "ordering": 15.0, "text": 18, "edition": 4, "paragraph": 8, "mode": "t"}}, {"pk": 52, "model": "blog.sentence", "fields": {"number_posts": 0, "previous_version": null, "ordering": 16.0, "text": 10, "edition": 4, "paragraph": 8, "mode": "t"}}, {"pk": 53, "model": "blog.sentence", "fields": {"number_posts": 0, "previous_version": null, "ordering": 17.0, "text": 19, "edition": 4, "paragraph": 8, "mode": "t"}}, {"pk": 54, "model": "blog.sentence", "fields": {"number_posts": 0, "previous_version": null, "ordering": 18.0, "text": 15, "edition": 4, "paragraph": 8, "mode": "t"}}, {"pk": 55, "model": "blog.sentence", "fields": {"number_posts": 0, "previous_version": null, "ordering": 19.0, "text": 11, "edition": 4, "paragraph": 8, "mode": "t"}}, {"pk": 56, "model": "blog.sentence", "fields": {"number_posts": 0, "previous_version": null, "ordering": 20.0, "text": 19, "edition": 4, "paragraph": 8, "mode": "t"}}, {"pk": 57, "model": "blog.sentence", "fields": {"number_posts": 0, "previous_version": null, "ordering": 21.0, "text": 4, "edition": 4, "paragraph": 8, "mode": "t"}}, {"pk": 58, "model": "blog.sentence", "fields": {"number_posts": 0, "previous_version": null, "ordering": 1.0, "text": 8, "edition": 5, "paragraph": 9, "mode": "t"}}, {"pk": 59, "model": "blog.sentence", "fields": {"number_posts": 0, "previous_version": null, "ordering": 2.0, "text": 20, "edition": 5, "paragraph": 9, "mode": "t"}}, {"pk": 60, "model": "blog.sentence", "fields": {"number_posts": 0, "previous_version": null, "ordering": 3.0, "text": 7, "edition": 5, "paragraph": 9, "mode": "t"}}, {"pk": 61, "model": "blog.sentence", "fields": {"number_posts": 0, "previous_version": null, "ordering": 4.0, "text": 6, "edition": 5, "paragraph": 9, "mode": "t"}}, {"pk": 62, "model": "blog.sentence", "fields": {"number_posts": 0, "previous_version": null, "ordering": 5.0, "text": 17, "edition": 5, "paragraph": 9, "mode": "t"}}, {"pk": 63, "model": "blog.sentence", "fields": {"number_posts": 0, "previous_version": null, "ordering": 6.0, "text": 9, "edition": 5, "paragraph": 9, "mode": "t"}}, {"pk": 64, "model": "blog.sentence", "fields": {"number_posts": 0, "previous_version": null, "ordering": 7.0, "text": 2, "edition": 5, "paragraph": 9, "mode": "t"}}, {"pk": 65, "model": "blog.sentence", "fields": {"number_posts": 0, "previous_version": null, "ordering": 8.0, "text": 9, "edition": 5, "paragraph": 9, "mode": "t"}}, {"pk": 66, "model": "blog.sentence", "fields": {"number_posts": 0, "previous_version": null, "ordering": 9.0, "text": 7, "edition": 5, "paragraph": 10, "mode": "t"}}, {"pk": 67, "model": "blog.sentence", "fields": {"number_posts": 0, "previous_version": null, "ordering": 10.0, "text": 10, "edition": 5, "paragraph": 10, "mode": "t"}}, {"pk": 68, "model": "blog.sentence", "fields": {"number_posts": 0, "previous_version": null, "ordering": 11.0, "text": 6, "edition": 5, "paragraph": 10, "mode": "t"}}, {"pk": 69, "model": "blog.sentence", "fields": {"number_posts": 0, "previous_version": null, "ordering": 12.0, "text": 11, "edition": 5, "paragraph": 10, "mode": "t"}}, {"pk": 70, "model": "blog.sentence", "fields": {"number_posts": 0, "previous_version": null, "ordering": 13.0, "text": 17, "edition": 5, "paragraph": 10, "mode": "t"}}, {"pk": 71, "model": "blog.sentence", "fields": {"number_posts": 0, "previous_version": null, "ordering": 14.0, "text": 10, "edition": 5, "paragraph": 10, "mode": "t"}}, {"pk": 72, "model": "blog.sentence", "fields": {"number_posts": 0, "previous_version": null, "ordering": 1.0, "text": 5, "edition": 6, "paragraph": 11, "mode": "t"}}, {"pk": 73, "model": "blog.sentence", "fields": {"number_posts": 0, "previous_version": null, "ordering": 2.0, "text": 13, "edition": 6, "paragraph": 11, "mode": "t"}}, {"pk": 74, "model": "blog.sentence", "fields": {"number_posts": 0, "previous_version": null, "ordering": 3.0, "text": 2, "edition": 6, "paragraph": 11, "mode": "t"}}, {"pk": 75, "model": "blog.sentence", "fields": {"number_posts": 0, "previous_version": null, "ordering": 4.0, "text": 14, "edition": 6, "paragraph": 11, "mode": "t"}}, {"pk": 76, "model": "blog.sentence", "fields": {"number_posts": 0, "previous_version": null, "ordering": 5.0, "text": 7, "edition": 6, "paragraph": 11, "mode": "t"}}, {"pk": 77, "model": "blog.sentence", "fields": {"number_posts": 0, "previous_version": null, "ordering": 6.0, "text": 12, "edition": 6, "paragraph": 11, "mode": "t"}}, {"pk": 78, "model": "blog.sentence", "fields": {"number_posts": 0, "previous_version": null, "ordering": 7.0, "text": 11, "edition": 6, "paragraph": 11, "mode": "t"}}, {"pk": 79, "model": "blog.sentence", "fields": {"number_posts": 0, "previous_version": null, "ordering": 8.0, "text": 16, "edition": 6, "paragraph": 11, "mode": "t"}}, {"pk": 80, "model": "blog.sentence", "fields": {"number_posts": 0, "previous_version": null, "ordering": 9.0, "text": 21, "edition": 6, "paragraph": 11, "mode": "t"}}, {"pk": 81, "model": "blog.sentence", "fields": {"number_posts": 0, "previous_version": null, "ordering": 10.0, "text": 20, "edition": 6, "paragraph": 11, "mode": "t"}}, {"pk": 82, "model": "blog.sentence", "fields": {"number_posts": 0, "previous_version": null, "ordering": 11.0, "text": 16, "edition": 6, "paragraph": 12, "mode": "t"}}, {"pk": 83, "model": "blog.sentence", "fields": {"number_posts": 0, "previous_version": null, "ordering": 12.0, "text": 10, "edition": 6, "paragraph": 12, "mode": "t"}}, {"pk": 84, "model": "blog.sentence", "fields": {"number_posts": 0, "previous_version": null, "ordering": 13.0, "text": 7, "edition": 6, "paragraph": 12, "mode": "t"}}, {"pk": 85, "model": "blog.sentence", "fields": {"number_posts": 0, "previous_version": null, "ordering": 14.0, "text": 6, "edition": 6, "paragraph": 12, "mode": "t"}}, {"pk": 86, "model": "blog.sentence", "fields": {"number_posts": 0, "previous_version": null, "ordering": 15.0, "text": 20, "edition": 6, "paragraph": 12, "mode": "t"}}, {"pk": 87, "model": "blog.sentence", "fields": {"number_posts": 0, "previous_version": null, "ordering": 16.0, "text": 12, "edition": 6, "paragraph": 12, "mode": "t"}}, {"pk": 88, "model": "blog.sentence", "fields": {"number_posts": 0, "previous_version": null, "ordering": 17.0, "text": 11, "edition": 6, "paragraph": 12, "mode": "t"}}, {"pk": 89, "model": "blog.sentence", "fields": {"number_posts": 0, "previous_version": null, "ordering": 18.0, "text": 2, "edition": 6, "paragraph": 12, "mode": "t"}}, {"pk": 90, "model": "blog.sentence", "fields": {"number_posts": 0, "previous_version": null, "ordering": 1.0, "text": 2, "edition": 7, "paragraph": 13, "mode": "t"}}, {"pk": 91, "model": "blog.sentence", "fields": {"number_posts": 0, "previous_version": null, "ordering": 2.0, "text": 8, "edition": 7, "paragraph": 13, "mode": "t"}}, {"pk": 92, "model": "blog.sentence", "fields": {"number_posts": 0, "previous_version": null, "ordering": 3.0, "text": 4, "edition": 7, "paragraph": 13, "mode": "t"}}, {"pk": 93, "model": "blog.sentence", "fields": {"number_posts": 0, "previous_version": null, "ordering": 4.0, "text": 7, "edition": 7, "paragraph": 13, "mode": "t"}}, {"pk": 94, "model": "blog.sentence", "fields": {"number_posts": 0, "previous_version": null, "ordering": 5.0, "text": 8, "edition": 7, "paragraph": 14, "mode": "t"}}, {"pk": 95, "model": "blog.sentence", "fields": {"number_posts": 0, "previous_version": null, "ordering": 6.0, "text": 10, "edition": 7, "paragraph": 14, "mode": "t"}}, {"pk": 96, "model": "blog.sentence", "fields": {"number_posts": 0, "previous_version": null, "ordering": 7.0, "text": 4, "edition": 7, "paragraph": 14, "mode": "t"}}, {"pk": 97, "model": "blog.sentence", "fields": {"number_posts": 0, "previous_version": null, "ordering": 1.0, "text": 22, "edition": 8, "paragraph": 15, "mode": "t"}}, {"pk": 98, "model": "blog.sentence", "fields": {"number_posts": 0, "previous_version": null, "ordering": 2.0, "text": 9, "edition": 8, "paragraph": 15, "mode": "t"}}, {"pk": 99, "model": "blog.sentence", "fields": {"number_posts": 0, "previous_version": null, "ordering": 3.0, "text": 11, "edition": 8, "paragraph": 15, "mode": "t"}}, {"pk": 100, "model": "blog.sentence", "fields": {"number_posts": 0, "previous_version": null, "ordering": 4.0, "text": 21, "edition": 8, "paragraph": 15, "mode": "t"}}, {"pk": 101, "model": "blog.sentence", "fields": {"number_posts": 0, "previous_version": null, "ordering": 5.0, "text": 11, "edition": 8, "paragraph": 15, "mode": "t"}}, {"pk": 102, "model": "blog.sentence", "fields": {"number_posts": 0, "previous_version": null, "ordering": 6.0, "text": 7, "edition": 8, "paragraph": 15, "mode": "t"}}, {"pk": 103, "model": "blog.sentence", "fields": {"number_posts": 0, "previous_version": null, "ordering": 7.0, "text": 18, "edition": 8, "paragraph": 15, "mode": "t"}}, {"pk": 104, "model": "blog.sentence", "fields": {"number_posts": 0, "previous_version": null, "ordering": 8.0, "text": 23, "edition": 8, "paragraph": 15, "mode": "t"}}, {"pk": 105, "model": "blog.sentence", "fields": {"number_posts": 0, "previous_version": null, "ordering": 9.0, "text": 18, "edition": 8, "paragraph": 15, "mode": "t"}}, {"pk": 106, "model": "blog.sentence", "fields": {"number_posts": 0, "previous_version": null, "ordering": 10.0, "text": 2, "edition": 8, "paragraph": 15, "mode": "t"}}, {"pk": 107, "model": "blog.sentence", "fields": {"number_posts": 0, "previous_version": null, "ordering": 11.0, "text": 23, "edition": 8, "paragraph": 15, "mode": "t"}}, {"pk": 108, "model": "blog.sentence", "fields": {"number_posts": 0, "previous_version": null, "ordering": 12.0, "text": 11, "edition": 8, "paragraph": 15, "mode": "t"}}, {"pk": 109, "model": "blog.sentence", "fields": {"number_posts": 0, "previous_version": null, "ordering": 13.0, "text": 4, "edition": 8, "paragraph": 15, "mode": "t"}}, {"pk": 110, "model": "blog.sentence", "fields": {"number_posts": 0, "previous_version": null, "ordering": 14.0, "text": 22, "edition": 8, "paragraph": 16, "mode": "t"}}, {"pk": 111, "model": "blog.sentence", "fields": {"number_posts": 0, "previous_version": null, "ordering": 15.0, "text": 12, "edition": 8, "paragraph": 16, "mode": "t"}}, {"pk": 112, "model": "blog.sentence", "fields": {"number_posts": 0, "previous_version": null, "ordering": 16.0, "text": 2, "edition": 8, "paragraph": 16, "mode": "t"}}, {"pk": 113, "model": "blog.sentence", "fields": {"number_posts": 0, "previous_version": null, "ordering": 17.0, "text": 3, "edition": 8, "paragraph": 16, "mode": "t"}}, {"pk": 114, "model": "blog.sentence", "fields": {"number_posts": 0, "previous_version": null, "ordering": 18.0, "text": 18, "edition": 8, "paragraph": 16, "mode": "t"}}, {"pk": 115, "model": "blog.sentence", "fields": {"number_posts": 0, "previous_version": null, "ordering": 19.0, "text": 14, "edition": 8, "paragraph": 16, "mode": "t"}}, {"pk": 116, "model": "blog.sentence", "fields": {"number_posts": 0, "previous_version": null, "ordering": 20.0, "text": 13, "edition": 8, "paragraph": 16, "mode": "t"}}, {"pk": 117, "model": "blog.sentence", "fields": {"number_posts": 0, "previous_version": null, "ordering": 21.0, "text": 15, "edition": 8, "paragraph": 16, "mode": "t"}}, {"pk": 118, "model": "blog.sentence", "fields": {"number_posts": 0, "previous_version": null, "ordering": 22.0, "text": 19, "edition": 8, "paragraph": 16, "mode": "t"}}, {"pk": 119, "model": "blog.sentence", "fields": {"number_posts": 0, "previous_version": null, "ordering": 23.0, "text": 9, "edition": 8, "paragraph": 16, "mode": "t"}}, {"pk": 120, "model": "blog.sentence", "fields": {"number_posts": 0, "previous_version": null, "ordering": 24.0, "text": 15, "edition": 8, "paragraph": 16, "mode": "t"}}, {"pk": 121, "model": "blog.sentence", "fields": {"number_posts": 0, "previous_version": null, "ordering": 1.0, "text": 13, "edition": 9, "paragraph": 17, "mode": "t"}}, {"pk": 122, "model": "blog.sentence", "fields": {"number_posts": 0, "previous_version": null, "ordering": 2.0, "text": 1, "edition": 9, "paragraph": 17, "mode": "t"}}, {"pk": 123, "model": "blog.sentence", "fields": {"number_posts": 0, "previous_version": null, "ordering": 3.0, "text": 22, "edition": 9, "paragraph": 17, "mode": "t"}}, {"pk": 124, "model": "blog.sentence", "fields": {"number_posts": 0, "previous_version": null, "ordering": 4.0, "text": 21, "edition": 9, "paragraph": 17, "mode": "t"}}, {"pk": 125, "model": "blog.sentence", "fields": {"number_posts": 0, "previous_version": null, "ordering": 5.0, "text": 9, "edition": 9, "paragraph": 17, "mode": "t"}}, {"pk": 126, "model": "blog.sentence", "fields": {"number_posts": 0, "previous_version": null, "ordering": 6.0, "text": 1, "edition": 9, "paragraph": 17, "mode": "t"}}, {"pk": 127, "model": "blog.sentence", "fields": {"number_posts": 0, "previous_version": null, "ordering": 7.0, "text": 22, "edition": 9, "paragraph": 17, "mode": "t"}}, {"pk": 128, "model": "blog.sentence", "fields": {"number_posts": 0, "previous_version": null, "ordering": 8.0, "text": 6, "edition": 9, "paragraph": 17, "mode": "t"}}, {"pk": 129, "model": "blog.sentence", "fields": {"number_posts": 0, "previous_version": null, "ordering": 9.0, "text": 5, "edition": 9, "paragraph": 17, "mode": "t"}}, {"pk": 130, "model": "blog.sentence", "fields": {"number_posts": 0, "previous_version": null, "ordering": 10.0, "text": 13, "edition": 9, "paragraph": 17, "mode": "t"}}, {"pk": 131, "model": "blog.sentence", "fields": {"number_posts": 0, "previous_version": null, "ordering": 11.0, "text": 8, "edition": 9, "paragraph": 17, "mode": "t"}}, {"pk": 132, "model": "blog.sentence", "fields": {"number_posts": 0, "previous_version": null, "ordering": 12.0, "text": 22, "edition": 9, "paragraph": 17, "mode": "t"}}, {"pk": 133, "model": "blog.sentence", "fields": {"number_posts": 0, "previous_version": null, "ordering": 13.0, "text": 1, "edition": 9, "paragraph": 17, "mode": "t"}}, {"pk": 134, "model": "blog.sentence", "fields": {"number_posts": 0, "previous_version": null, "ordering": 14.0, "text": 10, "edition": 9, "paragraph": 18, "mode": "t"}}, {"pk": 135, "model": "blog.sentence", "fields": {"number_posts": 0, "previous_version": null, "ordering": 15.0, "text": 9, "edition": 9, "paragraph": 18, "mode": "t"}}, {"pk": 136, "model": "blog.sentence", "fields": {"number_posts": 0, "previous_version": null, "ordering": 16.0, "text": 3, "edition": 9, "paragraph": 18, "mode": "t"}}, {"pk": 137, "model": "blog.sentence", "fields": {"number_posts": 0, "previous_version": null, "ordering": 17.0, "text": 14, "edition": 9, "paragraph": 18, "mode": "t"}}, {"pk": 138, "model": "blog.sentence", "fields": {"number_posts": 0, "previous_version": null, "ordering": 18.0, "text": 16, "edition": 9, "paragraph": 18, "mode": "t"}}, {"pk": 139, "model": "blog.sentence", "fields": {"number_posts": 0, "previous_version": null, "ordering": 19.0, "text": 16, "edition": 9, "paragraph": 18, "mode": "t"}}, {"pk": 140, "model": "blog.sentence", "fields": {"number_posts": 0, "previous_version": null, "ordering": 20.0, "text": 15, "edition": 9, "paragraph": 18, "mode": "t"}}, {"pk": 141, "model": "blog.sentence", "fields": {"number_posts": 0, "previous_version": null, "ordering": 21.0, "text": 15, "edition": 9, "paragraph": 18, "mode": "t"}}, {"pk": 142, "model": "blog.sentence", "fields": {"number_posts": 0, "previous_version": null, "ordering": 22.0, "text": 13, "edition": 9, "paragraph": 18, "mode": "t"}}, {"pk": 143, "model": "blog.sentence", "fields": {"number_posts": 0, "previous_version": null, "ordering": 23.0, "text": 17, "edition": 9, "paragraph": 18, "mode": "t"}}, {"pk": 144, "model": "blog.sentence", "fields": {"number_posts": 0, "previous_version": null, "ordering": 24.0, "text": 16, "edition": 9, "paragraph": 18, "mode": "t"}}, {"pk": 145, "model": "blog.sentence", "fields": {"number_posts": 0, "previous_version": null, "ordering": 1.0, "text": 21, "edition": 10, "paragraph": 19, "mode": "t"}}, {"pk": 146, "model": "blog.sentence", "fields": {"number_posts": 0, "previous_version": null, "ordering": 2.0, "text": 12, "edition": 10, "paragraph": 19, "mode": "t"}}, {"pk": 147, "model": "blog.sentence", "fields": {"number_posts": 0, "previous_version": null, "ordering": 3.0, "text": 12, "edition": 10, "paragraph": 19, "mode": "t"}}, {"pk": 148, "model": "blog.sentence", "fields": {"number_posts": 0, "previous_version": null, "ordering": 4.0, "text": 14, "edition": 10, "paragraph": 19, "mode": "t"}}, {"pk": 149, "model": "blog.sentence", "fields": {"number_posts": 0, "previous_version": null, "ordering": 5.0, "text": 7, "edition": 10, "paragraph": 19, "mode": "t"}}, {"pk": 150, "model": "blog.sentence", "fields": {"number_posts": 0, "previous_version": null, "ordering": 6.0, "text": 16, "edition": 10, "paragraph": 19, "mode": "t"}}, {"pk": 151, "model": "blog.sentence", "fields": {"number_posts": 0, "previous_version": null, "ordering": 7.0, "text": 11, "edition": 10, "paragraph": 19, "mode": "t"}}, {"pk": 152, "model": "blog.sentence", "fields": {"number_posts": 0, "previous_version": null, "ordering": 8.0, "text": 8, "edition": 10, "paragraph": 19, "mode": "t"}}, {"pk": 153, "model": "blog.sentence", "fields": {"number_posts": 0, "previous_version": null, "ordering": 9.0, "text": 17, "edition": 10, "paragraph": 19, "mode": "t"}}, {"pk": 154, "model": "blog.sentence", "fields": {"number_posts": 0, "previous_version": null, "ordering": 10.0, "text": 17, "edition": 10, "paragraph": 19, "mode": "t"}}, {"pk": 155, "model": "blog.sentence", "fields": {"number_posts": 0, "previous_version": null, "ordering": 11.0, "text": 20, "edition": 10, "paragraph": 20, "mode": "t"}}, {"pk": 156, "model": "blog.sentence", "fields": {"number_posts": 0, "previous_version": null, "ordering": 12.0, "text": 17, "edition": 10, "paragraph": 20, "mode": "t"}}, {"pk": 157, "model": "blog.sentence", "fields": {"number_posts": 0, "previous_version": null, "ordering": 13.0, "text": 15, "edition": 10, "paragraph": 20, "mode": "t"}}, {"pk": 158, "model": "blog.sentence", "fields": {"number_posts": 0, "previous_version": null, "ordering": 14.0, "text": 10, "edition": 10, "paragraph": 20, "mode": "t"}}, {"pk": 159, "model": "blog.sentence", "fields": {"number_posts": 0, "previous_version": null, "ordering": 15.0, "text": 11, "edition": 10, "paragraph": 20, "mode": "t"}}, {"pk": 160, "model": "blog.sentence", "fields": {"number_posts": 0, "previous_version": null, "ordering": 16.0, "text": 16, "edition": 10, "paragraph": 20, "mode": "t"}}, {"pk": 161, "model": "blog.sentence", "fields": {"number_posts": 0, "previous_version": null, "ordering": 17.0, "text": 17, "edition": 10, "paragraph": 20, "mode": "t"}}, {"pk": 162, "model": "blog.sentence", "fields": {"number_posts": 0, "previous_version": null, "ordering": 18.0, "text": 14, "edition": 10, "paragraph": 20, "mode": "t"}}, {"pk": 163, "model": "blog.sentence", "fields": {"number_posts": 0, "previous_version": null, "ordering": 19.0, "text": 5, "edition": 10, "paragraph": 20, "mode": "t"}}, {"pk": 164, "model": "blog.sentence", "fields": {"number_posts": 0, "previous_version": null, "ordering": 1.0, "text": 8, "edition": 11, "paragraph": 21, "mode": "t"}}, {"pk": 165, "model": "blog.sentence", "fields": {"number_posts": 0, "previous_version": null, "ordering": 2.0, "text": 10, "edition": 11, "paragraph": 21, "mode": "t"}}, {"pk": 166, "model": "blog.sentence", "fields": {"number_posts": 0, "previous_version": null, "ordering": 3.0, "text": 4, "edition": 11, "paragraph": 21, "mode": "t"}}, {"pk": 167, "model": "blog.sentence", "fields": {"number_posts": 0, "previous_version": null, "ordering": 4.0, "text": 7, "edition": 11, "paragraph": 21, "mode": "t"}}, {"pk": 168, "model": "blog.sentence", "fields": {"number_posts": 0, "previous_version": null, "ordering": 5.0, "text": 1, "edition": 11, "paragraph": 21, "mode": "t"}}, {"pk": 169, "model": "blog.sentence", "fields": {"number_posts": 0, "previous_version": null, "ordering": 6.0, "text": 4, "edition": 11, "paragraph": 22, "mode": "t"}}, {"pk": 170, "model": "blog.sentence", "fields": {"number_posts": 0, "previous_version": null, "ordering": 7.0, "text": 2, "edition": 11, "paragraph": 22, "mode": "t"}}, {"pk": 171, "model": "blog.sentence", "fields": {"number_posts": 0, "previous_version": null, "ordering": 8.0, "text": 1, "edition": 11, "paragraph": 22, "mode": "t"}}, {"pk": 172, "model": "blog.sentence", "fields": {"number_posts": 0, "previous_version": null, "ordering": 1.0, "text": 3, "edition": 12, "paragraph": 23, "mode": "t"}}, {"pk": 173, "model": "blog.sentence", "fields": {"number_posts": 0, "previous_version": null, "ordering": 2.0, "text": 5, "edition": 12, "paragraph": 23, "mode": "t"}}, {"pk": 174, "model": "blog.sentence", "fields": {"number_posts": 0, "previous_version": null, "ordering": 3.0, "text": 7, "edition": 12, "paragraph": 23, "mode": "t"}}, {"pk": 175, "model": "blog.sentence", "fields": {"number_posts": 0, "previous_version": null, "ordering": 4.0, "text": 4, "edition": 12, "paragraph": 23, "mode": "t"}}, {"pk": 176, "model": "blog.sentence", "fields": {"number_posts": 0, "previous_version": null, "ordering": 5.0, "text": 7, "edition": 12, "paragraph": 23, "mode": "t"}}, {"pk": 177, "model": "blog.sentence", "fields": {"number_posts": 0, "previous_version": null, "ordering": 6.0, "text": 3, "edition": 12, "paragraph": 24, "mode": "t"}}, {"pk": 178, "model": "blog.sentence", "fields": {"number_posts": 0, "previous_version": null, "ordering": 7.0, "text": 7, "edition": 12, "paragraph": 24, "mode": "t"}}, {"pk": 179, "model": "blog.sentence", "fields": {"number_posts": 0, "previous_version": null, "ordering": 8.0, "text": 3, "edition": 12, "paragraph": 24, "mode": "t"}}, {"pk": 180, "model": "blog.sentence", "fields": {"number_posts": 0, "previous_version": null, "ordering": 9.0, "text": 2, "edition": 12, "paragraph": 24, "mode": "t"}}, {"pk": 181, "model": "blog.sentence", "fields": {"number_posts": 0, "previous_version": null, "ordering": 1.0, "text": 1, "edition": 13, "paragraph": 25, "mode": "t"}}, {"pk": 182, "model": "blog.sentence", "fields": {"number_posts": 0, "previous_version": null, "ordering": 2.0, "text": 8, "edition": 13, "paragraph": 25, "mode": "t"}}, {"pk": 183, "model": "blog.sentence", "fields": {"number_posts": 0, "previous_version": null, "ordering": 3.0, "text": 8, "edition": 13, "paragraph": 25, "mode": "t"}}, {"pk": 184, "model": "blog.sentence", "fields": {"number_posts": 0, "previous_version": null, "ordering": 4.0, "text": 1, "edition": 13, "paragraph": 25, "mode": "t"}}, {"pk": 185, "model": "blog.sentence", "fields": {"number_posts": 0, "previous_version": null, "ordering": 5.0, "text": 6, "edition": 13, "paragraph": 25, "mode": "t"}}, {"pk": 186, "model": "blog.sentence", "fields": {"number_posts": 0, "previous_version": null, "ordering": 6.0, "text": 5, "edition": 13, "paragraph": 26, "mode": "t"}}, {"pk": 187, "model": "blog.sentence", "fields": {"number_posts": 0, "previous_version": null, "ordering": 7.0, "text": 4, "edition": 13, "paragraph": 26, "mode": "t"}}, {"pk": 188, "model": "blog.sentence", "fields": {"number_posts": 0, "previous_version": null, "ordering": 8.0, "text": 3, "edition": 13, "paragraph": 26, "mode": "t"}}, {"pk": 189, "model": "blog.sentence", "fields": {"number_posts": 0, "previous_version": null, "ordering": 9.0, "text": 4, "edition": 13, "paragraph": 26, "mode": "t"}}, {"pk": 190, "model": "blog.sentence", "fields": {"number_posts": 0, "previous_version": null, "ordering": 1.0, "text": 8, "edition": 14, "paragraph": 27, "mode": "t"}}, {"pk": 191, "model": "blog.sentence", "fields": {"number_posts": 0, "previous_version": null, "ordering": 2.0, "text": 5, "edition": 14, "paragraph": 27, "mode": "t"}}, {"pk": 192, "model": "blog.sentence", "fields": {"number_posts": 0, "previous_version": null, "ordering": 3.0, "text": 4, "edition": 14, "paragraph": 27, "mode": "t"}}, {"pk": 193, "model": "blog.sentence", "fields": {"number_posts": 0, "previous_version": null, "ordering": 4.0, "text": 8, "edition": 14, "paragraph": 27, "mode": "t"}}, {"pk": 194, "model": "blog.sentence", "fields": {"number_posts": 0, "previous_version": null, "ordering": 5.0, "text": 8, "edition": 14, "paragraph": 27, "mode": "t"}}, {"pk": 195, "model": "blog.sentence", "fields": {"number_posts": 0, "previous_version": null, "ordering": 6.0, "text": 2, "edition": 14, "paragraph": 28, "mode": "t"}}, {"pk": 196, "model": "blog.sentence", "fields": {"number_posts": 0, "previous_version": null, "ordering": 7.0, "text": 10, "edition": 14, "paragraph": 28, "mode": "t"}}, {"pk": 197, "model": "blog.sentence", "fields": {"number_posts": 0, "previous_version": null, "ordering": 8.0, "text": 6, "edition": 14, "paragraph": 28, "mode": "t"}}, {"pk": 198, "model": "blog.sentence", "fields": {"number_posts": 0, "previous_version": null, "ordering": 9.0, "text": 1, "edition": 14, "paragraph": 28, "mode": "t"}}, {"pk": 199, "model": "blog.sentence", "fields": {"number_posts": 0, "previous_version": null, "ordering": 1.0, "text": 8, "edition": 15, "paragraph": 29, "mode": "t"}}, {"pk": 200, "model": "blog.sentence", "fields": {"number_posts": 0, "previous_version": null, "ordering": 2.0, "text": 1, "edition": 15, "paragraph": 29, "mode": "t"}}, {"pk": 201, "model": "blog.sentence", "fields": {"number_posts": 0, "previous_version": null, "ordering": 3.0, "text": 10, "edition": 15, "paragraph": 29, "mode": "t"}}, {"pk": 202, "model": "blog.sentence", "fields": {"number_posts": 0, "previous_version": null, "ordering": 4.0, "text": 2, "edition": 15, "paragraph": 29, "mode": "t"}}, {"pk": 203, "model": "blog.sentence", "fields": {"number_posts": 0, "previous_version": null, "ordering": 5.0, "text": 2, "edition": 15, "paragraph": 30, "mode": "t"}}, {"pk": 204, "model": "blog.sentence", "fields": {"number_posts": 0, "previous_version": null, "ordering": 6.0, "text": 2, "edition": 15, "paragraph": 30, "mode": "t"}}, {"pk": 205, "model": "blog.sentence", "fields": {"number_posts": 0, "previous_version": null, "ordering": 7.0, "text": 8, "edition": 15, "paragraph": 30, "mode": "t"}}, {"pk": 206, "model": "blog.sentence", "fields": {"number_posts": 0, "previous_version": null, "ordering": 1.0, "text": 4, "edition": 16, "paragraph": 31, "mode": "t"}}, {"pk": 207, "model": "blog.sentence", "fields": {"number_posts": 0, "previous_version": null, "ordering": 2.0, "text": 2, "edition": 16, "paragraph": 31, "mode": "t"}}, {"pk": 208, "model": "blog.sentence", "fields": {"number_posts": 0, "previous_version": null, "ordering": 3.0, "text": 8, "edition": 16, "paragraph": 31, "mode": "t"}}, {"pk": 209, "model": "blog.sentence", "fields": {"number_posts": 0, "previous_version": null, "ordering": 4.0, "text": 8, "edition": 16, "paragraph": 31, "mode": "t"}}, {"pk": 210, "model": "blog.sentence", "fields": {"number_posts": 0, "previous_version": null, "ordering": 5.0, "text": 2, "edition": 16, "paragraph": 31, "mode": "t"}}, {"pk": 211, "model": "blog.sentence", "fields": {"number_posts": 0, "previous_version": null, "ordering": 6.0, "text": 3, "edition": 16, "paragraph": 32, "mode": "t"}}, {"pk": 212, "model": "blog.sentence", "fields": {"number_posts": 0, "previous_version": null, "ordering": 7.0, "text": 5, "edition": 16, "paragraph": 32, "mode": "t"}}, {"pk": 213, "model": "blog.sentence", "fields": {"number_posts": 0, "previous_version": null, "ordering": 8.0, "text": 7, "edition": 16, "paragraph": 32, "mode": "t"}}, {"pk": 214, "model": "blog.sentence", "fields": {"number_posts": 0, "previous_version": null, "ordering": 9.0, "text": 7, "edition": 16, "paragraph": 32, "mode": "t"}}, {"pk": 215, "model": "blog.sentence", "fields": {"number_posts": 0, "previous_version": null, "ordering": 1.0, "text": 2, "edition": 17, "paragraph": 33, "mode": "t"}}, {"pk": 216, "model": "blog.sentence", "fields": {"number_posts": 0, "previous_version": null, "ordering": 2.0, "text": 3, "edition": 17, "paragraph": 33, "mode": "t"}}, {"pk": 217, "model": "blog.sentence", "fields": {"number_posts": 0, "previous_version": null, "ordering": 3.0, "text": 2, "edition": 17, "paragraph": 33, "mode": "t"}}, {"pk": 218, "model": "blog.sentence", "fields": {"number_posts": 0, "previous_version": null, "ordering": 4.0, "text": 7, "edition": 17, "paragraph": 33, "mode": "t"}}, {"pk": 219, "model": "blog.sentence", "fields": {"number_posts": 0, "previous_version": null, "ordering": 5.0, "text": 5, "edition": 17, "paragraph": 33, "mode": "t"}}, {"pk": 220, "model": "blog.sentence", "fields": {"number_posts": 0, "previous_version": null, "ordering": 6.0, "text": 4, "edition": 17, "paragraph": 34, "mode": "t"}}, {"pk": 221, "model": "blog.sentence", "fields": {"number_posts": 0, "previous_version": null, "ordering": 7.0, "text": 6, "edition": 17, "paragraph": 34, "mode": "t"}}, {"pk": 222, "model": "blog.sentence", "fields": {"number_posts": 0, "previous_version": null, "ordering": 8.0, "text": 2, "edition": 17, "paragraph": 34, "mode": "t"}}, {"pk": 223, "model": "blog.sentence", "fields": {"number_posts": 0, "previous_version": null, "ordering": 9.0, "text": 7, "edition": 17, "paragraph": 34, "mode": "t"}}, {"pk": 224, "model": "blog.sentence", "fields": {"number_posts": 0, "previous_version": null, "ordering": 1.0, "text": 4, "edition": 18, "paragraph": 35, "mode": "t"}}, {"pk": 225, "model": "blog.sentence", "fields": {"number_posts": 0, "previous_version": null, "ordering": 2.0, "text": 8, "edition": 18, "paragraph": 35, "mode": "t"}}, {"pk": 226, "model": "blog.sentence", "fields": {"number_posts": 0, "previous_version": null, "ordering": 3.0, "text": 7, "edition": 18, "paragraph": 35, "mode": "t"}}, {"pk": 227, "model": "blog.sentence", "fields": {"number_posts": 0, "previous_version": null, "ordering": 4.0, "text": 4, "edition": 18, "paragraph": 35, "mode": "t"}}, {"pk": 228, "model": "blog.sentence", "fields": {"number_posts": 0, "previous_version": null, "ordering": 5.0, "text": 7, "edition": 18, "paragraph": 36, "mode": "t"}}, {"pk": 229, "model": "blog.sentence", "fields": {"number_posts": 0, "previous_version": null, "ordering": 6.0, "text": 1, "edition": 18, "paragraph": 36, "mode": "t"}}, {"pk": 230, "model": "blog.sentence", "fields": {"number_posts": 0, "previous_version": null, "ordering": 7.0, "text": 1, "edition": 18, "paragraph": 36, "mode": "t"}}, {"pk": 1, "model": "blog.text", "fields": {"classifier": null, "value": "During the course of the year, he laid the foundations for the vast majority of his work over the next decade: for Causation in the Law, for The Concept of Law, and for Punishment and Responsibility.", "created": "2014-01-11T02:25:24.026Z"}}, {"pk": 2, "model": "blog.text", "fields": {"classifier": null, "value": "It is an extraordinary privilege to be able to introduce a previously unpublished essay by H. L. A. Hart, one of the most distinguished figures in twentieth-century legal philosophy, alongside a fine commentary by Geoffrey Shaw, the scholar whose intellectual imagination and meticulous archival research has brought the essay to light.", "created": "2014-01-11T02:25:24.329Z"}}, {"pk": 3, "model": "blog.text", "fields": {"classifier": null, "value": "Its publication is also timely, albeit long delayed, in that it comes hard on the heels of a period in which the intellectual history of legal thought has been the subject of wide interest and some very powerful scholarship.", "created": "2014-01-11T02:25:24.687Z"}}, {"pk": 4, "model": "blog.text", "fields": {"classifier": null, "value": "The stimulating American context, as he later put it, \u201crelaxed one\u2019s neuroses\u201d; \u201c[i]deas started pullulating at a rather alarming rate.", "created": "2014-01-11T02:25:25.146Z"}}, {"pk": 5, "model": "blog.text", "fields": {"classifier": null, "value": "I thought, \u2018Am I going mad?\u2019: I was getting so many different things inside.\u201d\n\nIn his Essay, Shaw presents a searching analysis of the paper\u2019s argument as well as a persuasive assessment of its overall significance, and I do not propose to tread the same ground.", "created": "2014-01-11T02:25:25.459Z"}}, {"pk": 6, "model": "blog.text", "fields": {"classifier": null, "value": "In this brief introduction, I shall rather reflect, from a biographer\u2019s viewpoint, on the significance of Discretion for our understanding of the trajectory of Hart\u2019s ideas and on the significance of his year at Harvard.", "created": "2014-01-11T02:25:25.806Z"}}, {"pk": 7, "model": "blog.text", "fields": {"classifier": null, "value": "The essay now being published, entitled Discretion, helps to explain why that was the case, for it is a testimony to the intensity of his engagement with colleagues in the Law School.", "created": "2014-01-11T02:25:26.333Z"}}, {"pk": 8, "model": "blog.text", "fields": {"classifier": null, "value": "Hart\u2019s year at Harvard significantly shaped the course of his subsequent work.", "created": "2014-01-11T02:25:29.064Z"}}, {"pk": 9, "model": "blog.text", "fields": {"classifier": null, "value": "Here I highlight the fact that, almost uniquely in Hart\u2019s work, Discretion features a notable emphasis on the significance of institutional factors in our understanding of the nature of legal decisionmaking; and I argue that Hart\u2019s failure fully to develop this insight in the essay, or to build on it in his subsequent work, derives from the fact that such a development would have necessitated a diversion from the philosophical issues that were his core intellectual concern, and moreover would have presented certain dangers to his conception of legal positivism.", "created": "2014-01-11T02:25:31.606Z"}}, {"pk": 10, "model": "blog.text", "fields": {"classifier": null, "value": "It is particularly apt that H. L. A. Hart\u2019s essay should be published by this Review, appearing fifty-seven years after it was written in the early months of his visit to Harvard, thus joining a distinguished tradition of posthumously published scholarship of the 1950s, most notably Lon Fuller\u2019s The Forms and Limits of Adjudication, and Henry Hart and Albert Sacks\u2019s The Legal Process.", "created": "2014-01-11T02:25:32.670Z"}}, {"pk": 11, "model": "blog.text", "fields": {"classifier": null, "value": "The United States government leaks like a sieve.", "created": "2014-01-11T02:25:33.521Z"}}, {"pk": 12, "model": "blog.text", "fields": {"classifier": null, "value": "And yet the laws against leaking are almost never enforced.", "created": "2014-01-11T02:25:34.043Z"}}, {"pk": 13, "model": "blog.text", "fields": {"classifier": null, "value": "National security professionals decry the consequences.", "created": "2014-01-11T02:25:36.318Z"}}, {"pk": 14, "model": "blog.text", "fields": {"classifier": null, "value": "There is a dramatic disconnect between the way our laws and our leaders condemn leaking in the abstract and the way they condone it in practice.", "created": "2014-01-11T02:25:36.845Z"}}, {"pk": 15, "model": "blog.text", "fields": {"classifier": null, "value": "This Article challenges the standard account of that disconnect, which emphasizes the difficulties of apprehending and prosecuting offenders, and advances an alternative theory of leaking.", "created": "2014-01-11T02:25:37.179Z"}}, {"pk": 16, "model": "blog.text", "fields": {"classifier": null, "value": "I shall conclude by considering what contribution the essay makes to our overall interpretation and evaluation of Hart\u2019s legal philosophy.", "created": "2014-01-11T02:25:37.819Z"}}, {"pk": 17, "model": "blog.text", "fields": {"classifier": null, "value": "I shall then move on to consider the intriguing question of why Hart did not subsequently publish or build on some of the key insights in the paper itself.", "created": "2014-01-11T02:25:39.259Z"}}, {"pk": 18, "model": "blog.text", "fields": {"classifier": null, "value": "This Essay analyzes an essay by H. L. A. Hart about discretion that has never before been published, and has often been considered lost.", "created": "2014-01-11T02:25:40.758Z"}}, {"pk": 19, "model": "blog.text", "fields": {"classifier": null, "value": "Hart, one of the most significant legal philosophers of the twentieth century, wrote the essay at Harvard Law School in November 1956, shortly after he arrived as a visiting professor.", "created": "2014-01-11T02:25:41.296Z"}}, {"pk": 20, "model": "blog.text", "fields": {"classifier": null, "value": "Presidents denounce the constant flow of classified information to the media from unauthorized, anonymous sources.", "created": "2014-01-11T02:25:43.568Z"}}, {"pk": 21, "model": "blog.text", "fields": {"classifier": null, "value": "Throughout U.S. history, roughly a dozen criminal cases have been brought against suspected leakers.", "created": "2014-01-11T02:25:50.507Z"}}, {"pk": 22, "model": "blog.text", "fields": {"classifier": null, "value": "This Essay situates Hart\u2019s paper \u2014 Discretion \u2014 in historical and intellectual context, interprets its main arguments, and assesses its significance in jurisprudential history.", "created": "2014-01-11T02:25:56.137Z"}}, {"pk": 23, "model": "blog.text", "fields": {"classifier": null, "value": "In the essay, Hart argued that discretion is a special mode of reasoned, constrained decisionmaking that occupies a middle ground between arbitrary choice and determinate rule application.", "created": "2014-01-11T02:25:57.626Z"}}, {"pk": 1, "model": "blog.paragraph", "fields": {"ordering": 1, "edition": 1, "number_posts": 0, "number_sentences": 6}}, {"pk": 2, "model": "blog.paragraph", "fields": {"ordering": 2, "edition": 1, "number_posts": 0, "number_sentences": 4}}, {"pk": 3, "model": "blog.paragraph", "fields": {"ordering": 1, "edition": 2, "number_posts": 0, "number_sentences": 6}}, {"pk": 4, "model": "blog.paragraph", "fields": {"ordering": 2, "edition": 2, "number_posts": 0, "number_sentences": 4}}, {"pk": 5, "model": "blog.paragraph", "fields": {"ordering": 1, "edition": 3, "number_posts": 0, "number_sentences": 9}}, {"pk": 6, "model": "blog.paragraph", "fields": {"ordering": 2, "edition": 3, "number_posts": 0, "number_sentences": 7}}, {"pk": 7, "model": "blog.paragraph", "fields": {"ordering": 1, "edition": 4, "number_posts": 0, "number_sentences": 11}}, {"pk": 8, "model": "blog.paragraph", "fields": {"ordering": 2, "edition": 4, "number_posts": 0, "number_sentences": 10}}, {"pk": 9, "model": "blog.paragraph", "fields": {"ordering": 1, "edition": 5, "number_posts": 0, "number_sentences": 8}}, {"pk": 10, "model": "blog.paragraph", "fields": {"ordering": 2, "edition": 5, "number_posts": 0, "number_sentences": 6}}, {"pk": 11, "model": "blog.paragraph", "fields": {"ordering": 1, "edition": 6, "number_posts": 0, "number_sentences": 10}}, {"pk": 12, "model": "blog.paragraph", "fields": {"ordering": 2, "edition": 6, "number_posts": 0, "number_sentences": 8}}, {"pk": 13, "model": "blog.paragraph", "fields": {"ordering": 1, "edition": 7, "number_posts": 0, "number_sentences": 4}}, {"pk": 14, "model": "blog.paragraph", "fields": {"ordering": 2, "edition": 7, "number_posts": 0, "number_sentences": 3}}, {"pk": 15, "model": "blog.paragraph", "fields": {"ordering": 1, "edition": 8, "number_posts": 0, "number_sentences": 13}}, {"pk": 16, "model": "blog.paragraph", "fields": {"ordering": 2, "edition": 8, "number_posts": 0, "number_sentences": 11}}, {"pk": 17, "model": "blog.paragraph", "fields": {"ordering": 1, "edition": 9, "number_posts": 0, "number_sentences": 13}}, {"pk": 18, "model": "blog.paragraph", "fields": {"ordering": 2, "edition": 9, "number_posts": 0, "number_sentences": 11}}, {"pk": 19, "model": "blog.paragraph", "fields": {"ordering": 1, "edition": 10, "number_posts": 0, "number_sentences": 10}}, {"pk": 20, "model": "blog.paragraph", "fields": {"ordering": 2, "edition": 10, "number_posts": 0, "number_sentences": 9}}, {"pk": 21, "model": "blog.paragraph", "fields": {"ordering": 1, "edition": 11, "number_posts": 0, "number_sentences": 5}}, {"pk": 22, "model": "blog.paragraph", "fields": {"ordering": 2, "edition": 11, "number_posts": 0, "number_sentences": 3}}, {"pk": 23, "model": "blog.paragraph", "fields": {"ordering": 1, "edition": 12, "number_posts": 0, "number_sentences": 5}}, {"pk": 24, "model": "blog.paragraph", "fields": {"ordering": 2, "edition": 12, "number_posts": 0, "number_sentences": 4}}, {"pk": 25, "model": "blog.paragraph", "fields": {"ordering": 1, "edition": 13, "number_posts": 0, "number_sentences": 5}}, {"pk": 26, "model": "blog.paragraph", "fields": {"ordering": 2, "edition": 13, "number_posts": 0, "number_sentences": 4}}, {"pk": 27, "model": "blog.paragraph", "fields": {"ordering": 1, "edition": 14, "number_posts": 0, "number_sentences": 5}}, {"pk": 28, "model": "blog.paragraph", "fields": {"ordering": 2, "edition": 14, "number_posts": 0, "number_sentences": 4}}, {"pk": 29, "model": "blog.paragraph", "fields": {"ordering": 1, "edition": 15, "number_posts": 0, "number_sentences": 4}}, {"pk": 30, "model": "blog.paragraph", "fields": {"ordering": 2, "edition": 15, "number_posts": 0, "number_sentences": 3}}, {"pk": 31, "model": "blog.paragraph", "fields": {"ordering": 1, "edition": 16, "number_posts": 0, "number_sentences": 5}}, {"pk": 32, "model": "blog.paragraph", "fields": {"ordering": 2, "edition": 16, "number_posts": 0, "number_sentences": 4}}, {"pk": 33, "model": "blog.paragraph", "fields": {"ordering": 1, "edition": 17, "number_posts": 0, "number_sentences": 5}}, {"pk": 34, "model": "blog.paragraph", "fields": {"ordering": 2, "edition": 17, "number_posts": 0, "number_sentences": 4}}, {"pk": 35, "model": "blog.paragraph", "fields": {"ordering": 1, "edition": 18, "number_posts": 0, "number_sentences": 4}}, {"pk": 36, "model": "blog.paragraph", "fields": {"ordering": 2, "edition": 18, "number_posts": 0, "number_sentences": 3}}, {"pk": 1, "model": "auth.permission", "fields": {"codename": "add_logentry", "name": "Can add log entry", "content_type": 1}}, {"pk": 2, "model": "auth.permission", "fields": {"codename": "change_logentry", "name": "Can change log entry", "content_type": 1}}, {"pk": 3, "model": "auth.permission", "fields": {"codename": "delete_logentry", "name": "Can delete log entry", "content_type": 1}}, {"pk": 4, "model": "auth.permission", "fields": {"codename": "add_permission", "name": "Can add permission", "content_type": 2}}, {"pk": 5, "model": "auth.permission", "fields": {"codename": "change_permission", "name": "Can change permission", "content_type": 2}}, {"pk": 6, "model": "auth.permission", "fields": {"codename": "delete_permission", "name": "Can delete permission", "content_type": 2}}, {"pk": 7, "model": "auth.permission", "fields": {"codename": "add_group", "name": "Can add group", "content_type": 3}}, {"pk": 8, "model": "auth.permission", "fields": {"codename": "change_group", "name": "Can change group", "content_type": 3}}, {"pk": 9, "model": "auth.permission", "fields": {"codename": "delete_group", "name": "Can delete group", "content_type": 3}}, {"pk": 10, "model": "auth.permission", "fields": {"codename": "add_user", "name": "Can add user", "content_type": 4}}, {"pk": 11, "model": "auth.permission", "fields": {"codename": "change_user", "name": "Can change user", "content_type": 4}}, {"pk": 12, "model": "auth.permission", "fields": {"codename": "delete_user", "name": "Can delete user", "content_type": 4}}, {"pk": 13, "model": "auth.permission", "fields": {"codename": "add_contenttype", "name": "Can add content type", "content_type": 5}}, {"pk": 14, "model": "auth.permission", "fields": {"codename": "change_contenttype", "name": "Can change content type", "content_type": 5}}, {"pk": 15, "model": "auth.permission", "fields": {"codename": "delete_contenttype", "name": "Can delete content type", "content_type": 5}}, {"pk": 16, "model": "auth.permission", "fields": {"codename": "add_session", "name": "Can add session", "content_type": 6}}, {"pk": 17, "model": "auth.permission", "fields": {"codename": "change_session", "name": "Can change session", "content_type": 6}}, {"pk": 18, "model": "auth.permission", "fields": {"codename": "delete_session", "name": "Can delete session", "content_type": 6}}, {"pk": 19, "model": "auth.permission", "fields": {"codename": "add_token", "name": "Can add token", "content_type": 7}}, {"pk": 20, "model": "auth.permission", "fields": {"codename": "change_token", "name": "Can change token", "content_type": 7}}, {"pk": 21, "model": "auth.permission", "fields": {"codename": "delete_token", "name": "Can delete token", "content_type": 7}}, {"pk": 22, "model": "auth.permission", "fields": {"codename": "add_whitelist", "name": "Can add white list", "content_type": 8}}, {"pk": 23, "model": "auth.permission", "fields": {"codename": "change_whitelist", "name": "Can change white list", "content_type": 8}}, {"pk": 24, "model": "auth.permission", "fields": {"codename": "delete_whitelist", "name": "Can delete white list", "content_type": 8}}, {"pk": 25, "model": "auth.permission", "fields": {"codename": "add_blog", "name": "Can add blog", "content_type": 9}}, {"pk": 26, "model": "auth.permission", "fields": {"codename": "change_blog", "name": "Can change blog", "content_type": 9}}, {"pk": 27, "model": "auth.permission", "fields": {"codename": "delete_blog", "name": "Can delete blog", "content_type": 9}}, {"pk": 28, "model": "auth.permission", "fields": {"codename": "add_post", "name": "Can add post", "content_type": 10}}, {"pk": 29, "model": "auth.permission", "fields": {"codename": "change_post", "name": "Can change post", "content_type": 10}}, {"pk": 30, "model": "auth.permission", "fields": {"codename": "delete_post", "name": "Can delete post", "content_type": 10}}, {"pk": 31, "model": "auth.permission", "fields": {"codename": "add_edition", "name": "Can add edition", "content_type": 11}}, {"pk": 32, "model": "auth.permission", "fields": {"codename": "change_edition", "name": "Can change edition", "content_type": 11}}, {"pk": 33, "model": "auth.permission", "fields": {"codename": "delete_edition", "name": "Can delete edition", "content_type": 11}}, {"pk": 34, "model": "auth.permission", "fields": {"codename": "add_sentence", "name": "Can add sentence", "content_type": 12}}, {"pk": 35, "model": "auth.permission", "fields": {"codename": "change_sentence", "name": "Can change sentence", "content_type": 12}}, {"pk": 36, "model": "auth.permission", "fields": {"codename": "delete_sentence", "name": "Can delete sentence", "content_type": 12}}, {"pk": 37, "model": "auth.permission", "fields": {"codename": "add_text", "name": "Can add text", "content_type": 13}}, {"pk": 38, "model": "auth.permission", "fields": {"codename": "change_text", "name": "Can change text", "content_type": 13}}, {"pk": 39, "model": "auth.permission", "fields": {"codename": "delete_text", "name": "Can delete text", "content_type": 13}}, {"pk": 40, "model": "auth.permission", "fields": {"codename": "add_paragraph", "name": "Can add paragraph", "content_type": 14}}, {"pk": 41, "model": "auth.permission", "fields": {"codename": "change_paragraph", "name": "Can change paragraph", "content_type": 14}}, {"pk": 42, "model": "auth.permission", "fields": {"codename": "delete_paragraph", "name": "Can delete paragraph", "content_type": 14}}, {"pk": 1, "model": "auth.user", "fields": {"username": "eric", "first_name": "", "last_name": "", "is_active": true, "is_superuser": true, "is_staff": true, "last_login": "2014-01-11T02:25:04.247Z", "groups": [], "user_permissions": [], "password": "pbkdf2_sha256$12000$VFZr33uyMxZn$Z9mJIJxDjrWZ8+yiv3KZn03XDmM5TG7AK5J2Ftz/BKE=", "email": "", "date_joined": "2014-01-11T02:25:04.247Z"}}, {"pk": 2, "model": "auth.user", "fields": {"username": "alice", "first_name": "", "last_name": "", "is_active": true, "is_superuser": false, "is_staff": false, "last_login": "2014-01-11T02:25:21.067Z", "groups": [], "user_permissions": [], "password": "pbkdf2_sha256$12000$xii4WZhNaxgg$XWDwrj0Ydo4zKpRdvPWN2lvp8pt46dxQLCO9vNHwOKE=", "email": "", "date_joined": "2014-01-11T02:25:21.067Z"}}, {"pk": 3, "model": "auth.user", "fields": {"username": "bobby", "first_name": "", "last_name": "", "is_active": true, "is_superuser": false, "is_staff": false, "last_login": "2014-01-11T02:25:21.281Z", "groups": [], "user_permissions": [], "password": "pbkdf2_sha256$12000$LKivhCpgw6Lv$bna3fhZ9IBKMFDdV0PimLyXuC3iP+0IG3QjpRc7qNwc=", "email": "", "date_joined": "2014-01-11T02:25:21.281Z"}}, {"pk": 1, "model": "blog.blog", "fields": {"number_posts": 1, "description": "About law and stuff...", "title": "Jurisprudence", "creator": 2, "created": "2014-01-11T02:25:21.473Z", "is_restricted": true}}, {"pk": 2, "model": "blog.blog", "fields": {"number_posts": 2, "description": "About stuff...", "title": "Law", "creator": 2, "created": "2014-01-11T02:25:21.651Z", "is_restricted": false}}, {"pk": 3, "model": "blog.blog", "fields": {"number_posts": 1, "description": "Heh...", "title": "Equality Issues", "creator": 2, "created": "2014-01-11T02:25:21.830Z", "is_restricted": false}}, {"pk": 4, "model": "blog.blog", "fields": {"number_posts": 1, "description": "No way!", "title": "Life", "creator": 2, "created": "2014-01-11T02:25:22.009Z", "is_restricted": false}}, {"pk": 5, "model": "blog.blog", "fields": {"number_posts": 1, "description": "Deep thinking.", "title": "Philosophy", "creator": 2, "created": "2014-01-11T02:25:22.188Z", "is_restricted": false}}, {"pk": 6, "model": "blog.blog", "fields": {"number_posts": 1, "description": "Incredible Discoveries", "title": "Science", "creator": 3, "created": "2014-01-11T02:25:22.366Z", "is_restricted": false}}, {"pk": 7, "model": "blog.blog", "fields": {"number_posts": 1, "description": "Researchers come here!", "title": "Papers", "creator": 3, "created": "2014-01-11T02:25:22.537Z", "is_restricted": false}}, {"pk": 8, "model": "blog.blog", "fields": {"number_posts": 1, "description": "Internets and Neurons", "title": "Networks", "creator": 3, "created": "2014-01-11T02:25:22.752Z", "is_restricted": false}}, {"pk": 9, "model": "blog.blog", "fields": {"number_posts": 1, "description": "Math blog. What else.", "title": "Optimization Problems", "creator": 3, "created": "2014-01-11T02:25:23.116Z", "is_restricted": false}}, {"pk": 1, "model": "blog.post", "fields": {"number_posts": 1, "author": 2, "created": "2014-01-11T02:25:23.311Z", "is_active": true, "modified": "2014-01-11T02:26:12.721Z", "blog": 1, "parent_id": 1, "title": "Brown Corpus", "parent_content_type": 9}}, {"pk": 2, "model": "blog.post", "fields": {"number_posts": 1, "author": 2, "created": "2014-01-11T02:25:27.400Z", "is_active": true, "modified": "2014-01-11T02:26:15.294Z", "blog": 2, "parent_id": 2, "title": "Legal Obligations?", "parent_content_type": 9}}, {"pk": 3, "model": "blog.post", "fields": {"number_posts": 0, "author": 2, "created": "2014-01-11T02:25:30.424Z", "is_active": true, "modified": "2014-01-11T02:25:30.424Z", "blog": 2, "parent_id": 2, "title": "Standards on Law", "parent_content_type": 9}}, {"pk": 4, "model": "blog.post", "fields": {"number_posts": 0, "author": 2, "created": "2014-01-11T02:25:35.395Z", "is_active": true, "modified": "2014-01-11T02:25:35.395Z", "blog": 3, "parent_id": 3, "title": "Some post", "parent_content_type": 9}}, {"pk": 5, "model": "blog.post", "fields": {"number_posts": 0, "author": 2, "created": "2014-01-11T02:25:42.530Z", "is_active": true, "modified": "2014-01-11T02:25:42.530Z", "blog": 4, "parent_id": 4, "title": "Descartes", "parent_content_type": 9}}, {"pk": 6, "model": "blog.post", "fields": {"number_posts": 0, "author": 2, "created": "2014-01-11T02:25:47.511Z", "is_active": true, "modified": "2014-01-11T02:25:47.511Z", "blog": 5, "parent_id": 5, "title": "An examination of Kant", "parent_content_type": 9}}, {"pk": 7, "model": "blog.post", "fields": {"number_posts": 0, "author": 3, "created": "2014-01-11T02:25:53.018Z", "is_active": true, "modified": "2014-01-11T02:25:53.018Z", "blog": 6, "parent_id": 6, "title": "A discovery", "parent_content_type": 9}}, {"pk": 8, "model": "blog.post", "fields": {"number_posts": 0, "author": 3, "created": "2014-01-11T02:25:55.281Z", "is_active": true, "modified": "2014-01-11T02:25:55.281Z", "blog": 7, "parent_id": 7, "title": "RCC Architecture", "parent_content_type": 9}}, {"pk": 9, "model": "blog.post", "fields": {"number_posts": 0, "author": 3, "created": "2014-01-11T02:26:01.459Z", "is_active": true, "modified": "2014-01-11T02:26:01.459Z", "blog": 8, "parent_id": 8, "title": "Internet slow", "parent_content_type": 9}}, {"pk": 10, "model": "blog.post", "fields": {"number_posts": 0, "author": 3, "created": "2014-01-11T02:26:07.536Z", "is_active": true, "modified": "2014-01-11T02:26:07.536Z", "blog": 9, "parent_id": 9, "title": "Algorithms for robots", "parent_content_type": 9}}, {"pk": 11, "model": "blog.post", "fields": {"number_posts": 1, "author": 3, "created": "2014-01-11T02:26:12.553Z", "is_active": true, "modified": "2014-01-11T02:26:18.549Z", "blog": 1, "parent_id": 1, "title": "Interesting words", "parent_content_type": 10}}, {"pk": 12, "model": "blog.post", "fields": {"number_posts": 1, "author": 3, "created": "2014-01-11T02:26:15.083Z", "is_active": true, "modified": "2014-01-11T02:26:21.335Z", "blog": 2, "parent_id": 2, "title": "Incredible post", "parent_content_type": 10}}, {"pk": 13, "model": "blog.post", "fields": {"number_posts": 0, "author": 2, "created": "2014-01-11T02:26:18.360Z", "is_active": true, "modified": "2014-01-11T02:26:18.360Z", "blog": 1, "parent_id": 11, "title": "Thank you", "parent_content_type": 10}}, {"pk": 14, "model": "blog.post", "fields": {"number_posts": 0, "author": 2, "created": "2014-01-11T02:26:21.146Z", "is_active": true, "modified": "2014-01-11T02:26:21.146Z", "blog": 2, "parent_id": 12, "title": "Thank you again...", "parent_content_type": 10}}, {"pk": 15, "model": "blog.post", "fields": {"number_posts": 0, "author": 2, "created": "2014-01-11T02:26:24.031Z", "is_active": true, "modified": "2014-01-11T02:26:24.031Z", "blog": 1, "parent_id": 1, "title": "Some Post", "parent_content_type": 12}}, {"pk": 16, "model": "blog.post", "fields": {"number_posts": 0, "author": 3, "created": "2014-01-11T02:26:26.515Z", "is_active": true, "modified": "2014-01-11T02:26:26.515Z", "blog": 1, "parent_id": 2, "title": "Yeah", "parent_content_type": 12}}, {"pk": 17, "model": "blog.post", "fields": {"number_posts": 0, "author": 3, "created": "2014-01-11T02:26:29.346Z", "is_active": true, "modified": "2014-01-11T02:26:29.346Z", "blog": 1, "parent_id": 3, "title": "ASDF", "parent_content_type": 12}}, {"pk": 18, "model": "blog.post", "fields": {"number_posts": 0, "author": 3, "created": "2014-01-11T02:26:32.072Z", "is_active": true, "modified": "2014-01-11T02:26:32.072Z", "blog": 2, "parent_id": 16, "title": "Woot", "parent_content_type": 12}}]