[{"pk": 1, "model": "contenttypes.contenttype", "fields": {"model": "logentry", "name": "log entry", "app_label": "admin"}}, {"pk": 2, "model": "contenttypes.contenttype", "fields": {"model": "permission", "name": "permission", "app_label": "auth"}}, {"pk": 3, "model": "contenttypes.contenttype", "fields": {"model": "group", "name": "group", "app_label": "auth"}}, {"pk": 4, "model": "contenttypes.contenttype", "fields": {"model": "user", "name": "user", "app_label": "auth"}}, {"pk": 5, "model": "contenttypes.contenttype", "fields": {"model": "contenttype", "name": "content type", "app_label": "contenttypes"}}, {"pk": 6, "model": "contenttypes.contenttype", "fields": {"model": "session", "name": "session", "app_label": "sessions"}}, {"pk": 7, "model": "contenttypes.contenttype", "fields": {"model": "token", "name": "token", "app_label": "authtoken"}}, {"pk": 8, "model": "contenttypes.contenttype", "fields": {"model": "whitelist", "name": "white list", "app_label": "blog"}}, {"pk": 9, "model": "contenttypes.contenttype", "fields": {"model": "blog", "name": "blog", "app_label": "blog"}}, {"pk": 10, "model": "contenttypes.contenttype", "fields": {"model": "post", "name": "post", "app_label": "blog"}}, {"pk": 11, "model": "contenttypes.contenttype", "fields": {"model": "sentenceset", "name": "sentence set", "app_label": "blog"}}, {"pk": 12, "model": "contenttypes.contenttype", "fields": {"model": "sentence", "name": "sentence", "app_label": "blog"}}, {"pk": 13, "model": "contenttypes.contenttype", "fields": {"model": "text", "name": "text", "app_label": "blog"}}, {"pk": 1, "model": "blog.sentenceset", "fields": {"parent": 1, "created": "2013-12-26T03:16:55.521Z"}}, {"pk": 2, "model": "blog.sentenceset", "fields": {"parent": 2, "created": "2013-12-26T03:17:07.911Z"}}, {"pk": 3, "model": "blog.sentenceset", "fields": {"parent": 3, "created": "2013-12-26T03:17:17.081Z"}}, {"pk": 4, "model": "blog.sentenceset", "fields": {"parent": 4, "created": "2013-12-26T03:17:27.574Z"}}, {"pk": 5, "model": "blog.sentenceset", "fields": {"parent": 5, "created": "2013-12-26T03:17:28.368Z"}}, {"pk": 6, "model": "blog.sentenceset", "fields": {"parent": 6, "created": "2013-12-26T03:17:43.649Z"}}, {"pk": 7, "model": "blog.sentenceset", "fields": {"parent": 7, "created": "2013-12-26T03:17:51.758Z"}}, {"pk": 8, "model": "blog.sentenceset", "fields": {"parent": 8, "created": "2013-12-26T03:17:58.175Z"}}, {"pk": 9, "model": "blog.sentenceset", "fields": {"parent": 9, "created": "2013-12-26T03:18:10.655Z"}}, {"pk": 10, "model": "blog.sentenceset", "fields": {"parent": 10, "created": "2013-12-26T03:18:12.552Z"}}, {"pk": 11, "model": "blog.sentenceset", "fields": {"parent": 11, "created": "2013-12-26T03:18:17.519Z"}}, {"pk": 12, "model": "blog.sentenceset", "fields": {"parent": 12, "created": "2013-12-26T03:18:27.505Z"}}, {"pk": 13, "model": "blog.sentenceset", "fields": {"parent": 13, "created": "2013-12-26T03:18:40.636Z"}}, {"pk": 14, "model": "blog.sentenceset", "fields": {"parent": 14, "created": "2013-12-26T03:18:46.510Z"}}, {"pk": 15, "model": "blog.sentenceset", "fields": {"parent": 15, "created": "2013-12-26T03:19:01.441Z"}}, {"pk": 16, "model": "blog.sentenceset", "fields": {"parent": 16, "created": "2013-12-26T03:19:05.459Z"}}, {"pk": 17, "model": "blog.sentenceset", "fields": {"parent": 17, "created": "2013-12-26T03:19:12.148Z"}}, {"pk": 18, "model": "blog.sentenceset", "fields": {"parent": 18, "created": "2013-12-26T03:19:12.640Z"}}, {"pk": 1, "model": "blog.sentence", "fields": {"previous_version": null, "sentence_set": 1, "ordering": 1.0, "text": 1, "paragraph": 1, "mode": "t", "number_children": 1}}, {"pk": 2, "model": "blog.sentence", "fields": {"previous_version": null, "sentence_set": 1, "ordering": 2.0, "text": 2, "paragraph": 1, "mode": "t", "number_children": 1}}, {"pk": 3, "model": "blog.sentence", "fields": {"previous_version": null, "sentence_set": 1, "ordering": 3.0, "text": 3, "paragraph": 1, "mode": "t", "number_children": 1}}, {"pk": 4, "model": "blog.sentence", "fields": {"previous_version": null, "sentence_set": 1, "ordering": 4.0, "text": 4, "paragraph": 1, "mode": "t", "number_children": 0}}, {"pk": 5, "model": "blog.sentence", "fields": {"previous_version": null, "sentence_set": 1, "ordering": 5.0, "text": 5, "paragraph": 1, "mode": "t", "number_children": 0}}, {"pk": 6, "model": "blog.sentence", "fields": {"previous_version": null, "sentence_set": 1, "ordering": 6.0, "text": 6, "paragraph": 1, "mode": "t", "number_children": 0}}, {"pk": 7, "model": "blog.sentence", "fields": {"previous_version": null, "sentence_set": 1, "ordering": 7.0, "text": 7, "paragraph": 1, "mode": "t", "number_children": 0}}, {"pk": 8, "model": "blog.sentence", "fields": {"previous_version": null, "sentence_set": 1, "ordering": 8.0, "text": 8, "paragraph": 1, "mode": "t", "number_children": 0}}, {"pk": 9, "model": "blog.sentence", "fields": {"previous_version": null, "sentence_set": 1, "ordering": 9.0, "text": 9, "paragraph": 1, "mode": "t", "number_children": 0}}, {"pk": 10, "model": "blog.sentence", "fields": {"previous_version": null, "sentence_set": 1, "ordering": 10.0, "text": 10, "paragraph": 1, "mode": "t", "number_children": 0}}, {"pk": 11, "model": "blog.sentence", "fields": {"previous_version": null, "sentence_set": 1, "ordering": 11.0, "text": 11, "paragraph": 1, "mode": "t", "number_children": 0}}, {"pk": 12, "model": "blog.sentence", "fields": {"previous_version": null, "sentence_set": 1, "ordering": 12.0, "text": 12, "paragraph": 1, "mode": "t", "number_children": 0}}, {"pk": 13, "model": "blog.sentence", "fields": {"previous_version": null, "sentence_set": 1, "ordering": 13.0, "text": 13, "paragraph": 2, "mode": "t", "number_children": 0}}, {"pk": 14, "model": "blog.sentence", "fields": {"previous_version": null, "sentence_set": 1, "ordering": 14.0, "text": 14, "paragraph": 2, "mode": "t", "number_children": 0}}, {"pk": 15, "model": "blog.sentence", "fields": {"previous_version": null, "sentence_set": 1, "ordering": 15.0, "text": 15, "paragraph": 2, "mode": "t", "number_children": 0}}, {"pk": 16, "model": "blog.sentence", "fields": {"previous_version": null, "sentence_set": 1, "ordering": 16.0, "text": 16, "paragraph": 2, "mode": "t", "number_children": 1}}, {"pk": 17, "model": "blog.sentence", "fields": {"previous_version": null, "sentence_set": 1, "ordering": 17.0, "text": 17, "paragraph": 2, "mode": "t", "number_children": 0}}, {"pk": 18, "model": "blog.sentence", "fields": {"previous_version": null, "sentence_set": 1, "ordering": 18.0, "text": 18, "paragraph": 2, "mode": "t", "number_children": 0}}, {"pk": 19, "model": "blog.sentence", "fields": {"previous_version": null, "sentence_set": 1, "ordering": 19.0, "text": 19, "paragraph": 2, "mode": "t", "number_children": 0}}, {"pk": 20, "model": "blog.sentence", "fields": {"previous_version": null, "sentence_set": 1, "ordering": 20.0, "text": 20, "paragraph": 2, "mode": "t", "number_children": 0}}, {"pk": 21, "model": "blog.sentence", "fields": {"previous_version": null, "sentence_set": 1, "ordering": 21.0, "text": 21, "paragraph": 2, "mode": "t", "number_children": 0}}, {"pk": 22, "model": "blog.sentence", "fields": {"previous_version": null, "sentence_set": 1, "ordering": 22.0, "text": 22, "paragraph": 2, "mode": "t", "number_children": 0}}, {"pk": 23, "model": "blog.sentence", "fields": {"previous_version": null, "sentence_set": 1, "ordering": 23.0, "text": 23, "paragraph": 2, "mode": "t", "number_children": 0}}, {"pk": 24, "model": "blog.sentence", "fields": {"previous_version": null, "sentence_set": 1, "ordering": 24.0, "text": 24, "paragraph": 2, "mode": "t", "number_children": 0}}, {"pk": 25, "model": "blog.sentence", "fields": {"previous_version": null, "sentence_set": 1, "ordering": 25.0, "text": 25, "paragraph": 2, "mode": "t", "number_children": 0}}, {"pk": 26, "model": "blog.sentence", "fields": {"previous_version": null, "sentence_set": 2, "ordering": 1.0, "text": 26, "paragraph": 1, "mode": "t", "number_children": 0}}, {"pk": 27, "model": "blog.sentence", "fields": {"previous_version": null, "sentence_set": 2, "ordering": 2.0, "text": 27, "paragraph": 1, "mode": "t", "number_children": 0}}, {"pk": 28, "model": "blog.sentence", "fields": {"previous_version": null, "sentence_set": 2, "ordering": 3.0, "text": 28, "paragraph": 1, "mode": "t", "number_children": 0}}, {"pk": 29, "model": "blog.sentence", "fields": {"previous_version": null, "sentence_set": 2, "ordering": 4.0, "text": 29, "paragraph": 1, "mode": "t", "number_children": 0}}, {"pk": 30, "model": "blog.sentence", "fields": {"previous_version": null, "sentence_set": 2, "ordering": 5.0, "text": 30, "paragraph": 1, "mode": "t", "number_children": 0}}, {"pk": 31, "model": "blog.sentence", "fields": {"previous_version": null, "sentence_set": 2, "ordering": 6.0, "text": 31, "paragraph": 1, "mode": "t", "number_children": 0}}, {"pk": 32, "model": "blog.sentence", "fields": {"previous_version": null, "sentence_set": 2, "ordering": 7.0, "text": 32, "paragraph": 1, "mode": "t", "number_children": 0}}, {"pk": 33, "model": "blog.sentence", "fields": {"previous_version": null, "sentence_set": 2, "ordering": 8.0, "text": 33, "paragraph": 2, "mode": "t", "number_children": 0}}, {"pk": 34, "model": "blog.sentence", "fields": {"previous_version": null, "sentence_set": 2, "ordering": 9.0, "text": 34, "paragraph": 2, "mode": "t", "number_children": 0}}, {"pk": 35, "model": "blog.sentence", "fields": {"previous_version": null, "sentence_set": 2, "ordering": 10.0, "text": 35, "paragraph": 2, "mode": "t", "number_children": 0}}, {"pk": 36, "model": "blog.sentence", "fields": {"previous_version": null, "sentence_set": 2, "ordering": 11.0, "text": 36, "paragraph": 2, "mode": "t", "number_children": 0}}, {"pk": 37, "model": "blog.sentence", "fields": {"previous_version": null, "sentence_set": 2, "ordering": 12.0, "text": 37, "paragraph": 2, "mode": "t", "number_children": 0}}, {"pk": 38, "model": "blog.sentence", "fields": {"previous_version": null, "sentence_set": 2, "ordering": 13.0, "text": 38, "paragraph": 2, "mode": "t", "number_children": 0}}, {"pk": 39, "model": "blog.sentence", "fields": {"previous_version": null, "sentence_set": 2, "ordering": 14.0, "text": 39, "paragraph": 2, "mode": "t", "number_children": 0}}, {"pk": 40, "model": "blog.sentence", "fields": {"previous_version": null, "sentence_set": 2, "ordering": 15.0, "text": 40, "paragraph": 2, "mode": "t", "number_children": 0}}, {"pk": 41, "model": "blog.sentence", "fields": {"previous_version": null, "sentence_set": 3, "ordering": 1.0, "text": 41, "paragraph": 1, "mode": "t", "number_children": 0}}, {"pk": 42, "model": "blog.sentence", "fields": {"previous_version": null, "sentence_set": 3, "ordering": 2.0, "text": 42, "paragraph": 1, "mode": "t", "number_children": 0}}, {"pk": 43, "model": "blog.sentence", "fields": {"previous_version": null, "sentence_set": 3, "ordering": 3.0, "text": 43, "paragraph": 1, "mode": "t", "number_children": 0}}, {"pk": 44, "model": "blog.sentence", "fields": {"previous_version": null, "sentence_set": 3, "ordering": 4.0, "text": 44, "paragraph": 1, "mode": "t", "number_children": 0}}, {"pk": 45, "model": "blog.sentence", "fields": {"previous_version": null, "sentence_set": 3, "ordering": 5.0, "text": 45, "paragraph": 1, "mode": "t", "number_children": 0}}, {"pk": 46, "model": "blog.sentence", "fields": {"previous_version": null, "sentence_set": 3, "ordering": 6.0, "text": 46, "paragraph": 1, "mode": "t", "number_children": 0}}, {"pk": 47, "model": "blog.sentence", "fields": {"previous_version": null, "sentence_set": 3, "ordering": 7.0, "text": 47, "paragraph": 1, "mode": "t", "number_children": 0}}, {"pk": 48, "model": "blog.sentence", "fields": {"previous_version": null, "sentence_set": 3, "ordering": 8.0, "text": 48, "paragraph": 1, "mode": "t", "number_children": 0}}, {"pk": 49, "model": "blog.sentence", "fields": {"previous_version": null, "sentence_set": 3, "ordering": 9.0, "text": 49, "paragraph": 1, "mode": "t", "number_children": 0}}, {"pk": 50, "model": "blog.sentence", "fields": {"previous_version": null, "sentence_set": 3, "ordering": 10.0, "text": 50, "paragraph": 1, "mode": "t", "number_children": 0}}, {"pk": 51, "model": "blog.sentence", "fields": {"previous_version": null, "sentence_set": 3, "ordering": 11.0, "text": 51, "paragraph": 2, "mode": "t", "number_children": 0}}, {"pk": 52, "model": "blog.sentence", "fields": {"previous_version": null, "sentence_set": 3, "ordering": 12.0, "text": 52, "paragraph": 2, "mode": "t", "number_children": 0}}, {"pk": 53, "model": "blog.sentence", "fields": {"previous_version": null, "sentence_set": 3, "ordering": 13.0, "text": 53, "paragraph": 2, "mode": "t", "number_children": 0}}, {"pk": 54, "model": "blog.sentence", "fields": {"previous_version": null, "sentence_set": 3, "ordering": 14.0, "text": 54, "paragraph": 2, "mode": "t", "number_children": 0}}, {"pk": 55, "model": "blog.sentence", "fields": {"previous_version": null, "sentence_set": 3, "ordering": 15.0, "text": 55, "paragraph": 2, "mode": "t", "number_children": 0}}, {"pk": 56, "model": "blog.sentence", "fields": {"previous_version": null, "sentence_set": 3, "ordering": 16.0, "text": 56, "paragraph": 2, "mode": "t", "number_children": 0}}, {"pk": 57, "model": "blog.sentence", "fields": {"previous_version": null, "sentence_set": 3, "ordering": 17.0, "text": 57, "paragraph": 2, "mode": "t", "number_children": 0}}, {"pk": 58, "model": "blog.sentence", "fields": {"previous_version": null, "sentence_set": 3, "ordering": 18.0, "text": 58, "paragraph": 2, "mode": "t", "number_children": 0}}, {"pk": 59, "model": "blog.sentence", "fields": {"previous_version": null, "sentence_set": 3, "ordering": 19.0, "text": 59, "paragraph": 2, "mode": "t", "number_children": 0}}, {"pk": 60, "model": "blog.sentence", "fields": {"previous_version": null, "sentence_set": 3, "ordering": 20.0, "text": 60, "paragraph": 2, "mode": "t", "number_children": 0}}, {"pk": 61, "model": "blog.sentence", "fields": {"previous_version": null, "sentence_set": 4, "ordering": 1.0, "text": 61, "paragraph": 1, "mode": "t", "number_children": 0}}, {"pk": 62, "model": "blog.sentence", "fields": {"previous_version": null, "sentence_set": 5, "ordering": 1.0, "text": 62, "paragraph": 1, "mode": "t", "number_children": 0}}, {"pk": 63, "model": "blog.sentence", "fields": {"previous_version": null, "sentence_set": 5, "ordering": 2.0, "text": 63, "paragraph": 1, "mode": "t", "number_children": 0}}, {"pk": 64, "model": "blog.sentence", "fields": {"previous_version": null, "sentence_set": 5, "ordering": 3.0, "text": 64, "paragraph": 1, "mode": "t", "number_children": 0}}, {"pk": 65, "model": "blog.sentence", "fields": {"previous_version": null, "sentence_set": 5, "ordering": 4.0, "text": 65, "paragraph": 1, "mode": "t", "number_children": 0}}, {"pk": 66, "model": "blog.sentence", "fields": {"previous_version": null, "sentence_set": 5, "ordering": 5.0, "text": 66, "paragraph": 1, "mode": "t", "number_children": 0}}, {"pk": 67, "model": "blog.sentence", "fields": {"previous_version": null, "sentence_set": 5, "ordering": 6.0, "text": 67, "paragraph": 1, "mode": "t", "number_children": 0}}, {"pk": 68, "model": "blog.sentence", "fields": {"previous_version": null, "sentence_set": 5, "ordering": 7.0, "text": 68, "paragraph": 1, "mode": "t", "number_children": 0}}, {"pk": 69, "model": "blog.sentence", "fields": {"previous_version": null, "sentence_set": 5, "ordering": 8.0, "text": 69, "paragraph": 1, "mode": "t", "number_children": 0}}, {"pk": 70, "model": "blog.sentence", "fields": {"previous_version": null, "sentence_set": 5, "ordering": 9.0, "text": 70, "paragraph": 1, "mode": "t", "number_children": 0}}, {"pk": 71, "model": "blog.sentence", "fields": {"previous_version": null, "sentence_set": 5, "ordering": 10.0, "text": 71, "paragraph": 1, "mode": "t", "number_children": 0}}, {"pk": 72, "model": "blog.sentence", "fields": {"previous_version": null, "sentence_set": 5, "ordering": 11.0, "text": 72, "paragraph": 1, "mode": "t", "number_children": 0}}, {"pk": 73, "model": "blog.sentence", "fields": {"previous_version": null, "sentence_set": 5, "ordering": 12.0, "text": 73, "paragraph": 1, "mode": "t", "number_children": 0}}, {"pk": 74, "model": "blog.sentence", "fields": {"previous_version": null, "sentence_set": 5, "ordering": 13.0, "text": 74, "paragraph": 1, "mode": "t", "number_children": 0}}, {"pk": 75, "model": "blog.sentence", "fields": {"previous_version": null, "sentence_set": 5, "ordering": 14.0, "text": 75, "paragraph": 1, "mode": "t", "number_children": 0}}, {"pk": 76, "model": "blog.sentence", "fields": {"previous_version": null, "sentence_set": 5, "ordering": 15.0, "text": 76, "paragraph": 1, "mode": "t", "number_children": 0}}, {"pk": 77, "model": "blog.sentence", "fields": {"previous_version": null, "sentence_set": 5, "ordering": 16.0, "text": 77, "paragraph": 2, "mode": "t", "number_children": 0}}, {"pk": 78, "model": "blog.sentence", "fields": {"previous_version": null, "sentence_set": 5, "ordering": 17.0, "text": 78, "paragraph": 2, "mode": "t", "number_children": 0}}, {"pk": 79, "model": "blog.sentence", "fields": {"previous_version": null, "sentence_set": 5, "ordering": 18.0, "text": 79, "paragraph": 2, "mode": "t", "number_children": 0}}, {"pk": 80, "model": "blog.sentence", "fields": {"previous_version": null, "sentence_set": 5, "ordering": 19.0, "text": 80, "paragraph": 2, "mode": "t", "number_children": 0}}, {"pk": 81, "model": "blog.sentence", "fields": {"previous_version": null, "sentence_set": 5, "ordering": 20.0, "text": 81, "paragraph": 2, "mode": "t", "number_children": 0}}, {"pk": 82, "model": "blog.sentence", "fields": {"previous_version": null, "sentence_set": 5, "ordering": 21.0, "text": 82, "paragraph": 2, "mode": "t", "number_children": 0}}, {"pk": 83, "model": "blog.sentence", "fields": {"previous_version": null, "sentence_set": 5, "ordering": 22.0, "text": 83, "paragraph": 2, "mode": "t", "number_children": 0}}, {"pk": 84, "model": "blog.sentence", "fields": {"previous_version": null, "sentence_set": 5, "ordering": 23.0, "text": 84, "paragraph": 2, "mode": "t", "number_children": 0}}, {"pk": 85, "model": "blog.sentence", "fields": {"previous_version": null, "sentence_set": 5, "ordering": 24.0, "text": 85, "paragraph": 2, "mode": "t", "number_children": 0}}, {"pk": 86, "model": "blog.sentence", "fields": {"previous_version": null, "sentence_set": 5, "ordering": 25.0, "text": 86, "paragraph": 2, "mode": "t", "number_children": 0}}, {"pk": 87, "model": "blog.sentence", "fields": {"previous_version": null, "sentence_set": 5, "ordering": 26.0, "text": 87, "paragraph": 2, "mode": "t", "number_children": 0}}, {"pk": 88, "model": "blog.sentence", "fields": {"previous_version": null, "sentence_set": 5, "ordering": 27.0, "text": 88, "paragraph": 2, "mode": "t", "number_children": 0}}, {"pk": 89, "model": "blog.sentence", "fields": {"previous_version": null, "sentence_set": 5, "ordering": 28.0, "text": 89, "paragraph": 2, "mode": "t", "number_children": 0}}, {"pk": 90, "model": "blog.sentence", "fields": {"previous_version": null, "sentence_set": 6, "ordering": 1.0, "text": 90, "paragraph": 1, "mode": "t", "number_children": 0}}, {"pk": 91, "model": "blog.sentence", "fields": {"previous_version": null, "sentence_set": 6, "ordering": 2.0, "text": 91, "paragraph": 1, "mode": "t", "number_children": 0}}, {"pk": 92, "model": "blog.sentence", "fields": {"previous_version": null, "sentence_set": 6, "ordering": 3.0, "text": 92, "paragraph": 1, "mode": "t", "number_children": 0}}, {"pk": 93, "model": "blog.sentence", "fields": {"previous_version": null, "sentence_set": 6, "ordering": 4.0, "text": 93, "paragraph": 1, "mode": "t", "number_children": 0}}, {"pk": 94, "model": "blog.sentence", "fields": {"previous_version": null, "sentence_set": 6, "ordering": 5.0, "text": 94, "paragraph": 1, "mode": "t", "number_children": 0}}, {"pk": 95, "model": "blog.sentence", "fields": {"previous_version": null, "sentence_set": 6, "ordering": 6.0, "text": 95, "paragraph": 1, "mode": "t", "number_children": 0}}, {"pk": 96, "model": "blog.sentence", "fields": {"previous_version": null, "sentence_set": 6, "ordering": 7.0, "text": 96, "paragraph": 1, "mode": "t", "number_children": 0}}, {"pk": 97, "model": "blog.sentence", "fields": {"previous_version": null, "sentence_set": 6, "ordering": 8.0, "text": 97, "paragraph": 1, "mode": "t", "number_children": 0}}, {"pk": 98, "model": "blog.sentence", "fields": {"previous_version": null, "sentence_set": 6, "ordering": 9.0, "text": 98, "paragraph": 2, "mode": "t", "number_children": 0}}, {"pk": 99, "model": "blog.sentence", "fields": {"previous_version": null, "sentence_set": 6, "ordering": 10.0, "text": 99, "paragraph": 2, "mode": "t", "number_children": 0}}, {"pk": 100, "model": "blog.sentence", "fields": {"previous_version": null, "sentence_set": 6, "ordering": 11.0, "text": 100, "paragraph": 2, "mode": "t", "number_children": 0}}, {"pk": 101, "model": "blog.sentence", "fields": {"previous_version": null, "sentence_set": 6, "ordering": 12.0, "text": 101, "paragraph": 2, "mode": "t", "number_children": 0}}, {"pk": 102, "model": "blog.sentence", "fields": {"previous_version": null, "sentence_set": 6, "ordering": 13.0, "text": 102, "paragraph": 2, "mode": "t", "number_children": 0}}, {"pk": 103, "model": "blog.sentence", "fields": {"previous_version": null, "sentence_set": 7, "ordering": 1.0, "text": 103, "paragraph": 1, "mode": "t", "number_children": 0}}, {"pk": 104, "model": "blog.sentence", "fields": {"previous_version": null, "sentence_set": 7, "ordering": 2.0, "text": 104, "paragraph": 1, "mode": "t", "number_children": 0}}, {"pk": 105, "model": "blog.sentence", "fields": {"previous_version": null, "sentence_set": 7, "ordering": 3.0, "text": 105, "paragraph": 1, "mode": "t", "number_children": 0}}, {"pk": 106, "model": "blog.sentence", "fields": {"previous_version": null, "sentence_set": 7, "ordering": 4.0, "text": 106, "paragraph": 1, "mode": "t", "number_children": 0}}, {"pk": 107, "model": "blog.sentence", "fields": {"previous_version": null, "sentence_set": 7, "ordering": 5.0, "text": 107, "paragraph": 1, "mode": "t", "number_children": 0}}, {"pk": 108, "model": "blog.sentence", "fields": {"previous_version": null, "sentence_set": 7, "ordering": 6.0, "text": 108, "paragraph": 1, "mode": "t", "number_children": 0}}, {"pk": 109, "model": "blog.sentence", "fields": {"previous_version": null, "sentence_set": 7, "ordering": 7.0, "text": 109, "paragraph": 2, "mode": "t", "number_children": 0}}, {"pk": 110, "model": "blog.sentence", "fields": {"previous_version": null, "sentence_set": 7, "ordering": 8.0, "text": 110, "paragraph": 2, "mode": "t", "number_children": 0}}, {"pk": 111, "model": "blog.sentence", "fields": {"previous_version": null, "sentence_set": 7, "ordering": 9.0, "text": 111, "paragraph": 2, "mode": "t", "number_children": 0}}, {"pk": 112, "model": "blog.sentence", "fields": {"previous_version": null, "sentence_set": 7, "ordering": 10.0, "text": 112, "paragraph": 2, "mode": "t", "number_children": 0}}, {"pk": 113, "model": "blog.sentence", "fields": {"previous_version": null, "sentence_set": 7, "ordering": 11.0, "text": 113, "paragraph": 2, "mode": "t", "number_children": 0}}, {"pk": 114, "model": "blog.sentence", "fields": {"previous_version": null, "sentence_set": 7, "ordering": 12.0, "text": 114, "paragraph": 2, "mode": "t", "number_children": 0}}, {"pk": 115, "model": "blog.sentence", "fields": {"previous_version": null, "sentence_set": 8, "ordering": 1.0, "text": 115, "paragraph": 1, "mode": "t", "number_children": 0}}, {"pk": 116, "model": "blog.sentence", "fields": {"previous_version": null, "sentence_set": 8, "ordering": 2.0, "text": 116, "paragraph": 1, "mode": "t", "number_children": 0}}, {"pk": 117, "model": "blog.sentence", "fields": {"previous_version": null, "sentence_set": 8, "ordering": 3.0, "text": 117, "paragraph": 1, "mode": "t", "number_children": 0}}, {"pk": 118, "model": "blog.sentence", "fields": {"previous_version": null, "sentence_set": 8, "ordering": 4.0, "text": 118, "paragraph": 1, "mode": "t", "number_children": 0}}, {"pk": 119, "model": "blog.sentence", "fields": {"previous_version": null, "sentence_set": 8, "ordering": 5.0, "text": 119, "paragraph": 1, "mode": "t", "number_children": 0}}, {"pk": 120, "model": "blog.sentence", "fields": {"previous_version": null, "sentence_set": 8, "ordering": 6.0, "text": 120, "paragraph": 1, "mode": "t", "number_children": 0}}, {"pk": 121, "model": "blog.sentence", "fields": {"previous_version": null, "sentence_set": 8, "ordering": 7.0, "text": 121, "paragraph": 1, "mode": "t", "number_children": 0}}, {"pk": 122, "model": "blog.sentence", "fields": {"previous_version": null, "sentence_set": 8, "ordering": 8.0, "text": 122, "paragraph": 1, "mode": "t", "number_children": 0}}, {"pk": 123, "model": "blog.sentence", "fields": {"previous_version": null, "sentence_set": 8, "ordering": 9.0, "text": 123, "paragraph": 1, "mode": "t", "number_children": 0}}, {"pk": 124, "model": "blog.sentence", "fields": {"previous_version": null, "sentence_set": 8, "ordering": 10.0, "text": 124, "paragraph": 1, "mode": "t", "number_children": 0}}, {"pk": 125, "model": "blog.sentence", "fields": {"previous_version": null, "sentence_set": 8, "ordering": 11.0, "text": 125, "paragraph": 1, "mode": "t", "number_children": 0}}, {"pk": 126, "model": "blog.sentence", "fields": {"previous_version": null, "sentence_set": 8, "ordering": 12.0, "text": 126, "paragraph": 1, "mode": "t", "number_children": 0}}, {"pk": 127, "model": "blog.sentence", "fields": {"previous_version": null, "sentence_set": 8, "ordering": 13.0, "text": 127, "paragraph": 1, "mode": "t", "number_children": 0}}, {"pk": 128, "model": "blog.sentence", "fields": {"previous_version": null, "sentence_set": 8, "ordering": 14.0, "text": 128, "paragraph": 1, "mode": "t", "number_children": 0}}, {"pk": 129, "model": "blog.sentence", "fields": {"previous_version": null, "sentence_set": 8, "ordering": 15.0, "text": 129, "paragraph": 1, "mode": "t", "number_children": 0}}, {"pk": 130, "model": "blog.sentence", "fields": {"previous_version": null, "sentence_set": 8, "ordering": 16.0, "text": 130, "paragraph": 2, "mode": "t", "number_children": 0}}, {"pk": 131, "model": "blog.sentence", "fields": {"previous_version": null, "sentence_set": 8, "ordering": 17.0, "text": 131, "paragraph": 2, "mode": "t", "number_children": 0}}, {"pk": 132, "model": "blog.sentence", "fields": {"previous_version": null, "sentence_set": 8, "ordering": 18.0, "text": 132, "paragraph": 2, "mode": "t", "number_children": 0}}, {"pk": 133, "model": "blog.sentence", "fields": {"previous_version": null, "sentence_set": 8, "ordering": 19.0, "text": 133, "paragraph": 2, "mode": "t", "number_children": 0}}, {"pk": 134, "model": "blog.sentence", "fields": {"previous_version": null, "sentence_set": 8, "ordering": 20.0, "text": 134, "paragraph": 2, "mode": "t", "number_children": 0}}, {"pk": 135, "model": "blog.sentence", "fields": {"previous_version": null, "sentence_set": 8, "ordering": 21.0, "text": 135, "paragraph": 2, "mode": "t", "number_children": 0}}, {"pk": 136, "model": "blog.sentence", "fields": {"previous_version": null, "sentence_set": 8, "ordering": 22.0, "text": 136, "paragraph": 2, "mode": "t", "number_children": 0}}, {"pk": 137, "model": "blog.sentence", "fields": {"previous_version": null, "sentence_set": 8, "ordering": 23.0, "text": 137, "paragraph": 2, "mode": "t", "number_children": 0}}, {"pk": 138, "model": "blog.sentence", "fields": {"previous_version": null, "sentence_set": 8, "ordering": 24.0, "text": 138, "paragraph": 2, "mode": "t", "number_children": 0}}, {"pk": 139, "model": "blog.sentence", "fields": {"previous_version": null, "sentence_set": 8, "ordering": 25.0, "text": 139, "paragraph": 2, "mode": "t", "number_children": 0}}, {"pk": 140, "model": "blog.sentence", "fields": {"previous_version": null, "sentence_set": 8, "ordering": 26.0, "text": 140, "paragraph": 2, "mode": "t", "number_children": 0}}, {"pk": 141, "model": "blog.sentence", "fields": {"previous_version": null, "sentence_set": 9, "ordering": 1.0, "text": 141, "paragraph": 1, "mode": "t", "number_children": 0}}, {"pk": 142, "model": "blog.sentence", "fields": {"previous_version": null, "sentence_set": 9, "ordering": 2.0, "text": 142, "paragraph": 1, "mode": "t", "number_children": 0}}, {"pk": 143, "model": "blog.sentence", "fields": {"previous_version": null, "sentence_set": 9, "ordering": 3.0, "text": 143, "paragraph": 1, "mode": "t", "number_children": 0}}, {"pk": 144, "model": "blog.sentence", "fields": {"previous_version": null, "sentence_set": 10, "ordering": 1.0, "text": 144, "paragraph": 1, "mode": "t", "number_children": 0}}, {"pk": 145, "model": "blog.sentence", "fields": {"previous_version": null, "sentence_set": 10, "ordering": 2.0, "text": 145, "paragraph": 1, "mode": "t", "number_children": 0}}, {"pk": 146, "model": "blog.sentence", "fields": {"previous_version": null, "sentence_set": 10, "ordering": 3.0, "text": 146, "paragraph": 1, "mode": "t", "number_children": 0}}, {"pk": 147, "model": "blog.sentence", "fields": {"previous_version": null, "sentence_set": 10, "ordering": 4.0, "text": 147, "paragraph": 1, "mode": "t", "number_children": 0}}, {"pk": 148, "model": "blog.sentence", "fields": {"previous_version": null, "sentence_set": 10, "ordering": 5.0, "text": 148, "paragraph": 2, "mode": "t", "number_children": 0}}, {"pk": 149, "model": "blog.sentence", "fields": {"previous_version": null, "sentence_set": 10, "ordering": 6.0, "text": 149, "paragraph": 2, "mode": "t", "number_children": 0}}, {"pk": 150, "model": "blog.sentence", "fields": {"previous_version": null, "sentence_set": 10, "ordering": 7.0, "text": 150, "paragraph": 2, "mode": "t", "number_children": 0}}, {"pk": 151, "model": "blog.sentence", "fields": {"previous_version": null, "sentence_set": 10, "ordering": 8.0, "text": 151, "paragraph": 2, "mode": "t", "number_children": 0}}, {"pk": 152, "model": "blog.sentence", "fields": {"previous_version": null, "sentence_set": 10, "ordering": 9.0, "text": 152, "paragraph": 2, "mode": "t", "number_children": 0}}, {"pk": 153, "model": "blog.sentence", "fields": {"previous_version": null, "sentence_set": 11, "ordering": 1.0, "text": 153, "paragraph": 1, "mode": "t", "number_children": 0}}, {"pk": 154, "model": "blog.sentence", "fields": {"previous_version": null, "sentence_set": 11, "ordering": 2.0, "text": 154, "paragraph": 1, "mode": "t", "number_children": 0}}, {"pk": 155, "model": "blog.sentence", "fields": {"previous_version": null, "sentence_set": 11, "ordering": 3.0, "text": 155, "paragraph": 1, "mode": "t", "number_children": 0}}, {"pk": 156, "model": "blog.sentence", "fields": {"previous_version": null, "sentence_set": 11, "ordering": 4.0, "text": 156, "paragraph": 1, "mode": "t", "number_children": 0}}, {"pk": 157, "model": "blog.sentence", "fields": {"previous_version": null, "sentence_set": 11, "ordering": 5.0, "text": 157, "paragraph": 1, "mode": "t", "number_children": 0}}, {"pk": 158, "model": "blog.sentence", "fields": {"previous_version": null, "sentence_set": 11, "ordering": 6.0, "text": 158, "paragraph": 1, "mode": "t", "number_children": 0}}, {"pk": 159, "model": "blog.sentence", "fields": {"previous_version": null, "sentence_set": 11, "ordering": 7.0, "text": 159, "paragraph": 1, "mode": "t", "number_children": 0}}, {"pk": 160, "model": "blog.sentence", "fields": {"previous_version": null, "sentence_set": 11, "ordering": 8.0, "text": 160, "paragraph": 1, "mode": "t", "number_children": 0}}, {"pk": 161, "model": "blog.sentence", "fields": {"previous_version": null, "sentence_set": 11, "ordering": 9.0, "text": 161, "paragraph": 1, "mode": "t", "number_children": 0}}, {"pk": 162, "model": "blog.sentence", "fields": {"previous_version": null, "sentence_set": 11, "ordering": 10.0, "text": 162, "paragraph": 2, "mode": "t", "number_children": 0}}, {"pk": 163, "model": "blog.sentence", "fields": {"previous_version": null, "sentence_set": 11, "ordering": 11.0, "text": 163, "paragraph": 2, "mode": "t", "number_children": 0}}, {"pk": 164, "model": "blog.sentence", "fields": {"previous_version": null, "sentence_set": 11, "ordering": 12.0, "text": 164, "paragraph": 2, "mode": "t", "number_children": 0}}, {"pk": 165, "model": "blog.sentence", "fields": {"previous_version": null, "sentence_set": 11, "ordering": 13.0, "text": 165, "paragraph": 2, "mode": "t", "number_children": 0}}, {"pk": 166, "model": "blog.sentence", "fields": {"previous_version": null, "sentence_set": 11, "ordering": 14.0, "text": 166, "paragraph": 2, "mode": "t", "number_children": 0}}, {"pk": 167, "model": "blog.sentence", "fields": {"previous_version": null, "sentence_set": 11, "ordering": 15.0, "text": 167, "paragraph": 2, "mode": "t", "number_children": 0}}, {"pk": 168, "model": "blog.sentence", "fields": {"previous_version": null, "sentence_set": 11, "ordering": 16.0, "text": 168, "paragraph": 2, "mode": "t", "number_children": 0}}, {"pk": 169, "model": "blog.sentence", "fields": {"previous_version": null, "sentence_set": 11, "ordering": 17.0, "text": 169, "paragraph": 2, "mode": "t", "number_children": 0}}, {"pk": 170, "model": "blog.sentence", "fields": {"previous_version": null, "sentence_set": 11, "ordering": 18.0, "text": 170, "paragraph": 2, "mode": "t", "number_children": 0}}, {"pk": 171, "model": "blog.sentence", "fields": {"previous_version": null, "sentence_set": 12, "ordering": 1.0, "text": 171, "paragraph": 1, "mode": "t", "number_children": 0}}, {"pk": 172, "model": "blog.sentence", "fields": {"previous_version": null, "sentence_set": 12, "ordering": 2.0, "text": 172, "paragraph": 1, "mode": "t", "number_children": 0}}, {"pk": 173, "model": "blog.sentence", "fields": {"previous_version": null, "sentence_set": 12, "ordering": 3.0, "text": 173, "paragraph": 1, "mode": "t", "number_children": 0}}, {"pk": 174, "model": "blog.sentence", "fields": {"previous_version": null, "sentence_set": 12, "ordering": 4.0, "text": 174, "paragraph": 1, "mode": "t", "number_children": 0}}, {"pk": 175, "model": "blog.sentence", "fields": {"previous_version": null, "sentence_set": 12, "ordering": 5.0, "text": 175, "paragraph": 1, "mode": "t", "number_children": 0}}, {"pk": 176, "model": "blog.sentence", "fields": {"previous_version": null, "sentence_set": 12, "ordering": 6.0, "text": 176, "paragraph": 1, "mode": "t", "number_children": 0}}, {"pk": 177, "model": "blog.sentence", "fields": {"previous_version": null, "sentence_set": 12, "ordering": 7.0, "text": 177, "paragraph": 1, "mode": "t", "number_children": 0}}, {"pk": 178, "model": "blog.sentence", "fields": {"previous_version": null, "sentence_set": 12, "ordering": 8.0, "text": 178, "paragraph": 1, "mode": "t", "number_children": 0}}, {"pk": 179, "model": "blog.sentence", "fields": {"previous_version": null, "sentence_set": 12, "ordering": 9.0, "text": 179, "paragraph": 1, "mode": "t", "number_children": 0}}, {"pk": 180, "model": "blog.sentence", "fields": {"previous_version": null, "sentence_set": 12, "ordering": 10.0, "text": 180, "paragraph": 1, "mode": "t", "number_children": 0}}, {"pk": 181, "model": "blog.sentence", "fields": {"previous_version": null, "sentence_set": 12, "ordering": 11.0, "text": 181, "paragraph": 1, "mode": "t", "number_children": 0}}, {"pk": 182, "model": "blog.sentence", "fields": {"previous_version": null, "sentence_set": 12, "ordering": 12.0, "text": 182, "paragraph": 1, "mode": "t", "number_children": 0}}, {"pk": 183, "model": "blog.sentence", "fields": {"previous_version": null, "sentence_set": 12, "ordering": 13.0, "text": 183, "paragraph": 2, "mode": "t", "number_children": 0}}, {"pk": 184, "model": "blog.sentence", "fields": {"previous_version": null, "sentence_set": 12, "ordering": 14.0, "text": 184, "paragraph": 2, "mode": "t", "number_children": 0}}, {"pk": 185, "model": "blog.sentence", "fields": {"previous_version": null, "sentence_set": 12, "ordering": 15.0, "text": 185, "paragraph": 2, "mode": "t", "number_children": 0}}, {"pk": 186, "model": "blog.sentence", "fields": {"previous_version": null, "sentence_set": 12, "ordering": 16.0, "text": 186, "paragraph": 2, "mode": "t", "number_children": 0}}, {"pk": 187, "model": "blog.sentence", "fields": {"previous_version": null, "sentence_set": 12, "ordering": 17.0, "text": 187, "paragraph": 2, "mode": "t", "number_children": 0}}, {"pk": 188, "model": "blog.sentence", "fields": {"previous_version": null, "sentence_set": 12, "ordering": 18.0, "text": 188, "paragraph": 2, "mode": "t", "number_children": 0}}, {"pk": 189, "model": "blog.sentence", "fields": {"previous_version": null, "sentence_set": 12, "ordering": 19.0, "text": 189, "paragraph": 2, "mode": "t", "number_children": 0}}, {"pk": 190, "model": "blog.sentence", "fields": {"previous_version": null, "sentence_set": 12, "ordering": 20.0, "text": 190, "paragraph": 2, "mode": "t", "number_children": 0}}, {"pk": 191, "model": "blog.sentence", "fields": {"previous_version": null, "sentence_set": 12, "ordering": 21.0, "text": 191, "paragraph": 2, "mode": "t", "number_children": 0}}, {"pk": 192, "model": "blog.sentence", "fields": {"previous_version": null, "sentence_set": 12, "ordering": 22.0, "text": 192, "paragraph": 2, "mode": "t", "number_children": 0}}, {"pk": 193, "model": "blog.sentence", "fields": {"previous_version": null, "sentence_set": 12, "ordering": 23.0, "text": 193, "paragraph": 2, "mode": "t", "number_children": 0}}, {"pk": 194, "model": "blog.sentence", "fields": {"previous_version": null, "sentence_set": 12, "ordering": 24.0, "text": 194, "paragraph": 2, "mode": "t", "number_children": 0}}, {"pk": 195, "model": "blog.sentence", "fields": {"previous_version": null, "sentence_set": 13, "ordering": 1.0, "text": 195, "paragraph": 1, "mode": "t", "number_children": 0}}, {"pk": 196, "model": "blog.sentence", "fields": {"previous_version": null, "sentence_set": 13, "ordering": 2.0, "text": 196, "paragraph": 1, "mode": "t", "number_children": 0}}, {"pk": 197, "model": "blog.sentence", "fields": {"previous_version": null, "sentence_set": 13, "ordering": 3.0, "text": 197, "paragraph": 1, "mode": "t", "number_children": 0}}, {"pk": 198, "model": "blog.sentence", "fields": {"previous_version": null, "sentence_set": 13, "ordering": 4.0, "text": 198, "paragraph": 1, "mode": "t", "number_children": 0}}, {"pk": 199, "model": "blog.sentence", "fields": {"previous_version": null, "sentence_set": 13, "ordering": 5.0, "text": 199, "paragraph": 1, "mode": "t", "number_children": 0}}, {"pk": 200, "model": "blog.sentence", "fields": {"previous_version": null, "sentence_set": 13, "ordering": 6.0, "text": 200, "paragraph": 1, "mode": "t", "number_children": 0}}, {"pk": 201, "model": "blog.sentence", "fields": {"previous_version": null, "sentence_set": 13, "ordering": 7.0, "text": 201, "paragraph": 1, "mode": "t", "number_children": 0}}, {"pk": 202, "model": "blog.sentence", "fields": {"previous_version": null, "sentence_set": 13, "ordering": 8.0, "text": 202, "paragraph": 1, "mode": "t", "number_children": 0}}, {"pk": 203, "model": "blog.sentence", "fields": {"previous_version": null, "sentence_set": 13, "ordering": 9.0, "text": 203, "paragraph": 2, "mode": "t", "number_children": 0}}, {"pk": 204, "model": "blog.sentence", "fields": {"previous_version": null, "sentence_set": 13, "ordering": 10.0, "text": 204, "paragraph": 2, "mode": "t", "number_children": 0}}, {"pk": 205, "model": "blog.sentence", "fields": {"previous_version": null, "sentence_set": 13, "ordering": 11.0, "text": 205, "paragraph": 2, "mode": "t", "number_children": 0}}, {"pk": 206, "model": "blog.sentence", "fields": {"previous_version": null, "sentence_set": 13, "ordering": 12.0, "text": 206, "paragraph": 2, "mode": "t", "number_children": 0}}, {"pk": 207, "model": "blog.sentence", "fields": {"previous_version": null, "sentence_set": 14, "ordering": 1.0, "text": 207, "paragraph": 1, "mode": "t", "number_children": 0}}, {"pk": 208, "model": "blog.sentence", "fields": {"previous_version": null, "sentence_set": 14, "ordering": 2.0, "text": 208, "paragraph": 1, "mode": "t", "number_children": 0}}, {"pk": 209, "model": "blog.sentence", "fields": {"previous_version": null, "sentence_set": 14, "ordering": 3.0, "text": 209, "paragraph": 1, "mode": "t", "number_children": 0}}, {"pk": 210, "model": "blog.sentence", "fields": {"previous_version": null, "sentence_set": 14, "ordering": 4.0, "text": 210, "paragraph": 1, "mode": "t", "number_children": 0}}, {"pk": 211, "model": "blog.sentence", "fields": {"previous_version": null, "sentence_set": 14, "ordering": 5.0, "text": 211, "paragraph": 1, "mode": "t", "number_children": 0}}, {"pk": 212, "model": "blog.sentence", "fields": {"previous_version": null, "sentence_set": 14, "ordering": 6.0, "text": 212, "paragraph": 1, "mode": "t", "number_children": 0}}, {"pk": 213, "model": "blog.sentence", "fields": {"previous_version": null, "sentence_set": 14, "ordering": 7.0, "text": 213, "paragraph": 1, "mode": "t", "number_children": 0}}, {"pk": 214, "model": "blog.sentence", "fields": {"previous_version": null, "sentence_set": 14, "ordering": 8.0, "text": 214, "paragraph": 1, "mode": "t", "number_children": 0}}, {"pk": 215, "model": "blog.sentence", "fields": {"previous_version": null, "sentence_set": 14, "ordering": 9.0, "text": 215, "paragraph": 1, "mode": "t", "number_children": 0}}, {"pk": 216, "model": "blog.sentence", "fields": {"previous_version": null, "sentence_set": 14, "ordering": 10.0, "text": 216, "paragraph": 1, "mode": "t", "number_children": 0}}, {"pk": 217, "model": "blog.sentence", "fields": {"previous_version": null, "sentence_set": 14, "ordering": 11.0, "text": 217, "paragraph": 1, "mode": "t", "number_children": 0}}, {"pk": 218, "model": "blog.sentence", "fields": {"previous_version": null, "sentence_set": 14, "ordering": 12.0, "text": 218, "paragraph": 1, "mode": "t", "number_children": 0}}, {"pk": 219, "model": "blog.sentence", "fields": {"previous_version": null, "sentence_set": 14, "ordering": 13.0, "text": 219, "paragraph": 1, "mode": "t", "number_children": 0}}, {"pk": 220, "model": "blog.sentence", "fields": {"previous_version": null, "sentence_set": 14, "ordering": 14.0, "text": 220, "paragraph": 1, "mode": "t", "number_children": 0}}, {"pk": 221, "model": "blog.sentence", "fields": {"previous_version": null, "sentence_set": 14, "ordering": 15.0, "text": 221, "paragraph": 1, "mode": "t", "number_children": 0}}, {"pk": 222, "model": "blog.sentence", "fields": {"previous_version": null, "sentence_set": 14, "ordering": 16.0, "text": 222, "paragraph": 1, "mode": "t", "number_children": 0}}, {"pk": 223, "model": "blog.sentence", "fields": {"previous_version": null, "sentence_set": 14, "ordering": 17.0, "text": 223, "paragraph": 2, "mode": "t", "number_children": 0}}, {"pk": 224, "model": "blog.sentence", "fields": {"previous_version": null, "sentence_set": 14, "ordering": 18.0, "text": 224, "paragraph": 2, "mode": "t", "number_children": 0}}, {"pk": 225, "model": "blog.sentence", "fields": {"previous_version": null, "sentence_set": 14, "ordering": 19.0, "text": 225, "paragraph": 2, "mode": "t", "number_children": 0}}, {"pk": 226, "model": "blog.sentence", "fields": {"previous_version": null, "sentence_set": 14, "ordering": 20.0, "text": 226, "paragraph": 2, "mode": "t", "number_children": 0}}, {"pk": 227, "model": "blog.sentence", "fields": {"previous_version": null, "sentence_set": 14, "ordering": 21.0, "text": 227, "paragraph": 2, "mode": "t", "number_children": 0}}, {"pk": 228, "model": "blog.sentence", "fields": {"previous_version": null, "sentence_set": 14, "ordering": 22.0, "text": 228, "paragraph": 2, "mode": "t", "number_children": 0}}, {"pk": 229, "model": "blog.sentence", "fields": {"previous_version": null, "sentence_set": 14, "ordering": 23.0, "text": 229, "paragraph": 2, "mode": "t", "number_children": 0}}, {"pk": 230, "model": "blog.sentence", "fields": {"previous_version": null, "sentence_set": 14, "ordering": 24.0, "text": 230, "paragraph": 2, "mode": "t", "number_children": 0}}, {"pk": 231, "model": "blog.sentence", "fields": {"previous_version": null, "sentence_set": 14, "ordering": 25.0, "text": 231, "paragraph": 2, "mode": "t", "number_children": 0}}, {"pk": 232, "model": "blog.sentence", "fields": {"previous_version": null, "sentence_set": 14, "ordering": 26.0, "text": 232, "paragraph": 2, "mode": "t", "number_children": 0}}, {"pk": 233, "model": "blog.sentence", "fields": {"previous_version": null, "sentence_set": 14, "ordering": 27.0, "text": 233, "paragraph": 2, "mode": "t", "number_children": 0}}, {"pk": 234, "model": "blog.sentence", "fields": {"previous_version": null, "sentence_set": 14, "ordering": 28.0, "text": 234, "paragraph": 2, "mode": "t", "number_children": 0}}, {"pk": 235, "model": "blog.sentence", "fields": {"previous_version": null, "sentence_set": 15, "ordering": 1.0, "text": 235, "paragraph": 1, "mode": "t", "number_children": 0}}, {"pk": 236, "model": "blog.sentence", "fields": {"previous_version": null, "sentence_set": 15, "ordering": 2.0, "text": 236, "paragraph": 1, "mode": "t", "number_children": 0}}, {"pk": 237, "model": "blog.sentence", "fields": {"previous_version": null, "sentence_set": 15, "ordering": 3.0, "text": 237, "paragraph": 1, "mode": "t", "number_children": 0}}, {"pk": 238, "model": "blog.sentence", "fields": {"previous_version": null, "sentence_set": 15, "ordering": 4.0, "text": 238, "paragraph": 1, "mode": "t", "number_children": 0}}, {"pk": 239, "model": "blog.sentence", "fields": {"previous_version": null, "sentence_set": 15, "ordering": 5.0, "text": 239, "paragraph": 2, "mode": "t", "number_children": 0}}, {"pk": 240, "model": "blog.sentence", "fields": {"previous_version": null, "sentence_set": 15, "ordering": 6.0, "text": 240, "paragraph": 2, "mode": "t", "number_children": 0}}, {"pk": 241, "model": "blog.sentence", "fields": {"previous_version": null, "sentence_set": 15, "ordering": 7.0, "text": 241, "paragraph": 2, "mode": "t", "number_children": 0}}, {"pk": 242, "model": "blog.sentence", "fields": {"previous_version": null, "sentence_set": 16, "ordering": 1.0, "text": 242, "paragraph": 1, "mode": "t", "number_children": 0}}, {"pk": 243, "model": "blog.sentence", "fields": {"previous_version": null, "sentence_set": 16, "ordering": 2.0, "text": 243, "paragraph": 1, "mode": "t", "number_children": 0}}, {"pk": 244, "model": "blog.sentence", "fields": {"previous_version": null, "sentence_set": 16, "ordering": 3.0, "text": 244, "paragraph": 1, "mode": "t", "number_children": 0}}, {"pk": 245, "model": "blog.sentence", "fields": {"previous_version": null, "sentence_set": 16, "ordering": 4.0, "text": 245, "paragraph": 1, "mode": "t", "number_children": 0}}, {"pk": 246, "model": "blog.sentence", "fields": {"previous_version": null, "sentence_set": 16, "ordering": 5.0, "text": 246, "paragraph": 1, "mode": "t", "number_children": 0}}, {"pk": 247, "model": "blog.sentence", "fields": {"previous_version": null, "sentence_set": 16, "ordering": 6.0, "text": 247, "paragraph": 1, "mode": "t", "number_children": 0}}, {"pk": 248, "model": "blog.sentence", "fields": {"previous_version": null, "sentence_set": 16, "ordering": 7.0, "text": 248, "paragraph": 2, "mode": "t", "number_children": 0}}, {"pk": 249, "model": "blog.sentence", "fields": {"previous_version": null, "sentence_set": 16, "ordering": 8.0, "text": 249, "paragraph": 2, "mode": "t", "number_children": 0}}, {"pk": 250, "model": "blog.sentence", "fields": {"previous_version": null, "sentence_set": 16, "ordering": 9.0, "text": 250, "paragraph": 2, "mode": "t", "number_children": 0}}, {"pk": 251, "model": "blog.sentence", "fields": {"previous_version": null, "sentence_set": 16, "ordering": 10.0, "text": 251, "paragraph": 2, "mode": "t", "number_children": 0}}, {"pk": 252, "model": "blog.sentence", "fields": {"previous_version": null, "sentence_set": 16, "ordering": 11.0, "text": 252, "paragraph": 2, "mode": "t", "number_children": 0}}, {"pk": 253, "model": "blog.sentence", "fields": {"previous_version": null, "sentence_set": 16, "ordering": 12.0, "text": 253, "paragraph": 2, "mode": "t", "number_children": 0}}, {"pk": 254, "model": "blog.sentence", "fields": {"previous_version": null, "sentence_set": 16, "ordering": 13.0, "text": 254, "paragraph": 2, "mode": "t", "number_children": 0}}, {"pk": 255, "model": "blog.sentence", "fields": {"previous_version": null, "sentence_set": 18, "ordering": 1.0, "text": 255, "paragraph": 1, "mode": "t", "number_children": 0}}, {"pk": 256, "model": "blog.sentence", "fields": {"previous_version": null, "sentence_set": 18, "ordering": 2.0, "text": 256, "paragraph": 1, "mode": "t", "number_children": 0}}, {"pk": 257, "model": "blog.sentence", "fields": {"previous_version": null, "sentence_set": 18, "ordering": 3.0, "text": 257, "paragraph": 1, "mode": "t", "number_children": 0}}, {"pk": 258, "model": "blog.sentence", "fields": {"previous_version": null, "sentence_set": 18, "ordering": 4.0, "text": 258, "paragraph": 1, "mode": "t", "number_children": 0}}, {"pk": 259, "model": "blog.sentence", "fields": {"previous_version": null, "sentence_set": 18, "ordering": 5.0, "text": 259, "paragraph": 1, "mode": "t", "number_children": 0}}, {"pk": 260, "model": "blog.sentence", "fields": {"previous_version": null, "sentence_set": 18, "ordering": 6.0, "text": 260, "paragraph": 1, "mode": "t", "number_children": 0}}, {"pk": 261, "model": "blog.sentence", "fields": {"previous_version": null, "sentence_set": 18, "ordering": 7.0, "text": 261, "paragraph": 1, "mode": "t", "number_children": 0}}, {"pk": 262, "model": "blog.sentence", "fields": {"previous_version": null, "sentence_set": 18, "ordering": 8.0, "text": 262, "paragraph": 1, "mode": "t", "number_children": 0}}, {"pk": 263, "model": "blog.sentence", "fields": {"previous_version": null, "sentence_set": 18, "ordering": 9.0, "text": 263, "paragraph": 2, "mode": "t", "number_children": 0}}, {"pk": 264, "model": "blog.sentence", "fields": {"previous_version": null, "sentence_set": 18, "ordering": 10.0, "text": 264, "paragraph": 2, "mode": "t", "number_children": 0}}, {"pk": 265, "model": "blog.sentence", "fields": {"previous_version": null, "sentence_set": 18, "ordering": 11.0, "text": 265, "paragraph": 2, "mode": "t", "number_children": 0}}, {"pk": 266, "model": "blog.sentence", "fields": {"previous_version": null, "sentence_set": 18, "ordering": 12.0, "text": 266, "paragraph": 2, "mode": "t", "number_children": 0}}, {"pk": 267, "model": "blog.sentence", "fields": {"previous_version": null, "sentence_set": 18, "ordering": 13.0, "text": 267, "paragraph": 2, "mode": "t", "number_children": 0}}, {"pk": 268, "model": "blog.sentence", "fields": {"previous_version": null, "sentence_set": 18, "ordering": 14.0, "text": 268, "paragraph": 2, "mode": "t", "number_children": 0}}, {"pk": 269, "model": "blog.sentence", "fields": {"previous_version": null, "sentence_set": 18, "ordering": 15.0, "text": 269, "paragraph": 2, "mode": "t", "number_children": 0}}, {"pk": 270, "model": "blog.sentence", "fields": {"previous_version": null, "sentence_set": 18, "ordering": 16.0, "text": 270, "paragraph": 2, "mode": "t", "number_children": 0}}, {"pk": 271, "model": "blog.sentence", "fields": {"previous_version": null, "sentence_set": 18, "ordering": 17.0, "text": 271, "paragraph": 2, "mode": "t", "number_children": 0}}, {"pk": 1, "model": "blog.text", "fields": {"classifier": null, "value": "Apparently he believes Mr. Buckley holds the key to the Democratic organization's acceptance of his choices for running mates without a struggle .", "created": "2013-12-26T03:16:55.694Z"}}, {"pk": 2, "model": "blog.text", "fields": {"classifier": null, "value": "Pianists who are serious about their work are likely to know the interesting material contained in Schubert's Sonatas .", "created": "2013-12-26T03:16:56.320Z"}}, {"pk": 3, "model": "blog.text", "fields": {"classifier": null, "value": "health , hygiene , medical aid and preventive medicine ; ;", "created": "2013-12-26T03:16:57.000Z"}}, {"pk": 4, "model": "blog.text", "fields": {"classifier": null, "value": "There is little optimism here that the Communists will be any more docile at the conference table than they were in military actions on the ground in Laos .", "created": "2013-12-26T03:16:57.313Z"}}, {"pk": 5, "model": "blog.text", "fields": {"classifier": null, "value": "`` A person with a master's degree in physics , chemistry , math or English , yet who has not taken Education courses , is not permitted to teach in the public schools '' , said Grover .", "created": "2013-12-26T03:16:57.638Z"}}, {"pk": 6, "model": "blog.text", "fields": {"classifier": null, "value": "Community shelters are , of course , necessary for those having no space for shelter .", "created": "2013-12-26T03:16:58.211Z"}}, {"pk": 7, "model": "blog.text", "fields": {"classifier": null, "value": "New owners", "created": "2013-12-26T03:16:58.643Z"}}, {"pk": 8, "model": "blog.text", "fields": {"classifier": null, "value": "When Continental Airlines night-coach Flight 54 took off at 11:30 one night last week , there was no reason to think it would take any longer .", "created": "2013-12-26T03:16:59.118Z"}}, {"pk": 9, "model": "blog.text", "fields": {"classifier": null, "value": "Failing this , he would pull alongside at the first opportunity and shake his fist threateningly .", "created": "2013-12-26T03:16:59.664Z"}}, {"pk": 10, "model": "blog.text", "fields": {"classifier": null, "value": "Stagecoach Days is the theme for the weekend on the Old Chisholm Trail .", "created": "2013-12-26T03:17:00.103Z"}}, {"pk": 11, "model": "blog.text", "fields": {"classifier": null, "value": "Easier access .", "created": "2013-12-26T03:17:00.599Z"}}, {"pk": 12, "model": "blog.text", "fields": {"classifier": null, "value": "Dallas", "created": "2013-12-26T03:17:01.163Z"}}, {"pk": 13, "model": "blog.text", "fields": {"classifier": null, "value": "They will take a wedding trip later .", "created": "2013-12-26T03:17:01.576Z"}}, {"pk": 14, "model": "blog.text", "fields": {"classifier": null, "value": "He said no matter what stand he takes it would be misconstrued that he was sympathetic to one or the other of the Republicans .", "created": "2013-12-26T03:17:01.963Z"}}, {"pk": 15, "model": "blog.text", "fields": {"classifier": null, "value": "Local police have hesitated to prosecute them because of the heavy court costs involved even for the simplest offense .", "created": "2013-12-26T03:17:02.283Z"}}, {"pk": 16, "model": "blog.text", "fields": {"classifier": null, "value": "In the past such government claims have been found exaggerated .", "created": "2013-12-26T03:17:02.714Z"}}, {"pk": 17, "model": "blog.text", "fields": {"classifier": null, "value": "Sometimes they get their initial experience in church haflis , conducted by Lebanese and Syrians in the U.S. , where they dance with just as few veils across their bodies as in nightclubs .", "created": "2013-12-26T03:17:03.322Z"}}, {"pk": 18, "model": "blog.text", "fields": {"classifier": null, "value": "And just how far can the Legislature go toward setting up a self-insurance system for the state in the midst of a governor's race '' ? ?", "created": "2013-12-26T03:17:03.903Z"}}, {"pk": 19, "model": "blog.text", "fields": {"classifier": null, "value": "We think differently .", "created": "2013-12-26T03:17:04.535Z"}}, {"pk": 20, "model": "blog.text", "fields": {"classifier": null, "value": "He is not interested in being named a full-time director .", "created": "2013-12-26T03:17:04.894Z"}}, {"pk": 21, "model": "blog.text", "fields": {"classifier": null, "value": "Each dot on magnification resumed its original condition as a drawing , a printed page , or a manuscript .", "created": "2013-12-26T03:17:05.267Z"}}, {"pk": 22, "model": "blog.text", "fields": {"classifier": null, "value": "Her husband , who was sentenced to 15 years in the federal prison at McNeil Island last April for robbery of the Hillsdale branch of Multnomah Bank , also was charged with the store holdup .", "created": "2013-12-26T03:17:05.736Z"}}, {"pk": 23, "model": "blog.text", "fields": {"classifier": null, "value": "A formula to supply players for the new Minneapolis Vikings and the problem of increasing the 1961 schedule to fourteen games will be discussed by National Football League owners at a meeting at the Hotel Warwick today .", "created": "2013-12-26T03:17:06.127Z"}}, {"pk": 24, "model": "blog.text", "fields": {"classifier": null, "value": "This is a remarkable book and an astonishingly interesting one .", "created": "2013-12-26T03:17:06.788Z"}}, {"pk": 25, "model": "blog.text", "fields": {"classifier": null, "value": "Besides the bundle centers where contributions may be made there will be facilities at Philmont Country Club for those who would like to bring the bundles on the night of the party .", "created": "2013-12-26T03:17:07.276Z"}}, {"pk": 26, "model": "blog.text", "fields": {"classifier": null, "value": "Sawalisch also conducts `` The Flying Dutch '' , opening July 24 .", "created": "2013-12-26T03:17:08.537Z"}}, {"pk": 27, "model": "blog.text", "fields": {"classifier": null, "value": "This strategy heightened the possibility that we would have a nuclear war .", "created": "2013-12-26T03:17:09.086Z"}}, {"pk": 28, "model": "blog.text", "fields": {"classifier": null, "value": "Since the Connally amendment has the effect of giving the same right to the other party to a dispute with the United States , it also prevents us from using the court effectively .", "created": "2013-12-26T03:17:09.674Z"}}, {"pk": 29, "model": "blog.text", "fields": {"classifier": null, "value": "The increase also was opposed by Leonard Kaplan , spokesman for the Home Builders Association of Philadelphia , on behalf of association members who operate apartment houses .", "created": "2013-12-26T03:17:10.084Z"}}, {"pk": 30, "model": "blog.text", "fields": {"classifier": null, "value": "It combines qualities that are seldom found in one work : Scrupulous scholarship , a fund of personal experience , a sense of drama and characterization and a broad grasp of the era's great historical issues .", "created": "2013-12-26T03:17:10.725Z"}}, {"pk": 31, "model": "blog.text", "fields": {"classifier": null, "value": "In Kennedy's speech are cross currents , sensible ones and senseless ones , reflecting the great struggle of opinions between the President's advisers and the political and economic forces behind them .", "created": "2013-12-26T03:17:11.318Z"}}, {"pk": 32, "model": "blog.text", "fields": {"classifier": null, "value": "From International Airport in Los Angeles to International Airport in Houston , as the great four-jet Boeing 707 flies , is a routine five hours and 25 minutes , including stopovers at Phoenix , El Paso , and San Antonio .", "created": "2013-12-26T03:17:11.839Z"}}, {"pk": 33, "model": "blog.text", "fields": {"classifier": null, "value": "The plan will provide $45 million for purchase of open land by the state .", "created": "2013-12-26T03:17:12.192Z"}}, {"pk": 34, "model": "blog.text", "fields": {"classifier": null, "value": "One of the roughest was the TV quiz shows , which gave him inferiority complexes .", "created": "2013-12-26T03:17:12.725Z"}}, {"pk": 35, "model": "blog.text", "fields": {"classifier": null, "value": "But watching Mrs. Cyril Ring , Berniece Dalton Janssen , Mrs. Robert Jarvis , Mrs. Walter Adams order low-calorie seafood , no bread , I could see the Ziegfeld Girls of 1920 were determined to be glamorous grandmothers of 1961 .", "created": "2013-12-26T03:17:13.818Z"}}, {"pk": 36, "model": "blog.text", "fields": {"classifier": null, "value": "In his first six weeks in office he presided over 96 conferences , attended 35 official breakfasts and dinners , studied and signed 285 official papers and personally took 312 telephone calls .", "created": "2013-12-26T03:17:14.424Z"}}, {"pk": 37, "model": "blog.text", "fields": {"classifier": null, "value": "And Bernie Kriss calls the bayonet clashes at Berlin's Brandenburg Gate , `` The Battle of the Sentry '' ! !", "created": "2013-12-26T03:17:14.844Z"}}, {"pk": 38, "model": "blog.text", "fields": {"classifier": null, "value": "Thus he will be in a position to disabuse the Soviet leader of any notions he may have about grave Allied disunity .", "created": "2013-12-26T03:17:15.291Z"}}, {"pk": 39, "model": "blog.text", "fields": {"classifier": null, "value": "Too often , unless he hails them , they pass him by .", "created": "2013-12-26T03:17:15.837Z"}}, {"pk": 40, "model": "blog.text", "fields": {"classifier": null, "value": "That is why the United Nations was formed so that intelligent men with good intentions from all countries could meet and solve problems without resorting to war .", "created": "2013-12-26T03:17:16.420Z"}}, {"pk": 41, "model": "blog.text", "fields": {"classifier": null, "value": "Oak Grove ( special )", "created": "2013-12-26T03:17:17.307Z"}}, {"pk": 42, "model": "blog.text", "fields": {"classifier": null, "value": ") Lumumba further complicated the U.N.'s mission by initiating small `` wars '' with the secessionist province of Katanga and with South Kasai which , under Albert Kalonji , wanted to secede as well .", "created": "2013-12-26T03:17:17.812Z"}}, {"pk": 43, "model": "blog.text", "fields": {"classifier": null, "value": "Net earnings of that road rose from 62 per cent of interest requirements in calendar 1957 to 86 per cent in the 12 months ended Feb. 28 , 1961 .", "created": "2013-12-26T03:17:18.320Z"}}, {"pk": 44, "model": "blog.text", "fields": {"classifier": null, "value": "Protons and electrons bear opposite electrical charges which make them attract each other , and when they are joined they make up an atom of hydrogen -- the basic building block of matter .", "created": "2013-12-26T03:17:18.992Z"}}, {"pk": 45, "model": "blog.text", "fields": {"classifier": null, "value": "William Austin , Gary Hammond , and Ronnie Davis of South Oak Cliff ; ;", "created": "2013-12-26T03:17:19.442Z"}}, {"pk": 46, "model": "blog.text", "fields": {"classifier": null, "value": "When the crowd was asked whether it wanted to wait one more term to make the race , it voted no -- and there were no dissents .", "created": "2013-12-26T03:17:19.751Z"}}, {"pk": 47, "model": "blog.text", "fields": {"classifier": null, "value": "It is a `` stair-step '' plan , in which desegregation begins in the first grade .", "created": "2013-12-26T03:17:20.339Z"}}, {"pk": 48, "model": "blog.text", "fields": {"classifier": null, "value": "Contributions to schools", "created": "2013-12-26T03:17:20.681Z"}}, {"pk": 49, "model": "blog.text", "fields": {"classifier": null, "value": "Power company backs confidence with dollars", "created": "2013-12-26T03:17:21.189Z"}}, {"pk": 50, "model": "blog.text", "fields": {"classifier": null, "value": "He took a midnight train out of Cleveland Saturday , without an official word to anybody , and has stayed away from newsmen on his train trip across the nation to Reno , Nev. , where his wife , former Olympic Diving Champion Zoe Ann Olsen , awaited .", "created": "2013-12-26T03:17:21.599Z"}}, {"pk": 51, "model": "blog.text", "fields": {"classifier": null, "value": "he trusts only himself and his wife .", "created": "2013-12-26T03:17:22.288Z"}}, {"pk": 52, "model": "blog.text", "fields": {"classifier": null, "value": "She remarked that she found the night wind a little chilly , and Mr. Podger took her inside the fringe .", "created": "2013-12-26T03:17:22.845Z"}}, {"pk": 53, "model": "blog.text", "fields": {"classifier": null, "value": "It is greatly to Berman's credit that he made no attempt to outdo Ray Bolger .", "created": "2013-12-26T03:17:23.521Z"}}, {"pk": 54, "model": "blog.text", "fields": {"classifier": null, "value": "Patience needed", "created": "2013-12-26T03:17:23.887Z"}}, {"pk": 55, "model": "blog.text", "fields": {"classifier": null, "value": "It is a killer sub -- that is , a hunter of enemy subs .", "created": "2013-12-26T03:17:24.306Z"}}, {"pk": 56, "model": "blog.text", "fields": {"classifier": null, "value": "Another marriage of note is that of Jane McAlester and William Louis Pfau .", "created": "2013-12-26T03:17:24.785Z"}}, {"pk": 57, "model": "blog.text", "fields": {"classifier": null, "value": "A Peace Corps official described the editorial as `` precisely the message we need to communicate to the men and women who will soon be Peace Corps volunteers '' .", "created": "2013-12-26T03:17:25.394Z"}}, {"pk": 58, "model": "blog.text", "fields": {"classifier": null, "value": "Sitting quietly on an equally big pork barrel was another Judge Smith ally , Georgia's Carl Vinson , chairman of the Armed Services Committee .", "created": "2013-12-26T03:17:25.840Z"}}, {"pk": 59, "model": "blog.text", "fields": {"classifier": null, "value": "The evident contradiction between the rosy picture of Russia's progress painted by the Communist party's program and the enormous dangers for all humanity posed by Premier Khrushchev's Berlin policy has already led to speculation abroad that the program may be severely altered .", "created": "2013-12-26T03:17:26.340Z"}}, {"pk": 60, "model": "blog.text", "fields": {"classifier": null, "value": "But I do and my psychiatrist does , too .", "created": "2013-12-26T03:17:26.908Z"}}, {"pk": 61, "model": "blog.text", "fields": {"classifier": null, "value": "He promptly went to communist East Germany .", "created": "2013-12-26T03:17:27.848Z"}}, {"pk": 62, "model": "blog.text", "fields": {"classifier": null, "value": "There are many places where we can use their vigor and new ideas ' '' .", "created": "2013-12-26T03:17:28.706Z"}}, {"pk": 63, "model": "blog.text", "fields": {"classifier": null, "value": "In a sense , perhaps , Thurber is indebted artistically to the surrealist painter ( was it Salvador Dali ? ?", "created": "2013-12-26T03:17:29.457Z"}}, {"pk": 64, "model": "blog.text", "fields": {"classifier": null, "value": "They'll start lessons , too , pronto .", "created": "2013-12-26T03:17:29.899Z"}}, {"pk": 65, "model": "blog.text", "fields": {"classifier": null, "value": "The Troop is proud of its camping-out program -- on year-round schedule and was continued even when sub-zero temperatures were registered during the past winter .", "created": "2013-12-26T03:17:30.288Z"}}, {"pk": 66, "model": "blog.text", "fields": {"classifier": null, "value": "The fossilized remains of many of these trees are found embedded in the clay .", "created": "2013-12-26T03:17:30.942Z"}}, {"pk": 67, "model": "blog.text", "fields": {"classifier": null, "value": "perhaps that is the Comedie's equivalent for thrusting this play's characters into our own time .", "created": "2013-12-26T03:17:31.645Z"}}, {"pk": 68, "model": "blog.text", "fields": {"classifier": null, "value": "The capital budget , for construction of permanent improvements , becomes an appropriating document instead of just a calendar of pious promises ; ;", "created": "2013-12-26T03:17:32.213Z"}}, {"pk": 69, "model": "blog.text", "fields": {"classifier": null, "value": "Colquitt", "created": "2013-12-26T03:17:32.564Z"}}, {"pk": 70, "model": "blog.text", "fields": {"classifier": null, "value": "James P. Mitchell , when he was the head of the department , promised to eat his hat if unemployment didn't drop below three million a couple of years ago .", "created": "2013-12-26T03:17:33.097Z"}}, {"pk": 71, "model": "blog.text", "fields": {"classifier": null, "value": "Well , dear listeners , despite all the shouting , there will be no war over West Berlin '' .", "created": "2013-12-26T03:17:33.665Z"}}, {"pk": 72, "model": "blog.text", "fields": {"classifier": null, "value": "But to imitate an opponent when he has made the mistake of his life would be a new high in statesmanlike folly .", "created": "2013-12-26T03:17:34.245Z"}}, {"pk": 73, "model": "blog.text", "fields": {"classifier": null, "value": "To accomplish this would necessitate some changes in methods , he said .", "created": "2013-12-26T03:17:34.628Z"}}, {"pk": 74, "model": "blog.text", "fields": {"classifier": null, "value": "Even that isn't satisfactory .", "created": "2013-12-26T03:17:35.091Z"}}, {"pk": 75, "model": "blog.text", "fields": {"classifier": null, "value": "For A good many seasons I've been looking at the naughty stuff on television , so the other night I thought I ought to see how immorality is doing on the other side of the fence in movies .", "created": "2013-12-26T03:17:35.550Z"}}, {"pk": 76, "model": "blog.text", "fields": {"classifier": null, "value": "But Albania is merely a symptom of a real malaise between China and Russia .", "created": "2013-12-26T03:17:36.181Z"}}, {"pk": 77, "model": "blog.text", "fields": {"classifier": null, "value": "Several photographs and charts of galaxies help the non-scientist keep up with the discussion , and the smooth language indicates the contributors were determined to avoid the jargon that seems to work its way into almost every field .", "created": "2013-12-26T03:17:36.839Z"}}, {"pk": 78, "model": "blog.text", "fields": {"classifier": null, "value": "The following week , I read in the Sunday paper that the students of Russia begin European and Asian languages in the seventh grade .", "created": "2013-12-26T03:17:37.424Z"}}, {"pk": 79, "model": "blog.text", "fields": {"classifier": null, "value": "So we note approvingly a fresh sample of unanimity .", "created": "2013-12-26T03:17:37.950Z"}}, {"pk": 80, "model": "blog.text", "fields": {"classifier": null, "value": "He won't submit to his natural desires all the time , and it's Mother's love that is responsible for his good behavior .", "created": "2013-12-26T03:17:38.591Z"}}, {"pk": 81, "model": "blog.text", "fields": {"classifier": null, "value": "But at the same time he moved his helicopter-borne marines to within an hour of the fighting .", "created": "2013-12-26T03:17:39.123Z"}}, {"pk": 82, "model": "blog.text", "fields": {"classifier": null, "value": "It is impossible to get a fair trial when some of the defendants made statements involving themselves and others '' .", "created": "2013-12-26T03:17:39.496Z"}}, {"pk": 83, "model": "blog.text", "fields": {"classifier": null, "value": "To the contrary , through the past six weeks violence has been piled upon violence .", "created": "2013-12-26T03:17:40.067Z"}}, {"pk": 84, "model": "blog.text", "fields": {"classifier": null, "value": "Mr. Wall is a student at Tulane university , where he is a member of Delta Kappa Epsilon fraternity .", "created": "2013-12-26T03:17:40.469Z"}}, {"pk": 85, "model": "blog.text", "fields": {"classifier": null, "value": "Idols' idols :", "created": "2013-12-26T03:17:40.958Z"}}, {"pk": 86, "model": "blog.text", "fields": {"classifier": null, "value": "On Sept. 6 , the Kretchmer rescued the crew of a trawler they found drifting on a life raft after they had abandoned a sinking ship .", "created": "2013-12-26T03:17:41.404Z"}}, {"pk": 87, "model": "blog.text", "fields": {"classifier": null, "value": "Mr. Reama told the Rotary Club of Providence at its luncheon at the Sheraton-Biltmore Hotel that about half of the people in the country want the `` welfare '' type of government and the other half want a free enterprise system .", "created": "2013-12-26T03:17:41.713Z"}}, {"pk": 88, "model": "blog.text", "fields": {"classifier": null, "value": "Super again elected", "created": "2013-12-26T03:17:42.090Z"}}, {"pk": 89, "model": "blog.text", "fields": {"classifier": null, "value": "He conjures herds of deer , and wild birds crowding the air .", "created": "2013-12-26T03:17:42.755Z"}}, {"pk": 90, "model": "blog.text", "fields": {"classifier": null, "value": "He was delighted to learn that the Post Office Department is now going to expand this service to deliver mail from Representatives in Congress to their constituents without the use of stamps , names , addresses or even zone numbers .", "created": "2013-12-26T03:17:44.077Z"}}, {"pk": 91, "model": "blog.text", "fields": {"classifier": null, "value": "Rising costs have increased the difficulties of the elderly , and I would be the last to say they should not receive consideration .", "created": "2013-12-26T03:17:44.670Z"}}, {"pk": 92, "model": "blog.text", "fields": {"classifier": null, "value": "Escalation is their first love and their last ; ;", "created": "2013-12-26T03:17:45.322Z"}}, {"pk": 93, "model": "blog.text", "fields": {"classifier": null, "value": "Deterrent", "created": "2013-12-26T03:17:45.869Z"}}, {"pk": 94, "model": "blog.text", "fields": {"classifier": null, "value": "`` He's looking a lot better , and he's able to run '' , Meek explained .", "created": "2013-12-26T03:17:46.251Z"}}, {"pk": 95, "model": "blog.text", "fields": {"classifier": null, "value": "`` President Kennedy once again interpreted the Soviet proposals , to sign a peace treaty with Germany as a threat , as part of the world menace allegedly looming over the countries of capitalism .", "created": "2013-12-26T03:17:46.855Z"}}, {"pk": 96, "model": "blog.text", "fields": {"classifier": null, "value": "Howard Mitchell and the National Symphony perform in the first two releases , designed for grades one and two .", "created": "2013-12-26T03:17:47.483Z"}}, {"pk": 97, "model": "blog.text", "fields": {"classifier": null, "value": "Urged in 1954", "created": "2013-12-26T03:17:47.893Z"}}, {"pk": 98, "model": "blog.text", "fields": {"classifier": null, "value": "however , several pertinent considerations deserve recognition .", "created": "2013-12-26T03:17:49.170Z"}}, {"pk": 99, "model": "blog.text", "fields": {"classifier": null, "value": "An illustration of this attitude is found in John A. McCone's letter to Dr. Thomas Lauritsen , reported in a note elsewhere in this issue of The New Republic .", "created": "2013-12-26T03:17:49.791Z"}}, {"pk": 100, "model": "blog.text", "fields": {"classifier": null, "value": "Factories are located here and in Prattville , Ala. .", "created": "2013-12-26T03:17:50.257Z"}}, {"pk": 101, "model": "blog.text", "fields": {"classifier": null, "value": "First , Honolulu", "created": "2013-12-26T03:17:50.663Z"}}, {"pk": 102, "model": "blog.text", "fields": {"classifier": null, "value": "On the clock given him was the inscription , `` For Outstanding Contribution to Billiken Basketball , 1960-61 '' .", "created": "2013-12-26T03:17:51.003Z"}}, {"pk": 103, "model": "blog.text", "fields": {"classifier": null, "value": "They all are of Wayne .", "created": "2013-12-26T03:17:52.022Z"}}, {"pk": 104, "model": "blog.text", "fields": {"classifier": null, "value": "They hope that if history vouchsafes the West another Budapest , we will receive the opportunity gladly .", "created": "2013-12-26T03:17:52.626Z"}}, {"pk": 105, "model": "blog.text", "fields": {"classifier": null, "value": "Day after day some new episode is reported .", "created": "2013-12-26T03:17:52.992Z"}}, {"pk": 106, "model": "blog.text", "fields": {"classifier": null, "value": "A united Germany , freed of militarism , might be the first step toward disarmament and peace in a terrorized and tortured world .", "created": "2013-12-26T03:17:53.860Z"}}, {"pk": 107, "model": "blog.text", "fields": {"classifier": null, "value": "Last two to be added before the book went to press were the marriages of Meredith Jane Cooper , daughter of the Grant B. Coopers , to Robert Knox Worrell , and of Mary Alice Ghormley to Willard Pen Tudor .", "created": "2013-12-26T03:17:54.317Z"}}, {"pk": 108, "model": "blog.text", "fields": {"classifier": null, "value": "He sat in his office yesterday and recalled that historic flight in 1944 .", "created": "2013-12-26T03:17:54.760Z"}}, {"pk": 109, "model": "blog.text", "fields": {"classifier": null, "value": "I was asked .", "created": "2013-12-26T03:17:55.210Z"}}, {"pk": 110, "model": "blog.text", "fields": {"classifier": null, "value": "It's an important clue to Washington thinking .", "created": "2013-12-26T03:17:55.681Z"}}, {"pk": 111, "model": "blog.text", "fields": {"classifier": null, "value": "The thing that impressed one of the visitors the most was the Gallery's rotunda fountain `` because it's on the second floor '' .", "created": "2013-12-26T03:17:56.139Z"}}, {"pk": 112, "model": "blog.text", "fields": {"classifier": null, "value": "At the other are organizations like the newly formed Nassau Library System , in a high-density area , with ample resources and a rapidly growing territory to serve .", "created": "2013-12-26T03:17:56.605Z"}}, {"pk": 113, "model": "blog.text", "fields": {"classifier": null, "value": "Shea , the chairman of Mayor Wagner's Baseball Committee , will be joined on the dais by Warren Spahn , the southpaw pitching ace of the Milwaukee Braves ; ;", "created": "2013-12-26T03:17:57.017Z"}}, {"pk": 114, "model": "blog.text", "fields": {"classifier": null, "value": "Another optimistic sign , this one from the Labor Department , was the report that the long rise in unemployment compensation payments `` was interrupted for the first time in the week ending Feb. 25 '' .", "created": "2013-12-26T03:17:57.556Z"}}, {"pk": 115, "model": "blog.text", "fields": {"classifier": null, "value": "So I started making some calls of my own .", "created": "2013-12-26T03:17:58.647Z"}}, {"pk": 116, "model": "blog.text", "fields": {"classifier": null, "value": "A feature of the party will be a presentation by Welton Becket , center architect , of color slides and renderings of the three-building complex .", "created": "2013-12-26T03:17:59.120Z"}}, {"pk": 117, "model": "blog.text", "fields": {"classifier": null, "value": "Calls for extension", "created": "2013-12-26T03:17:59.441Z"}}, {"pk": 118, "model": "blog.text", "fields": {"classifier": null, "value": "The President noted that Congress last year passed a law providing grants to states to help pay medical bills of the needy aged .", "created": "2013-12-26T03:17:59.835Z"}}, {"pk": 119, "model": "blog.text", "fields": {"classifier": null, "value": "Handsome bachelor Charley was a favorite date of many of Hollywood's glamor gals for years .", "created": "2013-12-26T03:18:00.220Z"}}, {"pk": 120, "model": "blog.text", "fields": {"classifier": null, "value": "Basin Street Beat", "created": "2013-12-26T03:18:00.558Z"}}, {"pk": 121, "model": "blog.text", "fields": {"classifier": null, "value": "Ambassador Thompson reported from Moscow that the Soviet leader's mood was cocky and aggressive .", "created": "2013-12-26T03:18:01.035Z"}}, {"pk": 122, "model": "blog.text", "fields": {"classifier": null, "value": "Pfc. Truman Cleveland of St. Augustine .", "created": "2013-12-26T03:18:01.532Z"}}, {"pk": 123, "model": "blog.text", "fields": {"classifier": null, "value": "Jim Gentile bounced a hard shot off Kunkel's glove and beat it out for a single , and when Lumpe grabbed the ball and threw it over first baseman Throneberry's head Brandt took third and Gentile second on the error .", "created": "2013-12-26T03:18:01.961Z"}}, {"pk": 124, "model": "blog.text", "fields": {"classifier": null, "value": "Each one of these is , by its nature , a focal point or a point of natural congestion .", "created": "2013-12-26T03:18:02.559Z"}}, {"pk": 125, "model": "blog.text", "fields": {"classifier": null, "value": "and it publishes Sum And Substance , a monthly newsletter , which reports the system's activities to the staffs and trustees of member libraries .", "created": "2013-12-26T03:18:03.061Z"}}, {"pk": 126, "model": "blog.text", "fields": {"classifier": null, "value": "Strenuous efforts were made to remove pin pricking from administration statements .", "created": "2013-12-26T03:18:03.396Z"}}, {"pk": 127, "model": "blog.text", "fields": {"classifier": null, "value": "On the whole , audiences will like this performance .", "created": "2013-12-26T03:18:04.069Z"}}, {"pk": 128, "model": "blog.text", "fields": {"classifier": null, "value": "Mr. and Mrs. Andrew S. Kelsey of Washington , D.C. , announce the birth of a daughter , Kira Ann Kelsey , on Monday in Washington , D.C. .", "created": "2013-12-26T03:18:04.468Z"}}, {"pk": 129, "model": "blog.text", "fields": {"classifier": null, "value": "Speakers at a Tipoff Club dinner dealt lavish praise to a group of St. Louis University players who , in the words of Coach John Benington , `` had more confidence in themselves than I did '' .", "created": "2013-12-26T03:18:04.852Z"}}, {"pk": 130, "model": "blog.text", "fields": {"classifier": null, "value": "Underlying concern", "created": "2013-12-26T03:18:05.171Z"}}, {"pk": 131, "model": "blog.text", "fields": {"classifier": null, "value": "Now her modern tapestries have been exhibited on two continents and , at 26 , she feels she is on the threshold of a whole new life in Los Angeles .", "created": "2013-12-26T03:18:05.618Z"}}, {"pk": 132, "model": "blog.text", "fields": {"classifier": null, "value": "`` I never knew there were such neighbors and friends around me and my family .", "created": "2013-12-26T03:18:05.978Z"}}, {"pk": 133, "model": "blog.text", "fields": {"classifier": null, "value": "the program resulted in a cutback of around 20% in planted acreage and , as a result , reduced the immediate need for machines .", "created": "2013-12-26T03:18:06.388Z"}}, {"pk": 134, "model": "blog.text", "fields": {"classifier": null, "value": "Modern postal slogan", "created": "2013-12-26T03:18:07.072Z"}}, {"pk": 135, "model": "blog.text", "fields": {"classifier": null, "value": "Copies of this letter were made avaliable to the press and public .", "created": "2013-12-26T03:18:07.667Z"}}, {"pk": 136, "model": "blog.text", "fields": {"classifier": null, "value": "We should not become confused or let our public become confused over irrelevant questions of number or even of geography .", "created": "2013-12-26T03:18:08.203Z"}}, {"pk": 137, "model": "blog.text", "fields": {"classifier": null, "value": "Although progress has been made in America's system of libraries it still falls short of what is required if we are to maintain the standards that are needed for an informed America .", "created": "2013-12-26T03:18:08.695Z"}}, {"pk": 138, "model": "blog.text", "fields": {"classifier": null, "value": "His words were the more ungracious to come from a man who lent his name to the Eisenhower Exchange Fellowships dedicated to the same goal of international understanding .", "created": "2013-12-26T03:18:09.253Z"}}, {"pk": 139, "model": "blog.text", "fields": {"classifier": null, "value": "Moments later the V-1 skimmed across the landing strip , edging closer and closer to a touchdown -- then in a streamer of dust it landed .", "created": "2013-12-26T03:18:09.693Z"}}, {"pk": 140, "model": "blog.text", "fields": {"classifier": null, "value": "He will speak to Willamette University Young Republicans Thursday night in Salem .", "created": "2013-12-26T03:18:10.046Z"}}, {"pk": 141, "model": "blog.text", "fields": {"classifier": null, "value": "It recommended that Fulton legislators act `` to have these laws studied and revised to the end of modernizing and improving them '' .", "created": "2013-12-26T03:18:10.838Z"}}, {"pk": 142, "model": "blog.text", "fields": {"classifier": null, "value": "Susan Johnson , as the widow , spends the first half of the play running a bar and singing about the unlamented death of her late husband and the second half trying to acquire a new one .", "created": "2013-12-26T03:18:11.448Z"}}, {"pk": 143, "model": "blog.text", "fields": {"classifier": null, "value": "`` Of highest value ''", "created": "2013-12-26T03:18:11.850Z"}}, {"pk": 144, "model": "blog.text", "fields": {"classifier": null, "value": "`` We worry '' , say the mothers .", "created": "2013-12-26T03:18:12.816Z"}}, {"pk": 145, "model": "blog.text", "fields": {"classifier": null, "value": "By political , economic , geographic and natural standards , they were justified in doing so .", "created": "2013-12-26T03:18:13.433Z"}}, {"pk": 146, "model": "blog.text", "fields": {"classifier": null, "value": "One of the very best is only now published in this country , five years after its first publication in England .", "created": "2013-12-26T03:18:14.056Z"}}, {"pk": 147, "model": "blog.text", "fields": {"classifier": null, "value": "And Secretary Rusk , en route to Bangkok , doubtless is trying to make emergency arrangements for the possible entry of Australian or Thai SEATO forces .", "created": "2013-12-26T03:18:14.591Z"}}, {"pk": 148, "model": "blog.text", "fields": {"classifier": null, "value": "They are violating their Charter obligation , the prescribed penalty for which is suspension of membership or expulsion '' .", "created": "2013-12-26T03:18:15.171Z"}}, {"pk": 149, "model": "blog.text", "fields": {"classifier": null, "value": "Thomas was charged with four counts of assault and battery .", "created": "2013-12-26T03:18:15.582Z"}}, {"pk": 150, "model": "blog.text", "fields": {"classifier": null, "value": "Nursing home care", "created": "2013-12-26T03:18:15.892Z"}}, {"pk": 151, "model": "blog.text", "fields": {"classifier": null, "value": "So he keeps the veteran in until he can observe the effects of treatment or surgery .", "created": "2013-12-26T03:18:16.452Z"}}, {"pk": 152, "model": "blog.text", "fields": {"classifier": null, "value": "Bobby Bester Hammett , 21 , of Rte. 3 , Lawrenceville , and Mrs. Lucille Herrington Jones , 23 , of Lawrenceville , died in the flaming car , the patrol said .", "created": "2013-12-26T03:18:16.887Z"}}, {"pk": 153, "model": "blog.text", "fields": {"classifier": null, "value": "Her bouffant coiffure was fortunately combed on the left which happened to be the direction from which a brisk breeze was blowing .", "created": "2013-12-26T03:18:18.047Z"}}, {"pk": 154, "model": "blog.text", "fields": {"classifier": null, "value": "In 1930 , they began making cotton processing equipment .", "created": "2013-12-26T03:18:18.697Z"}}, {"pk": 155, "model": "blog.text", "fields": {"classifier": null, "value": "Supplementing the actual art are memorabilia -- correspondence , diaries , books from the artist's library , etc. .", "created": "2013-12-26T03:18:19.343Z"}}, {"pk": 156, "model": "blog.text", "fields": {"classifier": null, "value": "Tom Day of Beaverton exhibited the grand champion 4-H market hog , a Chester White .", "created": "2013-12-26T03:18:19.764Z"}}, {"pk": 157, "model": "blog.text", "fields": {"classifier": null, "value": "More for nursing homes", "created": "2013-12-26T03:18:20.060Z"}}, {"pk": 158, "model": "blog.text", "fields": {"classifier": null, "value": "The announcement that the secrets of the Dreadnought had been stolen was made in Bow St. police court here at the end of a three day hearing .", "created": "2013-12-26T03:18:20.465Z"}}, {"pk": 159, "model": "blog.text", "fields": {"classifier": null, "value": "New point added", "created": "2013-12-26T03:18:20.811Z"}}, {"pk": 160, "model": "blog.text", "fields": {"classifier": null, "value": "Heavy support", "created": "2013-12-26T03:18:21.229Z"}}, {"pk": 161, "model": "blog.text", "fields": {"classifier": null, "value": "All services are given without cost to members .", "created": "2013-12-26T03:18:21.679Z"}}, {"pk": 162, "model": "blog.text", "fields": {"classifier": null, "value": "Afterwards , Palmer told Charlie Coe , his last-round partner , that he simply played the hole too fast .", "created": "2013-12-26T03:18:22.175Z"}}, {"pk": 163, "model": "blog.text", "fields": {"classifier": null, "value": "Producer John Holmes has chosen a delightful comedy for his season's opener at Matunuck in Jean Kerr's `` King Of Hearts '' .", "created": "2013-12-26T03:18:22.863Z"}}, {"pk": 164, "model": "blog.text", "fields": {"classifier": null, "value": "Jesus made three things clear about forgiveness .", "created": "2013-12-26T03:18:23.850Z"}}, {"pk": 165, "model": "blog.text", "fields": {"classifier": null, "value": "Then how about the Civic Opera House ? ?", "created": "2013-12-26T03:18:24.496Z"}}, {"pk": 166, "model": "blog.text", "fields": {"classifier": null, "value": "Anyone who now doubted that a personal duel was under way had only to watch how these exceptionally gifted golfers were playing this most difficult golf course .", "created": "2013-12-26T03:18:25.008Z"}}, {"pk": 167, "model": "blog.text", "fields": {"classifier": null, "value": "The grand jury took a swipe at the State Welfare Department's handling of federal funds granted for child welfare services in foster homes .", "created": "2013-12-26T03:18:25.351Z"}}, {"pk": 168, "model": "blog.text", "fields": {"classifier": null, "value": "Pass the iron rations , please , and light another candle , for it's getting dark down here and we're minded to read a bit of world law just to pass the time away .", "created": "2013-12-26T03:18:25.822Z"}}, {"pk": 169, "model": "blog.text", "fields": {"classifier": null, "value": "Various of the apartments are of the terrace type , being on the ground floor so that entrance is direct .", "created": "2013-12-26T03:18:26.216Z"}}, {"pk": 170, "model": "blog.text", "fields": {"classifier": null, "value": "All told , `` Where's Charley ? ?", "created": "2013-12-26T03:18:26.854Z"}}, {"pk": 171, "model": "blog.text", "fields": {"classifier": null, "value": "Some of the stumps are as much as three feet long , but most of them have been flattened by the pressure of the overlying sediments .", "created": "2013-12-26T03:18:27.921Z"}}, {"pk": 172, "model": "blog.text", "fields": {"classifier": null, "value": "The Legion Convention and Sidney Holzman", "created": "2013-12-26T03:18:28.491Z"}}, {"pk": 173, "model": "blog.text", "fields": {"classifier": null, "value": "Loew's theater presents `` Where The Boys Are '' , an MGM picture produced by Joe Pasternak and directed by Henry Levin from a screenplay by George Wells .", "created": "2013-12-26T03:18:29.118Z"}}, {"pk": 174, "model": "blog.text", "fields": {"classifier": null, "value": "`` That limit has now been reached '' .", "created": "2013-12-26T03:18:29.625Z"}}, {"pk": 175, "model": "blog.text", "fields": {"classifier": null, "value": "Tardily the Government here came to understand how this country's own reputation was tarnished by the association with repression .", "created": "2013-12-26T03:18:30.181Z"}}, {"pk": 176, "model": "blog.text", "fields": {"classifier": null, "value": "He wants to be called sweet , good , considerate and mother's little helper .", "created": "2013-12-26T03:18:30.720Z"}}, {"pk": 177, "model": "blog.text", "fields": {"classifier": null, "value": "His views , in fact , coincide with those of foreign enemies of peaceful coexistence , who look upon it merely as a variant of the `` cold war '' or of an `` armed peace '' .", "created": "2013-12-26T03:18:31.306Z"}}, {"pk": 178, "model": "blog.text", "fields": {"classifier": null, "value": "At the left is a pair of dressy straw pumps in a light , but crisp texture .", "created": "2013-12-26T03:18:31.879Z"}}, {"pk": 179, "model": "blog.text", "fields": {"classifier": null, "value": "Having led the world in this mad race I pray that we may have the wisdom and courage to lead it out of the race .", "created": "2013-12-26T03:18:32.546Z"}}, {"pk": 180, "model": "blog.text", "fields": {"classifier": null, "value": "My idea of masterful movie making .", "created": "2013-12-26T03:18:32.952Z"}}, {"pk": 181, "model": "blog.text", "fields": {"classifier": null, "value": "Shortly before his nomination he had set forth his basic view about the problem of negotiations with the Soviet leader in these words :", "created": "2013-12-26T03:18:33.379Z"}}, {"pk": 182, "model": "blog.text", "fields": {"classifier": null, "value": "The letters set a Nov. 15 deadline for the start of negotiations .", "created": "2013-12-26T03:18:33.741Z"}}, {"pk": 183, "model": "blog.text", "fields": {"classifier": null, "value": "The sonatas , `` La Francaise '' , `` La Sultane '' , `` L'Astree '' and `` L'Imperiale '' , are often more elaborately worked out and , in fact , show a strong Italian influence .", "created": "2013-12-26T03:18:34.351Z"}}, {"pk": 184, "model": "blog.text", "fields": {"classifier": null, "value": "and concentrate its constructive efforts on eliminating in other parts of Latin America the social conditions on which totalitarian nationalism feeds '' .", "created": "2013-12-26T03:18:34.700Z"}}, {"pk": 185, "model": "blog.text", "fields": {"classifier": null, "value": "Moscow radio from the Literary Gazette in English to England :", "created": "2013-12-26T03:18:35.269Z"}}, {"pk": 186, "model": "blog.text", "fields": {"classifier": null, "value": "Ramsey has stoked up Harry Truman , Henry Cabot Lodge , the King of Morocco , Clement Atlee and other shiny characters .", "created": "2013-12-26T03:18:35.727Z"}}, {"pk": 187, "model": "blog.text", "fields": {"classifier": null, "value": "Robert Morse , singing with comically plaintive earnestness , carries most of the burden and is responsible for the high spots in Frank Loesser's score .", "created": "2013-12-26T03:18:36.374Z"}}, {"pk": 188, "model": "blog.text", "fields": {"classifier": null, "value": "my only hope is that it will be shared by many , many others .", "created": "2013-12-26T03:18:36.957Z"}}, {"pk": 189, "model": "blog.text", "fields": {"classifier": null, "value": "The directors of the Comedie do not respond to adverse notices in as docile and subservient a manner as the Broadway producers who , in two instances this season , closed their plays after one performance .", "created": "2013-12-26T03:18:37.608Z"}}, {"pk": 190, "model": "blog.text", "fields": {"classifier": null, "value": "Each dancer follows the ancient Oriental pattern -- she glides sideways with shoulders motionless while her stomach migrates , and , through breathing and muscle control , she sends ripples across her body to the fingertips and away to the far end of the room .", "created": "2013-12-26T03:18:38.271Z"}}, {"pk": 191, "model": "blog.text", "fields": {"classifier": null, "value": "Lee a witness", "created": "2013-12-26T03:18:38.717Z"}}, {"pk": 192, "model": "blog.text", "fields": {"classifier": null, "value": "Services will be at 30 p.m. Monday at Holman & Son Funeral Home , with interment in Neveh Zebek cemetery .", "created": "2013-12-26T03:18:39.141Z"}}, {"pk": 193, "model": "blog.text", "fields": {"classifier": null, "value": "Both have been active in the association .", "created": "2013-12-26T03:18:39.536Z"}}, {"pk": 194, "model": "blog.text", "fields": {"classifier": null, "value": "I was searching for an accent of self-delusion or , even , of hypocrisy .", "created": "2013-12-26T03:18:40.080Z"}}, {"pk": 195, "model": "blog.text", "fields": {"classifier": null, "value": "It permits the state to take over bank accounts , stocks and other personal property of persons missing for seven years or more .", "created": "2013-12-26T03:18:40.812Z"}}, {"pk": 196, "model": "blog.text", "fields": {"classifier": null, "value": "Two years ago Thompson offered his collection to the city .", "created": "2013-12-26T03:18:41.305Z"}}, {"pk": 197, "model": "blog.text", "fields": {"classifier": null, "value": "Still , his finale is put together with taste and a most sensitive projection of that pale sustenance , despair .", "created": "2013-12-26T03:18:42.002Z"}}, {"pk": 198, "model": "blog.text", "fields": {"classifier": null, "value": "This statement recalls the 1959 Berlin crisis , when President Eisenhower first told reporters that Berlin could not be defended with conventional weapons and then added that a nuclear defense was out of the picture too .", "created": "2013-12-26T03:18:42.505Z"}}, {"pk": 199, "model": "blog.text", "fields": {"classifier": null, "value": "It is one that most try to avoid , as long as they can see an alternative approach to the problem .", "created": "2013-12-26T03:18:42.846Z"}}, {"pk": 200, "model": "blog.text", "fields": {"classifier": null, "value": "A note making the request was handed to U.S. Ambassador Winthrop G. Brown .", "created": "2013-12-26T03:18:43.214Z"}}, {"pk": 201, "model": "blog.text", "fields": {"classifier": null, "value": "Willie's wonderful walloping Sunday -- four home runs -- served merely to emphasize how happy he is to be playing for Alvin Dark .", "created": "2013-12-26T03:18:43.608Z"}}, {"pk": 202, "model": "blog.text", "fields": {"classifier": null, "value": "The Washington announcement said :", "created": "2013-12-26T03:18:44.111Z"}}, {"pk": 203, "model": "blog.text", "fields": {"classifier": null, "value": "Ed Delahanty and Chuck Klein of the Phillies , the Braves' Joe Adcock , Lou Gehrig of the Yankees , Pat Seerey of the White Sox and Rocky Colavito , then with Cleveland , made their history on the road .", "created": "2013-12-26T03:18:44.436Z"}}, {"pk": 204, "model": "blog.text", "fields": {"classifier": null, "value": "On Friday , a day as cloudless and lovely as Thursday had been gray and ugly , the plot of the tournament came clearly into focus .", "created": "2013-12-26T03:18:44.895Z"}}, {"pk": 205, "model": "blog.text", "fields": {"classifier": null, "value": "West Virginia toll bonds have defaulted in interest for months , and , despite recent improvement in revenues , holders of the bonds are faced with more of the same .", "created": "2013-12-26T03:18:45.474Z"}}, {"pk": 206, "model": "blog.text", "fields": {"classifier": null, "value": "It's big business", "created": "2013-12-26T03:18:45.908Z"}}, {"pk": 207, "model": "blog.text", "fields": {"classifier": null, "value": "in effect , he was practicing what he preached in his Berlin message two weeks ago when he declared : `` We shall always be prepared to discuss international problems with any and all nations that are willing to talk , and listen , with reason '' .", "created": "2013-12-26T03:18:46.867Z"}}, {"pk": 208, "model": "blog.text", "fields": {"classifier": null, "value": "`` So I started practicing on it in spring training .", "created": "2013-12-26T03:18:47.243Z"}}, {"pk": 209, "model": "blog.text", "fields": {"classifier": null, "value": "State aid to schools , the continuance of railroad passenger service , the proper uses of surplus funds of the Port of New York Authority , and making New Jersey attractive to new industry .", "created": "2013-12-26T03:18:47.584Z"}}, {"pk": 210, "model": "blog.text", "fields": {"classifier": null, "value": "For many reasons , the demand to buy shares in the Dallas-headquartered company was tremendous .", "created": "2013-12-26T03:18:48.018Z"}}, {"pk": 211, "model": "blog.text", "fields": {"classifier": null, "value": "Four of us here in the United States attended , first as students , then as instructors , almost every one of these schools , in England , Canada , and the United States .", "created": "2013-12-26T03:18:48.646Z"}}, {"pk": 212, "model": "blog.text", "fields": {"classifier": null, "value": "This knowledge has come in handy , too .", "created": "2013-12-26T03:18:48.991Z"}}, {"pk": 213, "model": "blog.text", "fields": {"classifier": null, "value": "That bank handles most of the paper work for Diversified Growth Stock Fund , Fundamental Investors , Diversified Investment Fund and Television-Electronics Fund .", "created": "2013-12-26T03:18:49.420Z"}}, {"pk": 214, "model": "blog.text", "fields": {"classifier": null, "value": "More than 10 companies maintain facilities in Dallas and one large manufacturer is located to the north at Sherman .", "created": "2013-12-26T03:18:49.813Z"}}, {"pk": 215, "model": "blog.text", "fields": {"classifier": null, "value": "`` Before then , my sales during much of the year had lagged behind 1960 by 20% '' , he says .", "created": "2013-12-26T03:18:50.286Z"}}, {"pk": 216, "model": "blog.text", "fields": {"classifier": null, "value": "His widow started the circulation of petitions after Barnard was reprimanded for violating the probation .", "created": "2013-12-26T03:18:50.671Z"}}, {"pk": 217, "model": "blog.text", "fields": {"classifier": null, "value": ") They train the mink and other animals to fight .", "created": "2013-12-26T03:18:51.320Z"}}, {"pk": 218, "model": "blog.text", "fields": {"classifier": null, "value": "And in the new `` King Of Kings '' the plot involves intrigues and twists and turns that cannot be traced to the Gospels .", "created": "2013-12-26T03:18:51.957Z"}}, {"pk": 219, "model": "blog.text", "fields": {"classifier": null, "value": "But the attack was made from an advance copy .", "created": "2013-12-26T03:18:52.573Z"}}, {"pk": 220, "model": "blog.text", "fields": {"classifier": null, "value": "Asked Mrs. Grace O. Peck , representative from Multnomah County , of the commission chairman , Joseph E. Harvey Jr. .", "created": "2013-12-26T03:18:52.997Z"}}, {"pk": 221, "model": "blog.text", "fields": {"classifier": null, "value": "Orange and lemon are considered important as are such pastels as blue and lilac .", "created": "2013-12-26T03:18:53.568Z"}}, {"pk": 222, "model": "blog.text", "fields": {"classifier": null, "value": "As we know , the Soviet peasant today still very largely thrives on being able to sell the produce grown on his private plot ; ;", "created": "2013-12-26T03:18:54.183Z"}}, {"pk": 223, "model": "blog.text", "fields": {"classifier": null, "value": "Douglas has consistently voted to aid the people who killed Masaryk , and against principles Masaryk died to uphold .", "created": "2013-12-26T03:18:54.770Z"}}, {"pk": 224, "model": "blog.text", "fields": {"classifier": null, "value": "He did not let the strings , for instance , weep , whine or get hysterical .", "created": "2013-12-26T03:18:55.420Z"}}, {"pk": 225, "model": "blog.text", "fields": {"classifier": null, "value": "Huff told Gregorio that he took the money to pay `` the ordinary bills and expenses of suburban living '' .", "created": "2013-12-26T03:18:55.860Z"}}, {"pk": 226, "model": "blog.text", "fields": {"classifier": null, "value": ".", "created": "2013-12-26T03:18:56.409Z"}}, {"pk": 227, "model": "blog.text", "fields": {"classifier": null, "value": "`` All platforms are meaningless : the program of either party is what lies in the vision and conscience of the candidate the party chooses to lead it '' .", "created": "2013-12-26T03:18:57.098Z"}}, {"pk": 228, "model": "blog.text", "fields": {"classifier": null, "value": "If they are to be commended for foresight in their planning , what then is the judgment of a town council that compounds this problem during the planning stage ? ?", "created": "2013-12-26T03:18:57.689Z"}}, {"pk": 229, "model": "blog.text", "fields": {"classifier": null, "value": "Moreover , the President is meeting the Soviet leader at a time when the Administration has still not decided on the scope of America's firm foreign policy commitments .", "created": "2013-12-26T03:18:58.129Z"}}, {"pk": 230, "model": "blog.text", "fields": {"classifier": null, "value": "Supt. Clarence S. Taylor had recommended Roger I. Vermeersch for the post .", "created": "2013-12-26T03:18:58.606Z"}}, {"pk": 231, "model": "blog.text", "fields": {"classifier": null, "value": "All went home happy except the Newport police , who feared that the throng departing at 6:35 might meet head-on the night crowd drawing nigh , and those deprived of their happy hour at the cocktail bar .", "created": "2013-12-26T03:18:59.249Z"}}, {"pk": 232, "model": "blog.text", "fields": {"classifier": null, "value": "The end of Trujillo", "created": "2013-12-26T03:18:59.779Z"}}, {"pk": 233, "model": "blog.text", "fields": {"classifier": null, "value": "Student leaders began sporadic efforts to negotiate theater integration several months ago .", "created": "2013-12-26T03:19:00.213Z"}}, {"pk": 234, "model": "blog.text", "fields": {"classifier": null, "value": "Robert Riefling , who gave the only piano recital of the recently concluded 23rd Beethoven Festival , penetrated deep into the spirit of the style .", "created": "2013-12-26T03:19:00.850Z"}}, {"pk": 235, "model": "blog.text", "fields": {"classifier": null, "value": "He served `` with '' him .", "created": "2013-12-26T03:19:01.822Z"}}, {"pk": 236, "model": "blog.text", "fields": {"classifier": null, "value": "He was getting the feel of the room for a concert tomorrow night for Puerto Rico Governor Luis Munoz Marin .", "created": "2013-12-26T03:19:02.295Z"}}, {"pk": 237, "model": "blog.text", "fields": {"classifier": null, "value": "Clearer meaning", "created": "2013-12-26T03:19:02.835Z"}}, {"pk": 238, "model": "blog.text", "fields": {"classifier": null, "value": "A few of them said they `` preferred contemporary art '' .", "created": "2013-12-26T03:19:03.325Z"}}, {"pk": 239, "model": "blog.text", "fields": {"classifier": null, "value": "It couldn't close , she said .", "created": "2013-12-26T03:19:03.843Z"}}, {"pk": 240, "model": "blog.text", "fields": {"classifier": null, "value": "The jury did not elaborate , but it added that `` there should be periodic surveillance of the pricing practices of the concessionaires for the purpose of keeping the prices reasonable '' .", "created": "2013-12-26T03:19:04.170Z"}}, {"pk": 241, "model": "blog.text", "fields": {"classifier": null, "value": "The lack of scientific unanimity on the effects of radiation is due in part to insufficient data covering large population groups , from which agreed-on generalizations could be drawn .", "created": "2013-12-26T03:19:04.802Z"}}, {"pk": 242, "model": "blog.text", "fields": {"classifier": null, "value": ", fourth in the league , to", "created": "2013-12-26T03:19:05.785Z"}}, {"pk": 243, "model": "blog.text", "fields": {"classifier": null, "value": "Moreover , Moscow appeared determined to apply the tripartite veto principle to the executive organs of all international bodies , including the U. N. Secretariat and the International Control Commission for Laos .", "created": "2013-12-26T03:19:06.345Z"}}, {"pk": 244, "model": "blog.text", "fields": {"classifier": null, "value": "He gave the impression of never having read a word about art , but there was no doubt that he had an eye for the best .", "created": "2013-12-26T03:19:06.827Z"}}, {"pk": 245, "model": "blog.text", "fields": {"classifier": null, "value": "This isn't true of the many homemakers of the 1960's , according to decorator consultant , Leland Alden .", "created": "2013-12-26T03:19:07.337Z"}}, {"pk": 246, "model": "blog.text", "fields": {"classifier": null, "value": "Conservation plan", "created": "2013-12-26T03:19:07.700Z"}}, {"pk": 247, "model": "blog.text", "fields": {"classifier": null, "value": "Ramsey , 6-3 , 195 and ruggedly slim , says , `` I can't remember when I didn't pester my mother to teach me to cook '' .", "created": "2013-12-26T03:19:08.120Z"}}, {"pk": 248, "model": "blog.text", "fields": {"classifier": null, "value": "Some of former President Truman's off-the-cuff discourses have been in that vein .", "created": "2013-12-26T03:19:08.605Z"}}, {"pk": 249, "model": "blog.text", "fields": {"classifier": null, "value": "One might think the problem would be similar .", "created": "2013-12-26T03:19:09.060Z"}}, {"pk": 250, "model": "blog.text", "fields": {"classifier": null, "value": "Stars throughout the volume denote dates of marriages during the past year .", "created": "2013-12-26T03:19:09.513Z"}}, {"pk": 251, "model": "blog.text", "fields": {"classifier": null, "value": "She's fat '' .", "created": "2013-12-26T03:19:10.165Z"}}, {"pk": 252, "model": "blog.text", "fields": {"classifier": null, "value": "Enforce by demand", "created": "2013-12-26T03:19:10.493Z"}}, {"pk": 253, "model": "blog.text", "fields": {"classifier": null, "value": "The dead youth was identified as Robert E. Sims , 19 , of 1688 Oak Knoll Cir. , Aj .", "created": "2013-12-26T03:19:10.887Z"}}, {"pk": 254, "model": "blog.text", "fields": {"classifier": null, "value": "The young Texas pianist can make great chords ring out as well as anyone , so last night the massive sonorities of this challenging concerto were no hazard to him .", "created": "2013-12-26T03:19:11.506Z"}}, {"pk": 255, "model": "blog.text", "fields": {"classifier": null, "value": "He has gained only one thing -- he has exploded a 50-megaton bomb and he probably has rockets with sufficient thrust to lob it over the shorter intercontinental ranges .", "created": "2013-12-26T03:19:13.074Z"}}, {"pk": 256, "model": "blog.text", "fields": {"classifier": null, "value": "Bill Eaton , Carolyn Milton , and Ronnie Bert Stone of Sunset ; ;", "created": "2013-12-26T03:19:13.479Z"}}, {"pk": 257, "model": "blog.text", "fields": {"classifier": null, "value": "`` Emory could not continue to operate according to its present standards as an institution of higher learning , of true university grade , and meet its financial obligations , without the tax-exemption privileges which are available to it only so long as it conforms to the aforementioned constitutional and statutory provisions '' , the statement said .", "created": "2013-12-26T03:19:13.864Z"}}, {"pk": 258, "model": "blog.text", "fields": {"classifier": null, "value": "He also struck his aunt and wife , and during the melee the baby also suffered scratches .", "created": "2013-12-26T03:19:14.263Z"}}, {"pk": 259, "model": "blog.text", "fields": {"classifier": null, "value": "The company incurred some $10 million of expenses attributable to four factors : advertising to attract new employees , hiring and training them , extra overtime , and defective work performed by the new workers .", "created": "2013-12-26T03:19:14.728Z"}}, {"pk": 260, "model": "blog.text", "fields": {"classifier": null, "value": "Mr. Podger was just adding this to his pictures of the day when the screen door opened and Pam burst out .", "created": "2013-12-26T03:19:15.268Z"}}, {"pk": 261, "model": "blog.text", "fields": {"classifier": null, "value": "-- His miracles", "created": "2013-12-26T03:19:15.591Z"}}, {"pk": 262, "model": "blog.text", "fields": {"classifier": null, "value": "Parts of `` Defeat Into Victory '' are a tangle of Burmese place names and military units , but a little application makes everything clear enough .", "created": "2013-12-26T03:19:16.172Z"}}, {"pk": 263, "model": "blog.text", "fields": {"classifier": null, "value": "The fact is that the Italians , French and British know that they have no defense against nuclear bombs .", "created": "2013-12-26T03:19:16.777Z"}}, {"pk": 264, "model": "blog.text", "fields": {"classifier": null, "value": "He is now president of the Chicago Conservatory College .", "created": "2013-12-26T03:19:17.439Z"}}, {"pk": 265, "model": "blog.text", "fields": {"classifier": null, "value": "there might even be two or more candidates for voters to choose from .", "created": "2013-12-26T03:19:18.080Z"}}, {"pk": 266, "model": "blog.text", "fields": {"classifier": null, "value": "She asked .", "created": "2013-12-26T03:19:18.693Z"}}, {"pk": 267, "model": "blog.text", "fields": {"classifier": null, "value": "But now the task is completed and the uncertainty resolved with the opening of the English-dialogue picture at the Music Hall yesterday .", "created": "2013-12-26T03:19:19.326Z"}}, {"pk": 268, "model": "blog.text", "fields": {"classifier": null, "value": "A new work on the program was Nikolai Lopatnikoff's `` Festival Overture '' , receiving its first New York hearing .", "created": "2013-12-26T03:19:19.981Z"}}, {"pk": 269, "model": "blog.text", "fields": {"classifier": null, "value": "Responsibility for the Faget appointment rests with Gen. J. M. Swing , an Eisenhower appointee as head of the Immigration Service .", "created": "2013-12-26T03:19:20.547Z"}}, {"pk": 270, "model": "blog.text", "fields": {"classifier": null, "value": "Each year another grade is added to the process , until finally all 12 grades are integrated .", "created": "2013-12-26T03:19:21.124Z"}}, {"pk": 271, "model": "blog.text", "fields": {"classifier": null, "value": "Dutton .", "created": "2013-12-26T03:19:21.844Z"}}, {"pk": 1, "model": "auth.permission", "fields": {"codename": "add_logentry", "name": "Can add log entry", "content_type": 1}}, {"pk": 2, "model": "auth.permission", "fields": {"codename": "change_logentry", "name": "Can change log entry", "content_type": 1}}, {"pk": 3, "model": "auth.permission", "fields": {"codename": "delete_logentry", "name": "Can delete log entry", "content_type": 1}}, {"pk": 4, "model": "auth.permission", "fields": {"codename": "add_permission", "name": "Can add permission", "content_type": 2}}, {"pk": 5, "model": "auth.permission", "fields": {"codename": "change_permission", "name": "Can change permission", "content_type": 2}}, {"pk": 6, "model": "auth.permission", "fields": {"codename": "delete_permission", "name": "Can delete permission", "content_type": 2}}, {"pk": 7, "model": "auth.permission", "fields": {"codename": "add_group", "name": "Can add group", "content_type": 3}}, {"pk": 8, "model": "auth.permission", "fields": {"codename": "change_group", "name": "Can change group", "content_type": 3}}, {"pk": 9, "model": "auth.permission", "fields": {"codename": "delete_group", "name": "Can delete group", "content_type": 3}}, {"pk": 10, "model": "auth.permission", "fields": {"codename": "add_user", "name": "Can add user", "content_type": 4}}, {"pk": 11, "model": "auth.permission", "fields": {"codename": "change_user", "name": "Can change user", "content_type": 4}}, {"pk": 12, "model": "auth.permission", "fields": {"codename": "delete_user", "name": "Can delete user", "content_type": 4}}, {"pk": 13, "model": "auth.permission", "fields": {"codename": "add_contenttype", "name": "Can add content type", "content_type": 5}}, {"pk": 14, "model": "auth.permission", "fields": {"codename": "change_contenttype", "name": "Can change content type", "content_type": 5}}, {"pk": 15, "model": "auth.permission", "fields": {"codename": "delete_contenttype", "name": "Can delete content type", "content_type": 5}}, {"pk": 16, "model": "auth.permission", "fields": {"codename": "add_session", "name": "Can add session", "content_type": 6}}, {"pk": 17, "model": "auth.permission", "fields": {"codename": "change_session", "name": "Can change session", "content_type": 6}}, {"pk": 18, "model": "auth.permission", "fields": {"codename": "delete_session", "name": "Can delete session", "content_type": 6}}, {"pk": 19, "model": "auth.permission", "fields": {"codename": "add_token", "name": "Can add token", "content_type": 7}}, {"pk": 20, "model": "auth.permission", "fields": {"codename": "change_token", "name": "Can change token", "content_type": 7}}, {"pk": 21, "model": "auth.permission", "fields": {"codename": "delete_token", "name": "Can delete token", "content_type": 7}}, {"pk": 22, "model": "auth.permission", "fields": {"codename": "add_whitelist", "name": "Can add white list", "content_type": 8}}, {"pk": 23, "model": "auth.permission", "fields": {"codename": "change_whitelist", "name": "Can change white list", "content_type": 8}}, {"pk": 24, "model": "auth.permission", "fields": {"codename": "delete_whitelist", "name": "Can delete white list", "content_type": 8}}, {"pk": 25, "model": "auth.permission", "fields": {"codename": "add_blog", "name": "Can add blog", "content_type": 9}}, {"pk": 26, "model": "auth.permission", "fields": {"codename": "change_blog", "name": "Can change blog", "content_type": 9}}, {"pk": 27, "model": "auth.permission", "fields": {"codename": "delete_blog", "name": "Can delete blog", "content_type": 9}}, {"pk": 28, "model": "auth.permission", "fields": {"codename": "add_post", "name": "Can add post", "content_type": 10}}, {"pk": 29, "model": "auth.permission", "fields": {"codename": "change_post", "name": "Can change post", "content_type": 10}}, {"pk": 30, "model": "auth.permission", "fields": {"codename": "delete_post", "name": "Can delete post", "content_type": 10}}, {"pk": 31, "model": "auth.permission", "fields": {"codename": "add_sentenceset", "name": "Can add sentence set", "content_type": 11}}, {"pk": 32, "model": "auth.permission", "fields": {"codename": "change_sentenceset", "name": "Can change sentence set", "content_type": 11}}, {"pk": 33, "model": "auth.permission", "fields": {"codename": "delete_sentenceset", "name": "Can delete sentence set", "content_type": 11}}, {"pk": 34, "model": "auth.permission", "fields": {"codename": "add_sentence", "name": "Can add sentence", "content_type": 12}}, {"pk": 35, "model": "auth.permission", "fields": {"codename": "change_sentence", "name": "Can change sentence", "content_type": 12}}, {"pk": 36, "model": "auth.permission", "fields": {"codename": "delete_sentence", "name": "Can delete sentence", "content_type": 12}}, {"pk": 37, "model": "auth.permission", "fields": {"codename": "add_text", "name": "Can add text", "content_type": 13}}, {"pk": 38, "model": "auth.permission", "fields": {"codename": "change_text", "name": "Can change text", "content_type": 13}}, {"pk": 39, "model": "auth.permission", "fields": {"codename": "delete_text", "name": "Can delete text", "content_type": 13}}, {"pk": 1, "model": "auth.user", "fields": {"username": "eric", "first_name": "", "last_name": "", "is_active": true, "is_superuser": true, "is_staff": true, "last_login": "2013-12-26T03:16:09.489Z", "groups": [], "user_permissions": [], "password": "pbkdf2_sha256$12000$UrVdTslmsbN0$WHV4gJMmaoK69+X+AJgmtjgBX6qQdCFGtKRmo8dYPgE=", "email": "", "date_joined": "2013-12-26T03:16:09.489Z"}}, {"pk": 2, "model": "auth.user", "fields": {"username": "alice", "first_name": "", "last_name": "", "is_active": true, "is_superuser": false, "is_staff": false, "last_login": "2013-12-26T03:16:53.498Z", "groups": [], "user_permissions": [], "password": "pbkdf2_sha256$12000$i6lrpEfuddXC$4IE97SfDn8/S4pm2wStTGqg2lZIBtgatkeqvJI5ftzQ=", "email": "", "date_joined": "2013-12-26T03:16:53.498Z"}}, {"pk": 3, "model": "auth.user", "fields": {"username": "bobby", "first_name": "", "last_name": "", "is_active": true, "is_superuser": false, "is_staff": false, "last_login": "2013-12-26T03:16:53.730Z", "groups": [], "user_permissions": [], "password": "pbkdf2_sha256$12000$OuS0OEBMXd5b$aW7OYin4vetybLw8g0mczoq22C0EsCVglCK4mReKQjA=", "email": "", "date_joined": "2013-12-26T03:16:53.730Z"}}, {"pk": 1, "model": "blog.blog", "fields": {"description": "About law and stuff...", "title": "Jurisprudence", "creator": 2, "created": "2013-12-26T03:16:53.933Z", "number_children": 1, "is_restricted": true}}, {"pk": 2, "model": "blog.blog", "fields": {"description": "About stuff...", "title": "Law", "creator": 2, "created": "2013-12-26T03:16:54.077Z", "number_children": 2, "is_restricted": false}}, {"pk": 3, "model": "blog.blog", "fields": {"description": "Heh...", "title": "Equality Issues", "creator": 2, "created": "2013-12-26T03:16:54.222Z", "number_children": 1, "is_restricted": false}}, {"pk": 4, "model": "blog.blog", "fields": {"description": "No way!", "title": "Life", "creator": 2, "created": "2013-12-26T03:16:54.334Z", "number_children": 1, "is_restricted": false}}, {"pk": 5, "model": "blog.blog", "fields": {"description": "Deep thinking.", "title": "Philosophy", "creator": 2, "created": "2013-12-26T03:16:54.459Z", "number_children": 1, "is_restricted": false}}, {"pk": 6, "model": "blog.blog", "fields": {"description": "Incredible Discoveries", "title": "Science", "creator": 3, "created": "2013-12-26T03:16:54.582Z", "number_children": 1, "is_restricted": false}}, {"pk": 7, "model": "blog.blog", "fields": {"description": "Researchers come here!", "title": "Papers", "creator": 3, "created": "2013-12-26T03:16:54.705Z", "number_children": 1, "is_restricted": false}}, {"pk": 8, "model": "blog.blog", "fields": {"description": "Internets and Neurons", "title": "Networks", "creator": 3, "created": "2013-12-26T03:16:54.851Z", "number_children": 1, "is_restricted": false}}, {"pk": 9, "model": "blog.blog", "fields": {"description": "Math blog. What else.", "title": "Optimization Problems", "creator": 3, "created": "2013-12-26T03:16:55.007Z", "number_children": 1, "is_restricted": false}}, {"pk": 1, "model": "blog.post", "fields": {"author": 2, "created": "2013-12-26T03:16:55.168Z", "is_active": true, "modified": "2013-12-26T03:18:17.364Z", "parent_id": 1, "number_children": 1, "title": "Brown Corpus", "parent_content_type": 9}}, {"pk": 2, "model": "blog.post", "fields": {"author": 2, "created": "2013-12-26T03:17:07.553Z", "is_active": true, "modified": "2013-12-26T03:18:27.362Z", "parent_id": 2, "number_children": 1, "title": "Legal Obligations?", "parent_content_type": 9}}, {"pk": 3, "model": "blog.post", "fields": {"author": 2, "created": "2013-12-26T03:17:16.735Z", "is_active": true, "modified": "2013-12-26T03:17:16.735Z", "parent_id": 2, "number_children": 0, "title": "Standards on Law", "parent_content_type": 9}}, {"pk": 4, "model": "blog.post", "fields": {"author": 2, "created": "2013-12-26T03:17:27.228Z", "is_active": true, "modified": "2013-12-26T03:17:27.228Z", "parent_id": 3, "number_children": 0, "title": "Some post", "parent_content_type": 9}}, {"pk": 5, "model": "blog.post", "fields": {"author": 2, "created": "2013-12-26T03:17:28.089Z", "is_active": true, "modified": "2013-12-26T03:17:28.089Z", "parent_id": 4, "number_children": 0, "title": "Descartes", "parent_content_type": 9}}, {"pk": 6, "model": "blog.post", "fields": {"author": 2, "created": "2013-12-26T03:17:43.268Z", "is_active": true, "modified": "2013-12-26T03:17:43.268Z", "parent_id": 5, "number_children": 0, "title": "An examination of Kant", "parent_content_type": 9}}, {"pk": 7, "model": "blog.post", "fields": {"author": 3, "created": "2013-12-26T03:17:51.433Z", "is_active": true, "modified": "2013-12-26T03:17:51.433Z", "parent_id": 6, "number_children": 0, "title": "A discovery", "parent_content_type": 9}}, {"pk": 8, "model": "blog.post", "fields": {"author": 3, "created": "2013-12-26T03:17:57.873Z", "is_active": true, "modified": "2013-12-26T03:17:57.873Z", "parent_id": 7, "number_children": 0, "title": "RCC Architecture", "parent_content_type": 9}}, {"pk": 9, "model": "blog.post", "fields": {"author": 3, "created": "2013-12-26T03:18:10.364Z", "is_active": true, "modified": "2013-12-26T03:18:10.364Z", "parent_id": 8, "number_children": 0, "title": "Internet slow", "parent_content_type": 9}}, {"pk": 10, "model": "blog.post", "fields": {"author": 3, "created": "2013-12-26T03:18:12.151Z", "is_active": true, "modified": "2013-12-26T03:18:12.151Z", "parent_id": 9, "number_children": 0, "title": "Algorithms for robots", "parent_content_type": 9}}, {"pk": 11, "model": "blog.post", "fields": {"author": 3, "created": "2013-12-26T03:18:17.173Z", "is_active": true, "modified": "2013-12-26T03:18:40.513Z", "parent_id": 1, "number_children": 1, "title": "Interesting words", "parent_content_type": 10}}, {"pk": 12, "model": "blog.post", "fields": {"author": 3, "created": "2013-12-26T03:18:27.148Z", "is_active": true, "modified": "2013-12-26T03:18:46.378Z", "parent_id": 2, "number_children": 1, "title": "Incredible post", "parent_content_type": 10}}, {"pk": 13, "model": "blog.post", "fields": {"author": 2, "created": "2013-12-26T03:18:40.344Z", "is_active": true, "modified": "2013-12-26T03:18:40.344Z", "parent_id": 11, "number_children": 0, "title": "Thank you", "parent_content_type": 10}}, {"pk": 14, "model": "blog.post", "fields": {"author": 2, "created": "2013-12-26T03:18:46.197Z", "is_active": true, "modified": "2013-12-26T03:18:46.198Z", "parent_id": 12, "number_children": 0, "title": "Thank you again...", "parent_content_type": 10}}, {"pk": 15, "model": "blog.post", "fields": {"author": 2, "created": "2013-12-26T03:19:01.128Z", "is_active": true, "modified": "2013-12-26T03:19:01.128Z", "parent_id": 1, "number_children": 0, "title": "Some Post", "parent_content_type": 12}}, {"pk": 16, "model": "blog.post", "fields": {"author": 3, "created": "2013-12-26T03:19:05.113Z", "is_active": true, "modified": "2013-12-26T03:19:05.113Z", "parent_id": 2, "number_children": 0, "title": "Yeah", "parent_content_type": 12}}, {"pk": 17, "model": "blog.post", "fields": {"author": 3, "created": "2013-12-26T03:19:11.813Z", "is_active": true, "modified": "2013-12-26T03:19:11.813Z", "parent_id": 3, "number_children": 0, "title": "ASDF", "parent_content_type": 12}}, {"pk": 18, "model": "blog.post", "fields": {"author": 3, "created": "2013-12-26T03:19:12.294Z", "is_active": true, "modified": "2013-12-26T03:19:12.294Z", "parent_id": 16, "number_children": 0, "title": "Woot", "parent_content_type": 12}}]