[{"pk": 1, "model": "contenttypes.contenttype", "fields": {"model": "logentry", "name": "log entry", "app_label": "admin"}}, {"pk": 2, "model": "contenttypes.contenttype", "fields": {"model": "permission", "name": "permission", "app_label": "auth"}}, {"pk": 3, "model": "contenttypes.contenttype", "fields": {"model": "group", "name": "group", "app_label": "auth"}}, {"pk": 4, "model": "contenttypes.contenttype", "fields": {"model": "user", "name": "user", "app_label": "auth"}}, {"pk": 5, "model": "contenttypes.contenttype", "fields": {"model": "contenttype", "name": "content type", "app_label": "contenttypes"}}, {"pk": 6, "model": "contenttypes.contenttype", "fields": {"model": "session", "name": "session", "app_label": "sessions"}}, {"pk": 7, "model": "contenttypes.contenttype", "fields": {"model": "token", "name": "token", "app_label": "authtoken"}}, {"pk": 8, "model": "contenttypes.contenttype", "fields": {"model": "whitelist", "name": "white list", "app_label": "blog"}}, {"pk": 9, "model": "contenttypes.contenttype", "fields": {"model": "blog", "name": "blog", "app_label": "blog"}}, {"pk": 10, "model": "contenttypes.contenttype", "fields": {"model": "post", "name": "post", "app_label": "blog"}}, {"pk": 11, "model": "contenttypes.contenttype", "fields": {"model": "sentenceset", "name": "sentence set", "app_label": "blog"}}, {"pk": 12, "model": "contenttypes.contenttype", "fields": {"model": "sentence", "name": "sentence", "app_label": "blog"}}, {"pk": 13, "model": "contenttypes.contenttype", "fields": {"model": "text", "name": "text", "app_label": "blog"}}, {"pk": 1, "model": "blog.sentenceset", "fields": {"parent": 1, "created": "2013-12-26T21:43:19.166Z"}}, {"pk": 2, "model": "blog.sentenceset", "fields": {"parent": 2, "created": "2013-12-26T21:43:35.321Z"}}, {"pk": 3, "model": "blog.sentenceset", "fields": {"parent": 3, "created": "2013-12-26T21:43:48.028Z"}}, {"pk": 4, "model": "blog.sentenceset", "fields": {"parent": 4, "created": "2013-12-26T21:44:03.200Z"}}, {"pk": 5, "model": "blog.sentenceset", "fields": {"parent": 5, "created": "2013-12-26T21:44:08.444Z"}}, {"pk": 6, "model": "blog.sentenceset", "fields": {"parent": 6, "created": "2013-12-26T21:44:15.686Z"}}, {"pk": 7, "model": "blog.sentenceset", "fields": {"parent": 7, "created": "2013-12-26T21:44:28.012Z"}}, {"pk": 8, "model": "blog.sentenceset", "fields": {"parent": 8, "created": "2013-12-26T21:44:29.596Z"}}, {"pk": 9, "model": "blog.sentenceset", "fields": {"parent": 9, "created": "2013-12-26T21:44:34.159Z"}}, {"pk": 10, "model": "blog.sentenceset", "fields": {"parent": 10, "created": "2013-12-26T21:44:47.908Z"}}, {"pk": 11, "model": "blog.sentenceset", "fields": {"parent": 11, "created": "2013-12-26T21:45:00.595Z"}}, {"pk": 12, "model": "blog.sentenceset", "fields": {"parent": 12, "created": "2013-12-26T21:45:13.772Z"}}, {"pk": 13, "model": "blog.sentenceset", "fields": {"parent": 13, "created": "2013-12-26T21:45:20.143Z"}}, {"pk": 14, "model": "blog.sentenceset", "fields": {"parent": 14, "created": "2013-12-26T21:45:29.360Z"}}, {"pk": 15, "model": "blog.sentenceset", "fields": {"parent": 15, "created": "2013-12-26T21:45:43.136Z"}}, {"pk": 16, "model": "blog.sentenceset", "fields": {"parent": 16, "created": "2013-12-26T21:45:57.804Z"}}, {"pk": 17, "model": "blog.sentenceset", "fields": {"parent": 17, "created": "2013-12-26T21:46:02.679Z"}}, {"pk": 18, "model": "blog.sentenceset", "fields": {"parent": 18, "created": "2013-12-26T21:46:08.358Z"}}, {"pk": 1, "model": "blog.sentence", "fields": {"previous_version": null, "sentence_set": 1, "ordering": 1.0, "text": 1, "paragraph": 1, "mode": "t", "number_children": 1}}, {"pk": 2, "model": "blog.sentence", "fields": {"previous_version": null, "sentence_set": 1, "ordering": 2.0, "text": 2, "paragraph": 1, "mode": "t", "number_children": 1}}, {"pk": 3, "model": "blog.sentence", "fields": {"previous_version": null, "sentence_set": 1, "ordering": 3.0, "text": 3, "paragraph": 1, "mode": "t", "number_children": 1}}, {"pk": 4, "model": "blog.sentence", "fields": {"previous_version": null, "sentence_set": 1, "ordering": 4.0, "text": 4, "paragraph": 1, "mode": "t", "number_children": 0}}, {"pk": 5, "model": "blog.sentence", "fields": {"previous_version": null, "sentence_set": 1, "ordering": 5.0, "text": 5, "paragraph": 1, "mode": "t", "number_children": 0}}, {"pk": 6, "model": "blog.sentence", "fields": {"previous_version": null, "sentence_set": 1, "ordering": 6.0, "text": 6, "paragraph": 1, "mode": "t", "number_children": 0}}, {"pk": 7, "model": "blog.sentence", "fields": {"previous_version": null, "sentence_set": 1, "ordering": 7.0, "text": 7, "paragraph": 1, "mode": "t", "number_children": 0}}, {"pk": 8, "model": "blog.sentence", "fields": {"previous_version": null, "sentence_set": 1, "ordering": 8.0, "text": 8, "paragraph": 1, "mode": "t", "number_children": 0}}, {"pk": 9, "model": "blog.sentence", "fields": {"previous_version": null, "sentence_set": 1, "ordering": 9.0, "text": 9, "paragraph": 1, "mode": "t", "number_children": 0}}, {"pk": 10, "model": "blog.sentence", "fields": {"previous_version": null, "sentence_set": 1, "ordering": 10.0, "text": 10, "paragraph": 1, "mode": "t", "number_children": 0}}, {"pk": 11, "model": "blog.sentence", "fields": {"previous_version": null, "sentence_set": 1, "ordering": 11.0, "text": 11, "paragraph": 1, "mode": "t", "number_children": 0}}, {"pk": 12, "model": "blog.sentence", "fields": {"previous_version": null, "sentence_set": 1, "ordering": 12.0, "text": 12, "paragraph": 1, "mode": "t", "number_children": 0}}, {"pk": 13, "model": "blog.sentence", "fields": {"previous_version": null, "sentence_set": 1, "ordering": 13.0, "text": 13, "paragraph": 1, "mode": "t", "number_children": 0}}, {"pk": 14, "model": "blog.sentence", "fields": {"previous_version": null, "sentence_set": 1, "ordering": 14.0, "text": 14, "paragraph": 1, "mode": "t", "number_children": 0}}, {"pk": 15, "model": "blog.sentence", "fields": {"previous_version": null, "sentence_set": 1, "ordering": 15.0, "text": 15, "paragraph": 2, "mode": "t", "number_children": 0}}, {"pk": 16, "model": "blog.sentence", "fields": {"previous_version": null, "sentence_set": 1, "ordering": 16.0, "text": 16, "paragraph": 2, "mode": "t", "number_children": 1}}, {"pk": 17, "model": "blog.sentence", "fields": {"previous_version": null, "sentence_set": 1, "ordering": 17.0, "text": 17, "paragraph": 2, "mode": "t", "number_children": 0}}, {"pk": 18, "model": "blog.sentence", "fields": {"previous_version": null, "sentence_set": 1, "ordering": 18.0, "text": 18, "paragraph": 2, "mode": "t", "number_children": 0}}, {"pk": 19, "model": "blog.sentence", "fields": {"previous_version": null, "sentence_set": 1, "ordering": 19.0, "text": 19, "paragraph": 2, "mode": "t", "number_children": 0}}, {"pk": 20, "model": "blog.sentence", "fields": {"previous_version": null, "sentence_set": 1, "ordering": 20.0, "text": 20, "paragraph": 2, "mode": "t", "number_children": 0}}, {"pk": 21, "model": "blog.sentence", "fields": {"previous_version": null, "sentence_set": 1, "ordering": 21.0, "text": 21, "paragraph": 2, "mode": "t", "number_children": 0}}, {"pk": 22, "model": "blog.sentence", "fields": {"previous_version": null, "sentence_set": 1, "ordering": 22.0, "text": 22, "paragraph": 2, "mode": "t", "number_children": 0}}, {"pk": 23, "model": "blog.sentence", "fields": {"previous_version": null, "sentence_set": 1, "ordering": 23.0, "text": 23, "paragraph": 2, "mode": "t", "number_children": 0}}, {"pk": 24, "model": "blog.sentence", "fields": {"previous_version": null, "sentence_set": 1, "ordering": 24.0, "text": 24, "paragraph": 2, "mode": "t", "number_children": 0}}, {"pk": 25, "model": "blog.sentence", "fields": {"previous_version": null, "sentence_set": 1, "ordering": 25.0, "text": 25, "paragraph": 2, "mode": "t", "number_children": 0}}, {"pk": 26, "model": "blog.sentence", "fields": {"previous_version": null, "sentence_set": 1, "ordering": 26.0, "text": 26, "paragraph": 2, "mode": "t", "number_children": 0}}, {"pk": 27, "model": "blog.sentence", "fields": {"previous_version": null, "sentence_set": 1, "ordering": 27.0, "text": 27, "paragraph": 2, "mode": "t", "number_children": 0}}, {"pk": 28, "model": "blog.sentence", "fields": {"previous_version": null, "sentence_set": 1, "ordering": 28.0, "text": 28, "paragraph": 2, "mode": "t", "number_children": 0}}, {"pk": 29, "model": "blog.sentence", "fields": {"previous_version": null, "sentence_set": 1, "ordering": 29.0, "text": 29, "paragraph": 2, "mode": "t", "number_children": 0}}, {"pk": 30, "model": "blog.sentence", "fields": {"previous_version": null, "sentence_set": 2, "ordering": 1.0, "text": 30, "paragraph": 1, "mode": "t", "number_children": 0}}, {"pk": 31, "model": "blog.sentence", "fields": {"previous_version": null, "sentence_set": 2, "ordering": 2.0, "text": 31, "paragraph": 1, "mode": "t", "number_children": 0}}, {"pk": 32, "model": "blog.sentence", "fields": {"previous_version": null, "sentence_set": 2, "ordering": 3.0, "text": 32, "paragraph": 1, "mode": "t", "number_children": 0}}, {"pk": 33, "model": "blog.sentence", "fields": {"previous_version": null, "sentence_set": 2, "ordering": 4.0, "text": 33, "paragraph": 1, "mode": "t", "number_children": 0}}, {"pk": 34, "model": "blog.sentence", "fields": {"previous_version": null, "sentence_set": 2, "ordering": 5.0, "text": 34, "paragraph": 1, "mode": "t", "number_children": 0}}, {"pk": 35, "model": "blog.sentence", "fields": {"previous_version": null, "sentence_set": 2, "ordering": 6.0, "text": 35, "paragraph": 1, "mode": "t", "number_children": 0}}, {"pk": 36, "model": "blog.sentence", "fields": {"previous_version": null, "sentence_set": 2, "ordering": 7.0, "text": 36, "paragraph": 1, "mode": "t", "number_children": 0}}, {"pk": 37, "model": "blog.sentence", "fields": {"previous_version": null, "sentence_set": 2, "ordering": 8.0, "text": 37, "paragraph": 1, "mode": "t", "number_children": 0}}, {"pk": 38, "model": "blog.sentence", "fields": {"previous_version": null, "sentence_set": 2, "ordering": 9.0, "text": 38, "paragraph": 1, "mode": "t", "number_children": 0}}, {"pk": 39, "model": "blog.sentence", "fields": {"previous_version": null, "sentence_set": 2, "ordering": 10.0, "text": 39, "paragraph": 1, "mode": "t", "number_children": 0}}, {"pk": 40, "model": "blog.sentence", "fields": {"previous_version": null, "sentence_set": 2, "ordering": 11.0, "text": 40, "paragraph": 1, "mode": "t", "number_children": 0}}, {"pk": 41, "model": "blog.sentence", "fields": {"previous_version": null, "sentence_set": 2, "ordering": 12.0, "text": 41, "paragraph": 1, "mode": "t", "number_children": 0}}, {"pk": 42, "model": "blog.sentence", "fields": {"previous_version": null, "sentence_set": 2, "ordering": 13.0, "text": 42, "paragraph": 1, "mode": "t", "number_children": 0}}, {"pk": 43, "model": "blog.sentence", "fields": {"previous_version": null, "sentence_set": 2, "ordering": 14.0, "text": 43, "paragraph": 2, "mode": "t", "number_children": 0}}, {"pk": 44, "model": "blog.sentence", "fields": {"previous_version": null, "sentence_set": 2, "ordering": 15.0, "text": 44, "paragraph": 2, "mode": "t", "number_children": 0}}, {"pk": 45, "model": "blog.sentence", "fields": {"previous_version": null, "sentence_set": 2, "ordering": 16.0, "text": 45, "paragraph": 2, "mode": "t", "number_children": 0}}, {"pk": 46, "model": "blog.sentence", "fields": {"previous_version": null, "sentence_set": 2, "ordering": 17.0, "text": 46, "paragraph": 2, "mode": "t", "number_children": 0}}, {"pk": 47, "model": "blog.sentence", "fields": {"previous_version": null, "sentence_set": 2, "ordering": 18.0, "text": 47, "paragraph": 2, "mode": "t", "number_children": 0}}, {"pk": 48, "model": "blog.sentence", "fields": {"previous_version": null, "sentence_set": 2, "ordering": 19.0, "text": 48, "paragraph": 2, "mode": "t", "number_children": 0}}, {"pk": 49, "model": "blog.sentence", "fields": {"previous_version": null, "sentence_set": 2, "ordering": 20.0, "text": 49, "paragraph": 2, "mode": "t", "number_children": 0}}, {"pk": 50, "model": "blog.sentence", "fields": {"previous_version": null, "sentence_set": 2, "ordering": 21.0, "text": 50, "paragraph": 2, "mode": "t", "number_children": 0}}, {"pk": 51, "model": "blog.sentence", "fields": {"previous_version": null, "sentence_set": 2, "ordering": 22.0, "text": 51, "paragraph": 2, "mode": "t", "number_children": 0}}, {"pk": 52, "model": "blog.sentence", "fields": {"previous_version": null, "sentence_set": 2, "ordering": 23.0, "text": 52, "paragraph": 2, "mode": "t", "number_children": 0}}, {"pk": 53, "model": "blog.sentence", "fields": {"previous_version": null, "sentence_set": 3, "ordering": 1.0, "text": 53, "paragraph": 1, "mode": "t", "number_children": 0}}, {"pk": 54, "model": "blog.sentence", "fields": {"previous_version": null, "sentence_set": 3, "ordering": 2.0, "text": 54, "paragraph": 1, "mode": "t", "number_children": 0}}, {"pk": 55, "model": "blog.sentence", "fields": {"previous_version": null, "sentence_set": 3, "ordering": 3.0, "text": 55, "paragraph": 1, "mode": "t", "number_children": 0}}, {"pk": 56, "model": "blog.sentence", "fields": {"previous_version": null, "sentence_set": 3, "ordering": 4.0, "text": 56, "paragraph": 1, "mode": "t", "number_children": 0}}, {"pk": 57, "model": "blog.sentence", "fields": {"previous_version": null, "sentence_set": 3, "ordering": 5.0, "text": 57, "paragraph": 1, "mode": "t", "number_children": 0}}, {"pk": 58, "model": "blog.sentence", "fields": {"previous_version": null, "sentence_set": 3, "ordering": 6.0, "text": 58, "paragraph": 1, "mode": "t", "number_children": 0}}, {"pk": 59, "model": "blog.sentence", "fields": {"previous_version": null, "sentence_set": 3, "ordering": 7.0, "text": 59, "paragraph": 1, "mode": "t", "number_children": 0}}, {"pk": 60, "model": "blog.sentence", "fields": {"previous_version": null, "sentence_set": 3, "ordering": 8.0, "text": 60, "paragraph": 1, "mode": "t", "number_children": 0}}, {"pk": 61, "model": "blog.sentence", "fields": {"previous_version": null, "sentence_set": 3, "ordering": 9.0, "text": 61, "paragraph": 1, "mode": "t", "number_children": 0}}, {"pk": 62, "model": "blog.sentence", "fields": {"previous_version": null, "sentence_set": 3, "ordering": 10.0, "text": 62, "paragraph": 1, "mode": "t", "number_children": 0}}, {"pk": 63, "model": "blog.sentence", "fields": {"previous_version": null, "sentence_set": 3, "ordering": 11.0, "text": 63, "paragraph": 1, "mode": "t", "number_children": 0}}, {"pk": 64, "model": "blog.sentence", "fields": {"previous_version": null, "sentence_set": 3, "ordering": 12.0, "text": 64, "paragraph": 1, "mode": "t", "number_children": 0}}, {"pk": 65, "model": "blog.sentence", "fields": {"previous_version": null, "sentence_set": 3, "ordering": 13.0, "text": 65, "paragraph": 1, "mode": "t", "number_children": 0}}, {"pk": 66, "model": "blog.sentence", "fields": {"previous_version": null, "sentence_set": 3, "ordering": 14.0, "text": 66, "paragraph": 1, "mode": "t", "number_children": 0}}, {"pk": 67, "model": "blog.sentence", "fields": {"previous_version": null, "sentence_set": 3, "ordering": 15.0, "text": 67, "paragraph": 1, "mode": "t", "number_children": 0}}, {"pk": 68, "model": "blog.sentence", "fields": {"previous_version": null, "sentence_set": 3, "ordering": 16.0, "text": 68, "paragraph": 2, "mode": "t", "number_children": 0}}, {"pk": 69, "model": "blog.sentence", "fields": {"previous_version": null, "sentence_set": 3, "ordering": 17.0, "text": 69, "paragraph": 2, "mode": "t", "number_children": 0}}, {"pk": 70, "model": "blog.sentence", "fields": {"previous_version": null, "sentence_set": 3, "ordering": 18.0, "text": 70, "paragraph": 2, "mode": "t", "number_children": 0}}, {"pk": 71, "model": "blog.sentence", "fields": {"previous_version": null, "sentence_set": 3, "ordering": 19.0, "text": 71, "paragraph": 2, "mode": "t", "number_children": 0}}, {"pk": 72, "model": "blog.sentence", "fields": {"previous_version": null, "sentence_set": 3, "ordering": 20.0, "text": 72, "paragraph": 2, "mode": "t", "number_children": 0}}, {"pk": 73, "model": "blog.sentence", "fields": {"previous_version": null, "sentence_set": 3, "ordering": 21.0, "text": 73, "paragraph": 2, "mode": "t", "number_children": 0}}, {"pk": 74, "model": "blog.sentence", "fields": {"previous_version": null, "sentence_set": 3, "ordering": 22.0, "text": 74, "paragraph": 2, "mode": "t", "number_children": 0}}, {"pk": 75, "model": "blog.sentence", "fields": {"previous_version": null, "sentence_set": 3, "ordering": 23.0, "text": 75, "paragraph": 2, "mode": "t", "number_children": 0}}, {"pk": 76, "model": "blog.sentence", "fields": {"previous_version": null, "sentence_set": 3, "ordering": 24.0, "text": 76, "paragraph": 2, "mode": "t", "number_children": 0}}, {"pk": 77, "model": "blog.sentence", "fields": {"previous_version": null, "sentence_set": 3, "ordering": 25.0, "text": 77, "paragraph": 2, "mode": "t", "number_children": 0}}, {"pk": 78, "model": "blog.sentence", "fields": {"previous_version": null, "sentence_set": 3, "ordering": 26.0, "text": 78, "paragraph": 2, "mode": "t", "number_children": 0}}, {"pk": 79, "model": "blog.sentence", "fields": {"previous_version": null, "sentence_set": 3, "ordering": 27.0, "text": 79, "paragraph": 2, "mode": "t", "number_children": 0}}, {"pk": 80, "model": "blog.sentence", "fields": {"previous_version": null, "sentence_set": 3, "ordering": 28.0, "text": 80, "paragraph": 2, "mode": "t", "number_children": 0}}, {"pk": 81, "model": "blog.sentence", "fields": {"previous_version": null, "sentence_set": 4, "ordering": 1.0, "text": 81, "paragraph": 1, "mode": "t", "number_children": 0}}, {"pk": 82, "model": "blog.sentence", "fields": {"previous_version": null, "sentence_set": 4, "ordering": 2.0, "text": 82, "paragraph": 1, "mode": "t", "number_children": 0}}, {"pk": 83, "model": "blog.sentence", "fields": {"previous_version": null, "sentence_set": 4, "ordering": 3.0, "text": 83, "paragraph": 1, "mode": "t", "number_children": 0}}, {"pk": 84, "model": "blog.sentence", "fields": {"previous_version": null, "sentence_set": 4, "ordering": 4.0, "text": 84, "paragraph": 1, "mode": "t", "number_children": 0}}, {"pk": 85, "model": "blog.sentence", "fields": {"previous_version": null, "sentence_set": 4, "ordering": 5.0, "text": 85, "paragraph": 1, "mode": "t", "number_children": 0}}, {"pk": 86, "model": "blog.sentence", "fields": {"previous_version": null, "sentence_set": 4, "ordering": 6.0, "text": 86, "paragraph": 2, "mode": "t", "number_children": 0}}, {"pk": 87, "model": "blog.sentence", "fields": {"previous_version": null, "sentence_set": 4, "ordering": 7.0, "text": 87, "paragraph": 2, "mode": "t", "number_children": 0}}, {"pk": 88, "model": "blog.sentence", "fields": {"previous_version": null, "sentence_set": 4, "ordering": 8.0, "text": 88, "paragraph": 2, "mode": "t", "number_children": 0}}, {"pk": 89, "model": "blog.sentence", "fields": {"previous_version": null, "sentence_set": 4, "ordering": 9.0, "text": 89, "paragraph": 2, "mode": "t", "number_children": 0}}, {"pk": 90, "model": "blog.sentence", "fields": {"previous_version": null, "sentence_set": 5, "ordering": 1.0, "text": 90, "paragraph": 1, "mode": "t", "number_children": 0}}, {"pk": 91, "model": "blog.sentence", "fields": {"previous_version": null, "sentence_set": 5, "ordering": 2.0, "text": 91, "paragraph": 1, "mode": "t", "number_children": 0}}, {"pk": 92, "model": "blog.sentence", "fields": {"previous_version": null, "sentence_set": 5, "ordering": 3.0, "text": 92, "paragraph": 1, "mode": "t", "number_children": 0}}, {"pk": 93, "model": "blog.sentence", "fields": {"previous_version": null, "sentence_set": 5, "ordering": 4.0, "text": 93, "paragraph": 1, "mode": "t", "number_children": 0}}, {"pk": 94, "model": "blog.sentence", "fields": {"previous_version": null, "sentence_set": 5, "ordering": 5.0, "text": 94, "paragraph": 1, "mode": "t", "number_children": 0}}, {"pk": 95, "model": "blog.sentence", "fields": {"previous_version": null, "sentence_set": 5, "ordering": 6.0, "text": 95, "paragraph": 1, "mode": "t", "number_children": 0}}, {"pk": 96, "model": "blog.sentence", "fields": {"previous_version": null, "sentence_set": 5, "ordering": 7.0, "text": 96, "paragraph": 1, "mode": "t", "number_children": 0}}, {"pk": 97, "model": "blog.sentence", "fields": {"previous_version": null, "sentence_set": 5, "ordering": 8.0, "text": 97, "paragraph": 1, "mode": "t", "number_children": 0}}, {"pk": 98, "model": "blog.sentence", "fields": {"previous_version": null, "sentence_set": 5, "ordering": 9.0, "text": 98, "paragraph": 1, "mode": "t", "number_children": 0}}, {"pk": 99, "model": "blog.sentence", "fields": {"previous_version": null, "sentence_set": 5, "ordering": 10.0, "text": 99, "paragraph": 2, "mode": "t", "number_children": 0}}, {"pk": 100, "model": "blog.sentence", "fields": {"previous_version": null, "sentence_set": 5, "ordering": 11.0, "text": 100, "paragraph": 2, "mode": "t", "number_children": 0}}, {"pk": 101, "model": "blog.sentence", "fields": {"previous_version": null, "sentence_set": 5, "ordering": 12.0, "text": 101, "paragraph": 2, "mode": "t", "number_children": 0}}, {"pk": 102, "model": "blog.sentence", "fields": {"previous_version": null, "sentence_set": 5, "ordering": 13.0, "text": 102, "paragraph": 2, "mode": "t", "number_children": 0}}, {"pk": 103, "model": "blog.sentence", "fields": {"previous_version": null, "sentence_set": 5, "ordering": 14.0, "text": 103, "paragraph": 2, "mode": "t", "number_children": 0}}, {"pk": 104, "model": "blog.sentence", "fields": {"previous_version": null, "sentence_set": 6, "ordering": 1.0, "text": 104, "paragraph": 1, "mode": "t", "number_children": 0}}, {"pk": 105, "model": "blog.sentence", "fields": {"previous_version": null, "sentence_set": 6, "ordering": 2.0, "text": 105, "paragraph": 1, "mode": "t", "number_children": 0}}, {"pk": 106, "model": "blog.sentence", "fields": {"previous_version": null, "sentence_set": 6, "ordering": 3.0, "text": 106, "paragraph": 1, "mode": "t", "number_children": 0}}, {"pk": 107, "model": "blog.sentence", "fields": {"previous_version": null, "sentence_set": 6, "ordering": 4.0, "text": 107, "paragraph": 1, "mode": "t", "number_children": 0}}, {"pk": 108, "model": "blog.sentence", "fields": {"previous_version": null, "sentence_set": 6, "ordering": 5.0, "text": 108, "paragraph": 1, "mode": "t", "number_children": 0}}, {"pk": 109, "model": "blog.sentence", "fields": {"previous_version": null, "sentence_set": 6, "ordering": 6.0, "text": 109, "paragraph": 1, "mode": "t", "number_children": 0}}, {"pk": 110, "model": "blog.sentence", "fields": {"previous_version": null, "sentence_set": 6, "ordering": 7.0, "text": 110, "paragraph": 1, "mode": "t", "number_children": 0}}, {"pk": 111, "model": "blog.sentence", "fields": {"previous_version": null, "sentence_set": 6, "ordering": 8.0, "text": 111, "paragraph": 1, "mode": "t", "number_children": 0}}, {"pk": 112, "model": "blog.sentence", "fields": {"previous_version": null, "sentence_set": 6, "ordering": 9.0, "text": 112, "paragraph": 1, "mode": "t", "number_children": 0}}, {"pk": 113, "model": "blog.sentence", "fields": {"previous_version": null, "sentence_set": 6, "ordering": 10.0, "text": 113, "paragraph": 1, "mode": "t", "number_children": 0}}, {"pk": 114, "model": "blog.sentence", "fields": {"previous_version": null, "sentence_set": 6, "ordering": 11.0, "text": 114, "paragraph": 1, "mode": "t", "number_children": 0}}, {"pk": 115, "model": "blog.sentence", "fields": {"previous_version": null, "sentence_set": 6, "ordering": 12.0, "text": 115, "paragraph": 1, "mode": "t", "number_children": 0}}, {"pk": 116, "model": "blog.sentence", "fields": {"previous_version": null, "sentence_set": 6, "ordering": 13.0, "text": 116, "paragraph": 2, "mode": "t", "number_children": 0}}, {"pk": 117, "model": "blog.sentence", "fields": {"previous_version": null, "sentence_set": 6, "ordering": 14.0, "text": 117, "paragraph": 2, "mode": "t", "number_children": 0}}, {"pk": 118, "model": "blog.sentence", "fields": {"previous_version": null, "sentence_set": 6, "ordering": 15.0, "text": 118, "paragraph": 2, "mode": "t", "number_children": 0}}, {"pk": 119, "model": "blog.sentence", "fields": {"previous_version": null, "sentence_set": 6, "ordering": 16.0, "text": 119, "paragraph": 2, "mode": "t", "number_children": 0}}, {"pk": 120, "model": "blog.sentence", "fields": {"previous_version": null, "sentence_set": 6, "ordering": 17.0, "text": 120, "paragraph": 2, "mode": "t", "number_children": 0}}, {"pk": 121, "model": "blog.sentence", "fields": {"previous_version": null, "sentence_set": 6, "ordering": 18.0, "text": 121, "paragraph": 2, "mode": "t", "number_children": 0}}, {"pk": 122, "model": "blog.sentence", "fields": {"previous_version": null, "sentence_set": 6, "ordering": 19.0, "text": 122, "paragraph": 2, "mode": "t", "number_children": 0}}, {"pk": 123, "model": "blog.sentence", "fields": {"previous_version": null, "sentence_set": 6, "ordering": 20.0, "text": 123, "paragraph": 2, "mode": "t", "number_children": 0}}, {"pk": 124, "model": "blog.sentence", "fields": {"previous_version": null, "sentence_set": 6, "ordering": 21.0, "text": 124, "paragraph": 2, "mode": "t", "number_children": 0}}, {"pk": 125, "model": "blog.sentence", "fields": {"previous_version": null, "sentence_set": 6, "ordering": 22.0, "text": 125, "paragraph": 2, "mode": "t", "number_children": 0}}, {"pk": 126, "model": "blog.sentence", "fields": {"previous_version": null, "sentence_set": 6, "ordering": 23.0, "text": 126, "paragraph": 2, "mode": "t", "number_children": 0}}, {"pk": 127, "model": "blog.sentence", "fields": {"previous_version": null, "sentence_set": 7, "ordering": 1.0, "text": 127, "paragraph": 1, "mode": "t", "number_children": 0}}, {"pk": 128, "model": "blog.sentence", "fields": {"previous_version": null, "sentence_set": 7, "ordering": 2.0, "text": 128, "paragraph": 1, "mode": "t", "number_children": 0}}, {"pk": 129, "model": "blog.sentence", "fields": {"previous_version": null, "sentence_set": 8, "ordering": 1.0, "text": 129, "paragraph": 1, "mode": "t", "number_children": 0}}, {"pk": 130, "model": "blog.sentence", "fields": {"previous_version": null, "sentence_set": 8, "ordering": 2.0, "text": 130, "paragraph": 1, "mode": "t", "number_children": 0}}, {"pk": 131, "model": "blog.sentence", "fields": {"previous_version": null, "sentence_set": 8, "ordering": 3.0, "text": 131, "paragraph": 1, "mode": "t", "number_children": 0}}, {"pk": 132, "model": "blog.sentence", "fields": {"previous_version": null, "sentence_set": 8, "ordering": 4.0, "text": 132, "paragraph": 2, "mode": "t", "number_children": 0}}, {"pk": 133, "model": "blog.sentence", "fields": {"previous_version": null, "sentence_set": 8, "ordering": 5.0, "text": 133, "paragraph": 2, "mode": "t", "number_children": 0}}, {"pk": 134, "model": "blog.sentence", "fields": {"previous_version": null, "sentence_set": 8, "ordering": 6.0, "text": 134, "paragraph": 2, "mode": "t", "number_children": 0}}, {"pk": 135, "model": "blog.sentence", "fields": {"previous_version": null, "sentence_set": 8, "ordering": 7.0, "text": 135, "paragraph": 2, "mode": "t", "number_children": 0}}, {"pk": 136, "model": "blog.sentence", "fields": {"previous_version": null, "sentence_set": 9, "ordering": 1.0, "text": 136, "paragraph": 1, "mode": "t", "number_children": 0}}, {"pk": 137, "model": "blog.sentence", "fields": {"previous_version": null, "sentence_set": 9, "ordering": 2.0, "text": 137, "paragraph": 1, "mode": "t", "number_children": 0}}, {"pk": 138, "model": "blog.sentence", "fields": {"previous_version": null, "sentence_set": 9, "ordering": 3.0, "text": 138, "paragraph": 1, "mode": "t", "number_children": 0}}, {"pk": 139, "model": "blog.sentence", "fields": {"previous_version": null, "sentence_set": 9, "ordering": 4.0, "text": 139, "paragraph": 1, "mode": "t", "number_children": 0}}, {"pk": 140, "model": "blog.sentence", "fields": {"previous_version": null, "sentence_set": 9, "ordering": 5.0, "text": 140, "paragraph": 1, "mode": "t", "number_children": 0}}, {"pk": 141, "model": "blog.sentence", "fields": {"previous_version": null, "sentence_set": 9, "ordering": 6.0, "text": 141, "paragraph": 1, "mode": "t", "number_children": 0}}, {"pk": 142, "model": "blog.sentence", "fields": {"previous_version": null, "sentence_set": 9, "ordering": 7.0, "text": 142, "paragraph": 1, "mode": "t", "number_children": 0}}, {"pk": 143, "model": "blog.sentence", "fields": {"previous_version": null, "sentence_set": 9, "ordering": 8.0, "text": 143, "paragraph": 1, "mode": "t", "number_children": 0}}, {"pk": 144, "model": "blog.sentence", "fields": {"previous_version": null, "sentence_set": 9, "ordering": 9.0, "text": 144, "paragraph": 1, "mode": "t", "number_children": 0}}, {"pk": 145, "model": "blog.sentence", "fields": {"previous_version": null, "sentence_set": 9, "ordering": 10.0, "text": 145, "paragraph": 1, "mode": "t", "number_children": 0}}, {"pk": 146, "model": "blog.sentence", "fields": {"previous_version": null, "sentence_set": 9, "ordering": 11.0, "text": 146, "paragraph": 1, "mode": "t", "number_children": 0}}, {"pk": 147, "model": "blog.sentence", "fields": {"previous_version": null, "sentence_set": 9, "ordering": 12.0, "text": 147, "paragraph": 1, "mode": "t", "number_children": 0}}, {"pk": 148, "model": "blog.sentence", "fields": {"previous_version": null, "sentence_set": 9, "ordering": 13.0, "text": 148, "paragraph": 1, "mode": "t", "number_children": 0}}, {"pk": 149, "model": "blog.sentence", "fields": {"previous_version": null, "sentence_set": 9, "ordering": 14.0, "text": 149, "paragraph": 1, "mode": "t", "number_children": 0}}, {"pk": 150, "model": "blog.sentence", "fields": {"previous_version": null, "sentence_set": 9, "ordering": 15.0, "text": 150, "paragraph": 1, "mode": "t", "number_children": 0}}, {"pk": 151, "model": "blog.sentence", "fields": {"previous_version": null, "sentence_set": 9, "ordering": 16.0, "text": 151, "paragraph": 1, "mode": "t", "number_children": 0}}, {"pk": 152, "model": "blog.sentence", "fields": {"previous_version": null, "sentence_set": 9, "ordering": 17.0, "text": 152, "paragraph": 2, "mode": "t", "number_children": 0}}, {"pk": 153, "model": "blog.sentence", "fields": {"previous_version": null, "sentence_set": 9, "ordering": 18.0, "text": 153, "paragraph": 2, "mode": "t", "number_children": 0}}, {"pk": 154, "model": "blog.sentence", "fields": {"previous_version": null, "sentence_set": 9, "ordering": 19.0, "text": 154, "paragraph": 2, "mode": "t", "number_children": 0}}, {"pk": 155, "model": "blog.sentence", "fields": {"previous_version": null, "sentence_set": 9, "ordering": 20.0, "text": 155, "paragraph": 2, "mode": "t", "number_children": 0}}, {"pk": 156, "model": "blog.sentence", "fields": {"previous_version": null, "sentence_set": 9, "ordering": 21.0, "text": 156, "paragraph": 2, "mode": "t", "number_children": 0}}, {"pk": 157, "model": "blog.sentence", "fields": {"previous_version": null, "sentence_set": 9, "ordering": 22.0, "text": 157, "paragraph": 2, "mode": "t", "number_children": 0}}, {"pk": 158, "model": "blog.sentence", "fields": {"previous_version": null, "sentence_set": 9, "ordering": 23.0, "text": 158, "paragraph": 2, "mode": "t", "number_children": 0}}, {"pk": 159, "model": "blog.sentence", "fields": {"previous_version": null, "sentence_set": 9, "ordering": 24.0, "text": 159, "paragraph": 2, "mode": "t", "number_children": 0}}, {"pk": 160, "model": "blog.sentence", "fields": {"previous_version": null, "sentence_set": 9, "ordering": 25.0, "text": 160, "paragraph": 2, "mode": "t", "number_children": 0}}, {"pk": 161, "model": "blog.sentence", "fields": {"previous_version": null, "sentence_set": 9, "ordering": 26.0, "text": 161, "paragraph": 2, "mode": "t", "number_children": 0}}, {"pk": 162, "model": "blog.sentence", "fields": {"previous_version": null, "sentence_set": 9, "ordering": 27.0, "text": 162, "paragraph": 2, "mode": "t", "number_children": 0}}, {"pk": 163, "model": "blog.sentence", "fields": {"previous_version": null, "sentence_set": 9, "ordering": 28.0, "text": 163, "paragraph": 2, "mode": "t", "number_children": 0}}, {"pk": 164, "model": "blog.sentence", "fields": {"previous_version": null, "sentence_set": 10, "ordering": 1.0, "text": 164, "paragraph": 1, "mode": "t", "number_children": 0}}, {"pk": 165, "model": "blog.sentence", "fields": {"previous_version": null, "sentence_set": 10, "ordering": 2.0, "text": 165, "paragraph": 1, "mode": "t", "number_children": 0}}, {"pk": 166, "model": "blog.sentence", "fields": {"previous_version": null, "sentence_set": 10, "ordering": 3.0, "text": 166, "paragraph": 1, "mode": "t", "number_children": 0}}, {"pk": 167, "model": "blog.sentence", "fields": {"previous_version": null, "sentence_set": 10, "ordering": 4.0, "text": 167, "paragraph": 1, "mode": "t", "number_children": 0}}, {"pk": 168, "model": "blog.sentence", "fields": {"previous_version": null, "sentence_set": 10, "ordering": 5.0, "text": 168, "paragraph": 1, "mode": "t", "number_children": 0}}, {"pk": 169, "model": "blog.sentence", "fields": {"previous_version": null, "sentence_set": 10, "ordering": 6.0, "text": 169, "paragraph": 1, "mode": "t", "number_children": 0}}, {"pk": 170, "model": "blog.sentence", "fields": {"previous_version": null, "sentence_set": 10, "ordering": 7.0, "text": 170, "paragraph": 1, "mode": "t", "number_children": 0}}, {"pk": 171, "model": "blog.sentence", "fields": {"previous_version": null, "sentence_set": 10, "ordering": 8.0, "text": 171, "paragraph": 1, "mode": "t", "number_children": 0}}, {"pk": 172, "model": "blog.sentence", "fields": {"previous_version": null, "sentence_set": 10, "ordering": 9.0, "text": 172, "paragraph": 1, "mode": "t", "number_children": 0}}, {"pk": 173, "model": "blog.sentence", "fields": {"previous_version": null, "sentence_set": 10, "ordering": 10.0, "text": 173, "paragraph": 1, "mode": "t", "number_children": 0}}, {"pk": 174, "model": "blog.sentence", "fields": {"previous_version": null, "sentence_set": 10, "ordering": 11.0, "text": 174, "paragraph": 1, "mode": "t", "number_children": 0}}, {"pk": 175, "model": "blog.sentence", "fields": {"previous_version": null, "sentence_set": 10, "ordering": 12.0, "text": 175, "paragraph": 1, "mode": "t", "number_children": 0}}, {"pk": 176, "model": "blog.sentence", "fields": {"previous_version": null, "sentence_set": 10, "ordering": 13.0, "text": 176, "paragraph": 2, "mode": "t", "number_children": 0}}, {"pk": 177, "model": "blog.sentence", "fields": {"previous_version": null, "sentence_set": 10, "ordering": 14.0, "text": 177, "paragraph": 2, "mode": "t", "number_children": 0}}, {"pk": 178, "model": "blog.sentence", "fields": {"previous_version": null, "sentence_set": 10, "ordering": 15.0, "text": 178, "paragraph": 2, "mode": "t", "number_children": 0}}, {"pk": 179, "model": "blog.sentence", "fields": {"previous_version": null, "sentence_set": 10, "ordering": 16.0, "text": 179, "paragraph": 2, "mode": "t", "number_children": 0}}, {"pk": 180, "model": "blog.sentence", "fields": {"previous_version": null, "sentence_set": 10, "ordering": 17.0, "text": 180, "paragraph": 2, "mode": "t", "number_children": 0}}, {"pk": 181, "model": "blog.sentence", "fields": {"previous_version": null, "sentence_set": 10, "ordering": 18.0, "text": 181, "paragraph": 2, "mode": "t", "number_children": 0}}, {"pk": 182, "model": "blog.sentence", "fields": {"previous_version": null, "sentence_set": 10, "ordering": 19.0, "text": 182, "paragraph": 2, "mode": "t", "number_children": 0}}, {"pk": 183, "model": "blog.sentence", "fields": {"previous_version": null, "sentence_set": 10, "ordering": 20.0, "text": 183, "paragraph": 2, "mode": "t", "number_children": 0}}, {"pk": 184, "model": "blog.sentence", "fields": {"previous_version": null, "sentence_set": 10, "ordering": 21.0, "text": 184, "paragraph": 2, "mode": "t", "number_children": 0}}, {"pk": 185, "model": "blog.sentence", "fields": {"previous_version": null, "sentence_set": 10, "ordering": 22.0, "text": 185, "paragraph": 2, "mode": "t", "number_children": 0}}, {"pk": 186, "model": "blog.sentence", "fields": {"previous_version": null, "sentence_set": 10, "ordering": 23.0, "text": 186, "paragraph": 2, "mode": "t", "number_children": 0}}, {"pk": 187, "model": "blog.sentence", "fields": {"previous_version": null, "sentence_set": 10, "ordering": 24.0, "text": 187, "paragraph": 2, "mode": "t", "number_children": 0}}, {"pk": 188, "model": "blog.sentence", "fields": {"previous_version": null, "sentence_set": 10, "ordering": 25.0, "text": 188, "paragraph": 2, "mode": "t", "number_children": 0}}, {"pk": 189, "model": "blog.sentence", "fields": {"previous_version": null, "sentence_set": 11, "ordering": 1.0, "text": 189, "paragraph": 1, "mode": "t", "number_children": 0}}, {"pk": 190, "model": "blog.sentence", "fields": {"previous_version": null, "sentence_set": 11, "ordering": 2.0, "text": 190, "paragraph": 1, "mode": "t", "number_children": 0}}, {"pk": 191, "model": "blog.sentence", "fields": {"previous_version": null, "sentence_set": 11, "ordering": 3.0, "text": 191, "paragraph": 1, "mode": "t", "number_children": 0}}, {"pk": 192, "model": "blog.sentence", "fields": {"previous_version": null, "sentence_set": 11, "ordering": 4.0, "text": 192, "paragraph": 1, "mode": "t", "number_children": 0}}, {"pk": 193, "model": "blog.sentence", "fields": {"previous_version": null, "sentence_set": 11, "ordering": 5.0, "text": 193, "paragraph": 1, "mode": "t", "number_children": 0}}, {"pk": 194, "model": "blog.sentence", "fields": {"previous_version": null, "sentence_set": 11, "ordering": 6.0, "text": 194, "paragraph": 1, "mode": "t", "number_children": 0}}, {"pk": 195, "model": "blog.sentence", "fields": {"previous_version": null, "sentence_set": 11, "ordering": 7.0, "text": 195, "paragraph": 1, "mode": "t", "number_children": 0}}, {"pk": 196, "model": "blog.sentence", "fields": {"previous_version": null, "sentence_set": 11, "ordering": 8.0, "text": 196, "paragraph": 1, "mode": "t", "number_children": 0}}, {"pk": 197, "model": "blog.sentence", "fields": {"previous_version": null, "sentence_set": 11, "ordering": 9.0, "text": 197, "paragraph": 1, "mode": "t", "number_children": 0}}, {"pk": 198, "model": "blog.sentence", "fields": {"previous_version": null, "sentence_set": 11, "ordering": 10.0, "text": 198, "paragraph": 1, "mode": "t", "number_children": 0}}, {"pk": 199, "model": "blog.sentence", "fields": {"previous_version": null, "sentence_set": 11, "ordering": 11.0, "text": 199, "paragraph": 1, "mode": "t", "number_children": 0}}, {"pk": 200, "model": "blog.sentence", "fields": {"previous_version": null, "sentence_set": 11, "ordering": 12.0, "text": 200, "paragraph": 1, "mode": "t", "number_children": 0}}, {"pk": 201, "model": "blog.sentence", "fields": {"previous_version": null, "sentence_set": 11, "ordering": 13.0, "text": 201, "paragraph": 1, "mode": "t", "number_children": 0}}, {"pk": 202, "model": "blog.sentence", "fields": {"previous_version": null, "sentence_set": 11, "ordering": 14.0, "text": 202, "paragraph": 2, "mode": "t", "number_children": 0}}, {"pk": 203, "model": "blog.sentence", "fields": {"previous_version": null, "sentence_set": 11, "ordering": 15.0, "text": 203, "paragraph": 2, "mode": "t", "number_children": 0}}, {"pk": 204, "model": "blog.sentence", "fields": {"previous_version": null, "sentence_set": 11, "ordering": 16.0, "text": 204, "paragraph": 2, "mode": "t", "number_children": 0}}, {"pk": 205, "model": "blog.sentence", "fields": {"previous_version": null, "sentence_set": 11, "ordering": 17.0, "text": 205, "paragraph": 2, "mode": "t", "number_children": 0}}, {"pk": 206, "model": "blog.sentence", "fields": {"previous_version": null, "sentence_set": 11, "ordering": 18.0, "text": 206, "paragraph": 2, "mode": "t", "number_children": 0}}, {"pk": 207, "model": "blog.sentence", "fields": {"previous_version": null, "sentence_set": 11, "ordering": 19.0, "text": 207, "paragraph": 2, "mode": "t", "number_children": 0}}, {"pk": 208, "model": "blog.sentence", "fields": {"previous_version": null, "sentence_set": 11, "ordering": 20.0, "text": 208, "paragraph": 2, "mode": "t", "number_children": 0}}, {"pk": 209, "model": "blog.sentence", "fields": {"previous_version": null, "sentence_set": 11, "ordering": 21.0, "text": 209, "paragraph": 2, "mode": "t", "number_children": 0}}, {"pk": 210, "model": "blog.sentence", "fields": {"previous_version": null, "sentence_set": 11, "ordering": 22.0, "text": 210, "paragraph": 2, "mode": "t", "number_children": 0}}, {"pk": 211, "model": "blog.sentence", "fields": {"previous_version": null, "sentence_set": 11, "ordering": 23.0, "text": 211, "paragraph": 2, "mode": "t", "number_children": 0}}, {"pk": 212, "model": "blog.sentence", "fields": {"previous_version": null, "sentence_set": 11, "ordering": 24.0, "text": 212, "paragraph": 2, "mode": "t", "number_children": 0}}, {"pk": 213, "model": "blog.sentence", "fields": {"previous_version": null, "sentence_set": 11, "ordering": 25.0, "text": 213, "paragraph": 2, "mode": "t", "number_children": 0}}, {"pk": 214, "model": "blog.sentence", "fields": {"previous_version": null, "sentence_set": 11, "ordering": 26.0, "text": 214, "paragraph": 2, "mode": "t", "number_children": 0}}, {"pk": 215, "model": "blog.sentence", "fields": {"previous_version": null, "sentence_set": 12, "ordering": 1.0, "text": 215, "paragraph": 1, "mode": "t", "number_children": 0}}, {"pk": 216, "model": "blog.sentence", "fields": {"previous_version": null, "sentence_set": 12, "ordering": 2.0, "text": 216, "paragraph": 1, "mode": "t", "number_children": 0}}, {"pk": 217, "model": "blog.sentence", "fields": {"previous_version": null, "sentence_set": 12, "ordering": 3.0, "text": 217, "paragraph": 1, "mode": "t", "number_children": 0}}, {"pk": 218, "model": "blog.sentence", "fields": {"previous_version": null, "sentence_set": 12, "ordering": 4.0, "text": 218, "paragraph": 1, "mode": "t", "number_children": 0}}, {"pk": 219, "model": "blog.sentence", "fields": {"previous_version": null, "sentence_set": 12, "ordering": 5.0, "text": 219, "paragraph": 1, "mode": "t", "number_children": 0}}, {"pk": 220, "model": "blog.sentence", "fields": {"previous_version": null, "sentence_set": 12, "ordering": 6.0, "text": 220, "paragraph": 1, "mode": "t", "number_children": 0}}, {"pk": 221, "model": "blog.sentence", "fields": {"previous_version": null, "sentence_set": 12, "ordering": 7.0, "text": 221, "paragraph": 1, "mode": "t", "number_children": 0}}, {"pk": 222, "model": "blog.sentence", "fields": {"previous_version": null, "sentence_set": 12, "ordering": 8.0, "text": 222, "paragraph": 1, "mode": "t", "number_children": 0}}, {"pk": 223, "model": "blog.sentence", "fields": {"previous_version": null, "sentence_set": 12, "ordering": 9.0, "text": 223, "paragraph": 2, "mode": "t", "number_children": 0}}, {"pk": 224, "model": "blog.sentence", "fields": {"previous_version": null, "sentence_set": 12, "ordering": 10.0, "text": 224, "paragraph": 2, "mode": "t", "number_children": 0}}, {"pk": 225, "model": "blog.sentence", "fields": {"previous_version": null, "sentence_set": 12, "ordering": 11.0, "text": 225, "paragraph": 2, "mode": "t", "number_children": 0}}, {"pk": 226, "model": "blog.sentence", "fields": {"previous_version": null, "sentence_set": 12, "ordering": 12.0, "text": 226, "paragraph": 2, "mode": "t", "number_children": 0}}, {"pk": 227, "model": "blog.sentence", "fields": {"previous_version": null, "sentence_set": 13, "ordering": 1.0, "text": 227, "paragraph": 1, "mode": "t", "number_children": 0}}, {"pk": 228, "model": "blog.sentence", "fields": {"previous_version": null, "sentence_set": 13, "ordering": 2.0, "text": 228, "paragraph": 1, "mode": "t", "number_children": 0}}, {"pk": 229, "model": "blog.sentence", "fields": {"previous_version": null, "sentence_set": 13, "ordering": 3.0, "text": 229, "paragraph": 1, "mode": "t", "number_children": 0}}, {"pk": 230, "model": "blog.sentence", "fields": {"previous_version": null, "sentence_set": 13, "ordering": 4.0, "text": 230, "paragraph": 1, "mode": "t", "number_children": 0}}, {"pk": 231, "model": "blog.sentence", "fields": {"previous_version": null, "sentence_set": 13, "ordering": 5.0, "text": 231, "paragraph": 1, "mode": "t", "number_children": 0}}, {"pk": 232, "model": "blog.sentence", "fields": {"previous_version": null, "sentence_set": 13, "ordering": 6.0, "text": 232, "paragraph": 1, "mode": "t", "number_children": 0}}, {"pk": 233, "model": "blog.sentence", "fields": {"previous_version": null, "sentence_set": 13, "ordering": 7.0, "text": 233, "paragraph": 1, "mode": "t", "number_children": 0}}, {"pk": 234, "model": "blog.sentence", "fields": {"previous_version": null, "sentence_set": 13, "ordering": 8.0, "text": 234, "paragraph": 1, "mode": "t", "number_children": 0}}, {"pk": 235, "model": "blog.sentence", "fields": {"previous_version": null, "sentence_set": 13, "ordering": 9.0, "text": 235, "paragraph": 2, "mode": "t", "number_children": 0}}, {"pk": 236, "model": "blog.sentence", "fields": {"previous_version": null, "sentence_set": 13, "ordering": 10.0, "text": 236, "paragraph": 2, "mode": "t", "number_children": 0}}, {"pk": 237, "model": "blog.sentence", "fields": {"previous_version": null, "sentence_set": 13, "ordering": 11.0, "text": 237, "paragraph": 2, "mode": "t", "number_children": 0}}, {"pk": 238, "model": "blog.sentence", "fields": {"previous_version": null, "sentence_set": 13, "ordering": 12.0, "text": 238, "paragraph": 2, "mode": "t", "number_children": 0}}, {"pk": 239, "model": "blog.sentence", "fields": {"previous_version": null, "sentence_set": 13, "ordering": 13.0, "text": 239, "paragraph": 2, "mode": "t", "number_children": 0}}, {"pk": 240, "model": "blog.sentence", "fields": {"previous_version": null, "sentence_set": 13, "ordering": 14.0, "text": 240, "paragraph": 2, "mode": "t", "number_children": 0}}, {"pk": 241, "model": "blog.sentence", "fields": {"previous_version": null, "sentence_set": 13, "ordering": 15.0, "text": 241, "paragraph": 2, "mode": "t", "number_children": 0}}, {"pk": 242, "model": "blog.sentence", "fields": {"previous_version": null, "sentence_set": 13, "ordering": 16.0, "text": 242, "paragraph": 2, "mode": "t", "number_children": 0}}, {"pk": 243, "model": "blog.sentence", "fields": {"previous_version": null, "sentence_set": 13, "ordering": 17.0, "text": 243, "paragraph": 2, "mode": "t", "number_children": 0}}, {"pk": 244, "model": "blog.sentence", "fields": {"previous_version": null, "sentence_set": 14, "ordering": 1.0, "text": 244, "paragraph": 1, "mode": "t", "number_children": 0}}, {"pk": 245, "model": "blog.sentence", "fields": {"previous_version": null, "sentence_set": 14, "ordering": 2.0, "text": 245, "paragraph": 1, "mode": "t", "number_children": 0}}, {"pk": 246, "model": "blog.sentence", "fields": {"previous_version": null, "sentence_set": 14, "ordering": 3.0, "text": 246, "paragraph": 1, "mode": "t", "number_children": 0}}, {"pk": 247, "model": "blog.sentence", "fields": {"previous_version": null, "sentence_set": 14, "ordering": 4.0, "text": 247, "paragraph": 1, "mode": "t", "number_children": 0}}, {"pk": 248, "model": "blog.sentence", "fields": {"previous_version": null, "sentence_set": 14, "ordering": 5.0, "text": 248, "paragraph": 1, "mode": "t", "number_children": 0}}, {"pk": 249, "model": "blog.sentence", "fields": {"previous_version": null, "sentence_set": 14, "ordering": 6.0, "text": 249, "paragraph": 1, "mode": "t", "number_children": 0}}, {"pk": 250, "model": "blog.sentence", "fields": {"previous_version": null, "sentence_set": 14, "ordering": 7.0, "text": 250, "paragraph": 1, "mode": "t", "number_children": 0}}, {"pk": 251, "model": "blog.sentence", "fields": {"previous_version": null, "sentence_set": 14, "ordering": 8.0, "text": 251, "paragraph": 1, "mode": "t", "number_children": 0}}, {"pk": 252, "model": "blog.sentence", "fields": {"previous_version": null, "sentence_set": 14, "ordering": 9.0, "text": 252, "paragraph": 1, "mode": "t", "number_children": 0}}, {"pk": 253, "model": "blog.sentence", "fields": {"previous_version": null, "sentence_set": 14, "ordering": 10.0, "text": 253, "paragraph": 1, "mode": "t", "number_children": 0}}, {"pk": 254, "model": "blog.sentence", "fields": {"previous_version": null, "sentence_set": 14, "ordering": 11.0, "text": 254, "paragraph": 1, "mode": "t", "number_children": 0}}, {"pk": 255, "model": "blog.sentence", "fields": {"previous_version": null, "sentence_set": 14, "ordering": 12.0, "text": 255, "paragraph": 1, "mode": "t", "number_children": 0}}, {"pk": 256, "model": "blog.sentence", "fields": {"previous_version": null, "sentence_set": 14, "ordering": 13.0, "text": 256, "paragraph": 2, "mode": "t", "number_children": 0}}, {"pk": 257, "model": "blog.sentence", "fields": {"previous_version": null, "sentence_set": 14, "ordering": 14.0, "text": 257, "paragraph": 2, "mode": "t", "number_children": 0}}, {"pk": 258, "model": "blog.sentence", "fields": {"previous_version": null, "sentence_set": 14, "ordering": 15.0, "text": 258, "paragraph": 2, "mode": "t", "number_children": 0}}, {"pk": 259, "model": "blog.sentence", "fields": {"previous_version": null, "sentence_set": 14, "ordering": 16.0, "text": 259, "paragraph": 2, "mode": "t", "number_children": 0}}, {"pk": 260, "model": "blog.sentence", "fields": {"previous_version": null, "sentence_set": 14, "ordering": 17.0, "text": 260, "paragraph": 2, "mode": "t", "number_children": 0}}, {"pk": 261, "model": "blog.sentence", "fields": {"previous_version": null, "sentence_set": 14, "ordering": 18.0, "text": 261, "paragraph": 2, "mode": "t", "number_children": 0}}, {"pk": 262, "model": "blog.sentence", "fields": {"previous_version": null, "sentence_set": 14, "ordering": 19.0, "text": 262, "paragraph": 2, "mode": "t", "number_children": 0}}, {"pk": 263, "model": "blog.sentence", "fields": {"previous_version": null, "sentence_set": 14, "ordering": 20.0, "text": 263, "paragraph": 2, "mode": "t", "number_children": 0}}, {"pk": 264, "model": "blog.sentence", "fields": {"previous_version": null, "sentence_set": 14, "ordering": 21.0, "text": 264, "paragraph": 2, "mode": "t", "number_children": 0}}, {"pk": 265, "model": "blog.sentence", "fields": {"previous_version": null, "sentence_set": 14, "ordering": 22.0, "text": 265, "paragraph": 2, "mode": "t", "number_children": 0}}, {"pk": 266, "model": "blog.sentence", "fields": {"previous_version": null, "sentence_set": 14, "ordering": 23.0, "text": 266, "paragraph": 2, "mode": "t", "number_children": 0}}, {"pk": 267, "model": "blog.sentence", "fields": {"previous_version": null, "sentence_set": 14, "ordering": 24.0, "text": 267, "paragraph": 2, "mode": "t", "number_children": 0}}, {"pk": 268, "model": "blog.sentence", "fields": {"previous_version": null, "sentence_set": 14, "ordering": 25.0, "text": 268, "paragraph": 2, "mode": "t", "number_children": 0}}, {"pk": 269, "model": "blog.sentence", "fields": {"previous_version": null, "sentence_set": 15, "ordering": 1.0, "text": 269, "paragraph": 1, "mode": "t", "number_children": 0}}, {"pk": 270, "model": "blog.sentence", "fields": {"previous_version": null, "sentence_set": 15, "ordering": 2.0, "text": 270, "paragraph": 1, "mode": "t", "number_children": 0}}, {"pk": 271, "model": "blog.sentence", "fields": {"previous_version": null, "sentence_set": 15, "ordering": 3.0, "text": 271, "paragraph": 1, "mode": "t", "number_children": 0}}, {"pk": 272, "model": "blog.sentence", "fields": {"previous_version": null, "sentence_set": 15, "ordering": 4.0, "text": 272, "paragraph": 1, "mode": "t", "number_children": 0}}, {"pk": 273, "model": "blog.sentence", "fields": {"previous_version": null, "sentence_set": 15, "ordering": 5.0, "text": 273, "paragraph": 1, "mode": "t", "number_children": 0}}, {"pk": 274, "model": "blog.sentence", "fields": {"previous_version": null, "sentence_set": 15, "ordering": 6.0, "text": 274, "paragraph": 1, "mode": "t", "number_children": 0}}, {"pk": 275, "model": "blog.sentence", "fields": {"previous_version": null, "sentence_set": 15, "ordering": 7.0, "text": 275, "paragraph": 1, "mode": "t", "number_children": 0}}, {"pk": 276, "model": "blog.sentence", "fields": {"previous_version": null, "sentence_set": 15, "ordering": 8.0, "text": 276, "paragraph": 1, "mode": "t", "number_children": 0}}, {"pk": 277, "model": "blog.sentence", "fields": {"previous_version": null, "sentence_set": 15, "ordering": 9.0, "text": 277, "paragraph": 1, "mode": "t", "number_children": 0}}, {"pk": 278, "model": "blog.sentence", "fields": {"previous_version": null, "sentence_set": 15, "ordering": 10.0, "text": 278, "paragraph": 1, "mode": "t", "number_children": 0}}, {"pk": 279, "model": "blog.sentence", "fields": {"previous_version": null, "sentence_set": 15, "ordering": 11.0, "text": 279, "paragraph": 1, "mode": "t", "number_children": 0}}, {"pk": 280, "model": "blog.sentence", "fields": {"previous_version": null, "sentence_set": 15, "ordering": 12.0, "text": 280, "paragraph": 1, "mode": "t", "number_children": 0}}, {"pk": 281, "model": "blog.sentence", "fields": {"previous_version": null, "sentence_set": 15, "ordering": 13.0, "text": 281, "paragraph": 1, "mode": "t", "number_children": 0}}, {"pk": 282, "model": "blog.sentence", "fields": {"previous_version": null, "sentence_set": 15, "ordering": 14.0, "text": 282, "paragraph": 2, "mode": "t", "number_children": 0}}, {"pk": 283, "model": "blog.sentence", "fields": {"previous_version": null, "sentence_set": 15, "ordering": 15.0, "text": 283, "paragraph": 2, "mode": "t", "number_children": 0}}, {"pk": 284, "model": "blog.sentence", "fields": {"previous_version": null, "sentence_set": 15, "ordering": 16.0, "text": 284, "paragraph": 2, "mode": "t", "number_children": 0}}, {"pk": 285, "model": "blog.sentence", "fields": {"previous_version": null, "sentence_set": 15, "ordering": 17.0, "text": 285, "paragraph": 2, "mode": "t", "number_children": 0}}, {"pk": 286, "model": "blog.sentence", "fields": {"previous_version": null, "sentence_set": 15, "ordering": 18.0, "text": 286, "paragraph": 2, "mode": "t", "number_children": 0}}, {"pk": 287, "model": "blog.sentence", "fields": {"previous_version": null, "sentence_set": 15, "ordering": 19.0, "text": 287, "paragraph": 2, "mode": "t", "number_children": 0}}, {"pk": 288, "model": "blog.sentence", "fields": {"previous_version": null, "sentence_set": 15, "ordering": 20.0, "text": 288, "paragraph": 2, "mode": "t", "number_children": 0}}, {"pk": 289, "model": "blog.sentence", "fields": {"previous_version": null, "sentence_set": 15, "ordering": 21.0, "text": 289, "paragraph": 2, "mode": "t", "number_children": 0}}, {"pk": 290, "model": "blog.sentence", "fields": {"previous_version": null, "sentence_set": 15, "ordering": 22.0, "text": 290, "paragraph": 2, "mode": "t", "number_children": 0}}, {"pk": 291, "model": "blog.sentence", "fields": {"previous_version": null, "sentence_set": 15, "ordering": 23.0, "text": 291, "paragraph": 2, "mode": "t", "number_children": 0}}, {"pk": 292, "model": "blog.sentence", "fields": {"previous_version": null, "sentence_set": 15, "ordering": 24.0, "text": 292, "paragraph": 2, "mode": "t", "number_children": 0}}, {"pk": 293, "model": "blog.sentence", "fields": {"previous_version": null, "sentence_set": 15, "ordering": 25.0, "text": 293, "paragraph": 2, "mode": "t", "number_children": 0}}, {"pk": 294, "model": "blog.sentence", "fields": {"previous_version": null, "sentence_set": 15, "ordering": 26.0, "text": 294, "paragraph": 2, "mode": "t", "number_children": 0}}, {"pk": 295, "model": "blog.sentence", "fields": {"previous_version": null, "sentence_set": 15, "ordering": 27.0, "text": 295, "paragraph": 2, "mode": "t", "number_children": 0}}, {"pk": 296, "model": "blog.sentence", "fields": {"previous_version": null, "sentence_set": 16, "ordering": 1.0, "text": 296, "paragraph": 1, "mode": "t", "number_children": 0}}, {"pk": 297, "model": "blog.sentence", "fields": {"previous_version": null, "sentence_set": 16, "ordering": 2.0, "text": 297, "paragraph": 1, "mode": "t", "number_children": 0}}, {"pk": 298, "model": "blog.sentence", "fields": {"previous_version": null, "sentence_set": 16, "ordering": 3.0, "text": 298, "paragraph": 1, "mode": "t", "number_children": 0}}, {"pk": 299, "model": "blog.sentence", "fields": {"previous_version": null, "sentence_set": 16, "ordering": 4.0, "text": 299, "paragraph": 1, "mode": "t", "number_children": 0}}, {"pk": 300, "model": "blog.sentence", "fields": {"previous_version": null, "sentence_set": 16, "ordering": 5.0, "text": 300, "paragraph": 1, "mode": "t", "number_children": 0}}, {"pk": 301, "model": "blog.sentence", "fields": {"previous_version": null, "sentence_set": 16, "ordering": 6.0, "text": 301, "paragraph": 2, "mode": "t", "number_children": 0}}, {"pk": 302, "model": "blog.sentence", "fields": {"previous_version": null, "sentence_set": 16, "ordering": 7.0, "text": 302, "paragraph": 2, "mode": "t", "number_children": 0}}, {"pk": 303, "model": "blog.sentence", "fields": {"previous_version": null, "sentence_set": 16, "ordering": 8.0, "text": 303, "paragraph": 2, "mode": "t", "number_children": 0}}, {"pk": 304, "model": "blog.sentence", "fields": {"previous_version": null, "sentence_set": 17, "ordering": 1.0, "text": 304, "paragraph": 1, "mode": "t", "number_children": 0}}, {"pk": 305, "model": "blog.sentence", "fields": {"previous_version": null, "sentence_set": 17, "ordering": 2.0, "text": 305, "paragraph": 1, "mode": "t", "number_children": 0}}, {"pk": 306, "model": "blog.sentence", "fields": {"previous_version": null, "sentence_set": 17, "ordering": 3.0, "text": 306, "paragraph": 1, "mode": "t", "number_children": 0}}, {"pk": 307, "model": "blog.sentence", "fields": {"previous_version": null, "sentence_set": 17, "ordering": 4.0, "text": 307, "paragraph": 1, "mode": "t", "number_children": 0}}, {"pk": 308, "model": "blog.sentence", "fields": {"previous_version": null, "sentence_set": 17, "ordering": 5.0, "text": 308, "paragraph": 1, "mode": "t", "number_children": 0}}, {"pk": 309, "model": "blog.sentence", "fields": {"previous_version": null, "sentence_set": 17, "ordering": 6.0, "text": 309, "paragraph": 1, "mode": "t", "number_children": 0}}, {"pk": 310, "model": "blog.sentence", "fields": {"previous_version": null, "sentence_set": 17, "ordering": 7.0, "text": 310, "paragraph": 1, "mode": "t", "number_children": 0}}, {"pk": 311, "model": "blog.sentence", "fields": {"previous_version": null, "sentence_set": 17, "ordering": 8.0, "text": 311, "paragraph": 2, "mode": "t", "number_children": 0}}, {"pk": 312, "model": "blog.sentence", "fields": {"previous_version": null, "sentence_set": 17, "ordering": 9.0, "text": 312, "paragraph": 2, "mode": "t", "number_children": 0}}, {"pk": 313, "model": "blog.sentence", "fields": {"previous_version": null, "sentence_set": 17, "ordering": 10.0, "text": 313, "paragraph": 2, "mode": "t", "number_children": 0}}, {"pk": 314, "model": "blog.sentence", "fields": {"previous_version": null, "sentence_set": 18, "ordering": 1.0, "text": 314, "paragraph": 1, "mode": "t", "number_children": 0}}, {"pk": 315, "model": "blog.sentence", "fields": {"previous_version": null, "sentence_set": 18, "ordering": 2.0, "text": 315, "paragraph": 1, "mode": "t", "number_children": 0}}, {"pk": 316, "model": "blog.sentence", "fields": {"previous_version": null, "sentence_set": 18, "ordering": 3.0, "text": 316, "paragraph": 1, "mode": "t", "number_children": 0}}, {"pk": 317, "model": "blog.sentence", "fields": {"previous_version": null, "sentence_set": 18, "ordering": 4.0, "text": 317, "paragraph": 1, "mode": "t", "number_children": 0}}, {"pk": 318, "model": "blog.sentence", "fields": {"previous_version": null, "sentence_set": 18, "ordering": 5.0, "text": 318, "paragraph": 1, "mode": "t", "number_children": 0}}, {"pk": 319, "model": "blog.sentence", "fields": {"previous_version": null, "sentence_set": 18, "ordering": 6.0, "text": 319, "paragraph": 1, "mode": "t", "number_children": 0}}, {"pk": 320, "model": "blog.sentence", "fields": {"previous_version": null, "sentence_set": 18, "ordering": 7.0, "text": 320, "paragraph": 1, "mode": "t", "number_children": 0}}, {"pk": 321, "model": "blog.sentence", "fields": {"previous_version": null, "sentence_set": 18, "ordering": 8.0, "text": 321, "paragraph": 1, "mode": "t", "number_children": 0}}, {"pk": 322, "model": "blog.sentence", "fields": {"previous_version": null, "sentence_set": 18, "ordering": 9.0, "text": 322, "paragraph": 1, "mode": "t", "number_children": 0}}, {"pk": 323, "model": "blog.sentence", "fields": {"previous_version": null, "sentence_set": 18, "ordering": 10.0, "text": 323, "paragraph": 1, "mode": "t", "number_children": 0}}, {"pk": 324, "model": "blog.sentence", "fields": {"previous_version": null, "sentence_set": 18, "ordering": 11.0, "text": 324, "paragraph": 1, "mode": "t", "number_children": 0}}, {"pk": 325, "model": "blog.sentence", "fields": {"previous_version": null, "sentence_set": 18, "ordering": 12.0, "text": 325, "paragraph": 1, "mode": "t", "number_children": 0}}, {"pk": 326, "model": "blog.sentence", "fields": {"previous_version": null, "sentence_set": 18, "ordering": 13.0, "text": 326, "paragraph": 1, "mode": "t", "number_children": 0}}, {"pk": 327, "model": "blog.sentence", "fields": {"previous_version": null, "sentence_set": 18, "ordering": 14.0, "text": 327, "paragraph": 1, "mode": "t", "number_children": 0}}, {"pk": 328, "model": "blog.sentence", "fields": {"previous_version": null, "sentence_set": 18, "ordering": 15.0, "text": 328, "paragraph": 2, "mode": "t", "number_children": 0}}, {"pk": 329, "model": "blog.sentence", "fields": {"previous_version": null, "sentence_set": 18, "ordering": 16.0, "text": 329, "paragraph": 2, "mode": "t", "number_children": 0}}, {"pk": 330, "model": "blog.sentence", "fields": {"previous_version": null, "sentence_set": 18, "ordering": 17.0, "text": 330, "paragraph": 2, "mode": "t", "number_children": 0}}, {"pk": 331, "model": "blog.sentence", "fields": {"previous_version": null, "sentence_set": 18, "ordering": 18.0, "text": 331, "paragraph": 2, "mode": "t", "number_children": 0}}, {"pk": 332, "model": "blog.sentence", "fields": {"previous_version": null, "sentence_set": 18, "ordering": 19.0, "text": 332, "paragraph": 2, "mode": "t", "number_children": 0}}, {"pk": 333, "model": "blog.sentence", "fields": {"previous_version": null, "sentence_set": 18, "ordering": 20.0, "text": 333, "paragraph": 2, "mode": "t", "number_children": 0}}, {"pk": 334, "model": "blog.sentence", "fields": {"previous_version": null, "sentence_set": 18, "ordering": 21.0, "text": 334, "paragraph": 2, "mode": "t", "number_children": 0}}, {"pk": 335, "model": "blog.sentence", "fields": {"previous_version": null, "sentence_set": 18, "ordering": 22.0, "text": 335, "paragraph": 2, "mode": "t", "number_children": 0}}, {"pk": 336, "model": "blog.sentence", "fields": {"previous_version": null, "sentence_set": 18, "ordering": 23.0, "text": 336, "paragraph": 2, "mode": "t", "number_children": 0}}, {"pk": 337, "model": "blog.sentence", "fields": {"previous_version": null, "sentence_set": 18, "ordering": 24.0, "text": 337, "paragraph": 2, "mode": "t", "number_children": 0}}, {"pk": 1, "model": "blog.text", "fields": {"classifier": null, "value": "He says : `` It has swept aside petty nationalisms , age-old rivalries , and worn-out customs '' .", "created": "2013-12-26T21:43:19.815Z"}}, {"pk": 2, "model": "blog.text", "fields": {"classifier": null, "value": "American history should clinch the case when Congress is asked to approve .", "created": "2013-12-26T21:43:20.393Z"}}, {"pk": 3, "model": "blog.text", "fields": {"classifier": null, "value": "We've been working for weeks .", "created": "2013-12-26T21:43:20.891Z"}}, {"pk": 4, "model": "blog.text", "fields": {"classifier": null, "value": "I was asked .", "created": "2013-12-26T21:43:21.347Z"}}, {"pk": 5, "model": "blog.text", "fields": {"classifier": null, "value": "Salt and pepper each breast .", "created": "2013-12-26T21:43:21.854Z"}}, {"pk": 6, "model": "blog.text", "fields": {"classifier": null, "value": "Members of the San Francisco American Friends Service , a Quaker organization , will march to San Francisco for a rally in Union Square at 2 p.m. Saturday .", "created": "2013-12-26T21:43:22.339Z"}}, {"pk": 7, "model": "blog.text", "fields": {"classifier": null, "value": "Steel Company of Wales , a British steelmaker , wants to bring in Virginia coal , cut down on its takings of Welsh coal in order to be able to compete more effectively -- especially in foreign markets .", "created": "2013-12-26T21:43:22.895Z"}}, {"pk": 8, "model": "blog.text", "fields": {"classifier": null, "value": "Now , if Morton's newest product , a corn chip known as Chip-o's , turns out to sell as well as its stock did , the stock may turn out to be worth every cent of the prices that the avid buyers bid it up to .", "created": "2013-12-26T21:43:23.436Z"}}, {"pk": 9, "model": "blog.text", "fields": {"classifier": null, "value": "And once again , the choices are much the same .", "created": "2013-12-26T21:43:24.053Z"}}, {"pk": 10, "model": "blog.text", "fields": {"classifier": null, "value": "Oh , no-o ! !", "created": "2013-12-26T21:43:24.622Z"}}, {"pk": 11, "model": "blog.text", "fields": {"classifier": null, "value": "4 .", "created": "2013-12-26T21:43:25.249Z"}}, {"pk": 12, "model": "blog.text", "fields": {"classifier": null, "value": "Costs were held down , despite a bitter winter .", "created": "2013-12-26T21:43:25.830Z"}}, {"pk": 13, "model": "blog.text", "fields": {"classifier": null, "value": "The little cottage was bursting with people of all ages .", "created": "2013-12-26T21:43:26.481Z"}}, {"pk": 14, "model": "blog.text", "fields": {"classifier": null, "value": "The electric gadget is most helpful when there are many crowned teeth and in individuals who are elderly , bedfast with a chronic disease , or are handicapped by disorders such as cerebral palsy or muscular dystrophy .", "created": "2013-12-26T21:43:27.124Z"}}, {"pk": 15, "model": "blog.text", "fields": {"classifier": null, "value": "If you're a good ballplayer , you've got to get mad .", "created": "2013-12-26T21:43:27.651Z"}}, {"pk": 16, "model": "blog.text", "fields": {"classifier": null, "value": "He was a member of Harmony lodge , No. 12 , AF & AM , Scottish Rite ; ;", "created": "2013-12-26T21:43:28.116Z"}}, {"pk": 17, "model": "blog.text", "fields": {"classifier": null, "value": "The explosion sent the hood of the car flying over the roof of the house .", "created": "2013-12-26T21:43:28.537Z"}}, {"pk": 18, "model": "blog.text", "fields": {"classifier": null, "value": "It could become an acute problem in the coming fiscal year .", "created": "2013-12-26T21:43:28.952Z"}}, {"pk": 19, "model": "blog.text", "fields": {"classifier": null, "value": "Idea is to let these countries earn their way as much as possible .", "created": "2013-12-26T21:43:29.508Z"}}, {"pk": 20, "model": "blog.text", "fields": {"classifier": null, "value": "Shortly after the Chief Executive returned to Washington in midmorning from Hyannis Port , Mass. , a White House spokesman said the address text still had `` quite a way to go '' toward completion .", "created": "2013-12-26T21:43:29.947Z"}}, {"pk": 21, "model": "blog.text", "fields": {"classifier": null, "value": "Last week it opened at the J. B. Speed Museum in Louisville , at the very moment that a second Schiele exhibit was being made ready at the Felix Landau gallery in Los Angeles .", "created": "2013-12-26T21:43:30.581Z"}}, {"pk": 22, "model": "blog.text", "fields": {"classifier": null, "value": "The West Texan reported that he had finally gotten Chairman Bill Hollowell of the committee to set it for public hearing on Feb. 22 .", "created": "2013-12-26T21:43:31.001Z"}}, {"pk": 23, "model": "blog.text", "fields": {"classifier": null, "value": "Shea was born in Manhattan .", "created": "2013-12-26T21:43:31.449Z"}}, {"pk": 24, "model": "blog.text", "fields": {"classifier": null, "value": "to the editor of the New York Times :", "created": "2013-12-26T21:43:32.089Z"}}, {"pk": 25, "model": "blog.text", "fields": {"classifier": null, "value": "The feeling was that he would sense an inner core of toughness and determination in the President and that plain talk by Mr. Kennedy would give him pause .", "created": "2013-12-26T21:43:32.637Z"}}, {"pk": 26, "model": "blog.text", "fields": {"classifier": null, "value": "That objective set the high stakes and drama of the Vienna meeting .", "created": "2013-12-26T21:43:33.117Z"}}, {"pk": 27, "model": "blog.text", "fields": {"classifier": null, "value": "He said that when he was a Socialist in 1910 , the party called for government operation of all utilities and the pooling of all resources .", "created": "2013-12-26T21:43:33.523Z"}}, {"pk": 28, "model": "blog.text", "fields": {"classifier": null, "value": "Mantle is considerably better hitting for average (", "created": "2013-12-26T21:43:34.072Z"}}, {"pk": 29, "model": "blog.text", "fields": {"classifier": null, "value": "With dealer stocks of new equipment averaging about 25% below a year ago , the affects of the rural recovery are being felt almost immediately by the country's farm equipment manufacturers .", "created": "2013-12-26T21:43:34.568Z"}}, {"pk": 30, "model": "blog.text", "fields": {"classifier": null, "value": "A long book heavily weighted with military technicalities , in this edition it is neither so long nor so technical as it was originally .", "created": "2013-12-26T21:43:35.812Z"}}, {"pk": 31, "model": "blog.text", "fields": {"classifier": null, "value": "The book is by Jerome Weidman and George Abbott , music by Jerry Bock , lyrics by Sheldon Harnick , choreography by Peter Gennaro , scenery , costumes and lighting by William and Jean Eckart , musical direction by Jack Elliott , and the production was directed by Mr. Abbott .", "created": "2013-12-26T21:43:36.520Z"}}, {"pk": 32, "model": "blog.text", "fields": {"classifier": null, "value": "Mail orders are now being received for the series of concerts to be given this season under the auspices of the San Francisco Chamber Music Society .", "created": "2013-12-26T21:43:37.082Z"}}, {"pk": 33, "model": "blog.text", "fields": {"classifier": null, "value": "She was not present yesterday , however , to enjoy the music or watch the faces of the delighted audience .", "created": "2013-12-26T21:43:37.601Z"}}, {"pk": 34, "model": "blog.text", "fields": {"classifier": null, "value": "It is a killer sub -- that is , a hunter of enemy subs .", "created": "2013-12-26T21:43:38.059Z"}}, {"pk": 35, "model": "blog.text", "fields": {"classifier": null, "value": "With a Democratic administration , party patronage would normally begin to flow to Mississippi if it had held its Democratic solidarity in the November election .", "created": "2013-12-26T21:43:38.453Z"}}, {"pk": 36, "model": "blog.text", "fields": {"classifier": null, "value": "After reading his statement discharging the 23d ward case , Karns told Wexler that if the seven cases scheduled for trial also involved persons who had been subpenaed , he would dismiss them .", "created": "2013-12-26T21:43:38.863Z"}}, {"pk": 37, "model": "blog.text", "fields": {"classifier": null, "value": "`` I can remove the ball , can't I '' ? ?", "created": "2013-12-26T21:43:39.311Z"}}, {"pk": 38, "model": "blog.text", "fields": {"classifier": null, "value": "As head of the United Nations he was the symbol of world peace , and his tragic end came at a moment when peace hangs precariously .", "created": "2013-12-26T21:43:39.892Z"}}, {"pk": 39, "model": "blog.text", "fields": {"classifier": null, "value": "To have refused would have been political suicide .", "created": "2013-12-26T21:43:40.549Z"}}, {"pk": 40, "model": "blog.text", "fields": {"classifier": null, "value": "The U. S. Government pays for all its overseas workers '' .", "created": "2013-12-26T21:43:40.964Z"}}, {"pk": 41, "model": "blog.text", "fields": {"classifier": null, "value": "To outsiders , the Blacks seem to be an ordinary , happy family , and they are -- but with a difference .", "created": "2013-12-26T21:43:41.442Z"}}, {"pk": 42, "model": "blog.text", "fields": {"classifier": null, "value": "The report is based on a survey by Blyth & Company , investment bankers .", "created": "2013-12-26T21:43:41.950Z"}}, {"pk": 43, "model": "blog.text", "fields": {"classifier": null, "value": "But , alas , the authenticity seems to stop at the set's edge .", "created": "2013-12-26T21:43:42.635Z"}}, {"pk": 44, "model": "blog.text", "fields": {"classifier": null, "value": "`` Do you feel you can stand up to the next legislative session and defend this contract '' ? ?", "created": "2013-12-26T21:43:43.101Z"}}, {"pk": 45, "model": "blog.text", "fields": {"classifier": null, "value": "He reported that the city's contributions for animal care included $67,000 to the Women's S.P.C.A. ; ;", "created": "2013-12-26T21:43:43.439Z"}}, {"pk": 46, "model": "blog.text", "fields": {"classifier": null, "value": "We had a couple of schools in this country , the principal one being on the Marshall Field estate out in Lloyd's Neck .", "created": "2013-12-26T21:43:44.019Z"}}, {"pk": 47, "model": "blog.text", "fields": {"classifier": null, "value": "What to buy out of the year's grist of nearly 15,000 book titles ? ?", "created": "2013-12-26T21:43:44.531Z"}}, {"pk": 48, "model": "blog.text", "fields": {"classifier": null, "value": "Substitute approved objects for forbidden ones and keep telling him how he is to act .", "created": "2013-12-26T21:43:45.141Z"}}, {"pk": 49, "model": "blog.text", "fields": {"classifier": null, "value": "In addition , it is small enough to get into crevices , jacket and crown margins , malposed anteriors , and the back teeth .", "created": "2013-12-26T21:43:45.735Z"}}, {"pk": 50, "model": "blog.text", "fields": {"classifier": null, "value": "and it is still very far from certain how valid the party's claim is that in `` a growing number of kolkhozes '' the peasants are finding it more profitable , to surrender their private plots to the kolkhoz and to let the latter be turned into something increasingly like a state farm .", "created": "2013-12-26T21:43:46.359Z"}}, {"pk": 51, "model": "blog.text", "fields": {"classifier": null, "value": "He courageously defended the rights of small nations , and he stood his ground against the savage attacks of the Communist bloc .", "created": "2013-12-26T21:43:46.911Z"}}, {"pk": 52, "model": "blog.text", "fields": {"classifier": null, "value": "Gus Ehlers , competitor of Mr. Houtz in this farm community , says his business since August 1 is running 50% above a year earlier .", "created": "2013-12-26T21:43:47.357Z"}}, {"pk": 53, "model": "blog.text", "fields": {"classifier": null, "value": "And what leadership a proud Mantle has given so far .", "created": "2013-12-26T21:43:48.265Z"}}, {"pk": 54, "model": "blog.text", "fields": {"classifier": null, "value": "However , the jury said it believes `` these two offices should be combined to achieve greater efficiency and reduce the cost of administration '' .", "created": "2013-12-26T21:43:48.613Z"}}, {"pk": 55, "model": "blog.text", "fields": {"classifier": null, "value": "In 1922 , the United Mine Workers struck the Coronado Coal Company .", "created": "2013-12-26T21:43:49.122Z"}}, {"pk": 56, "model": "blog.text", "fields": {"classifier": null, "value": "He then switches back to a consideration of the seven principal Presidential hopefuls : five Democrats -- Senator Hubert H. Humphrey , Senator Stuart Symington , Senator Lyndon B. Johnson , Adlai E. Stevenson and Mr. Kennedy -- and two Republicans -- Governor Rockefeller and Mr. Nixon .", "created": "2013-12-26T21:43:49.904Z"}}, {"pk": 57, "model": "blog.text", "fields": {"classifier": null, "value": "Headquarters is in Birmingham , Ala. .", "created": "2013-12-26T21:43:50.387Z"}}, {"pk": 58, "model": "blog.text", "fields": {"classifier": null, "value": "Few artists have left a life work so eloquent of the period in which they lived .", "created": "2013-12-26T21:43:51.072Z"}}, {"pk": 59, "model": "blog.text", "fields": {"classifier": null, "value": "A constant problem confronting Davis on any proposals for new taxes will be the charge by his foes that he has not tried to economize .", "created": "2013-12-26T21:43:51.512Z"}}, {"pk": 60, "model": "blog.text", "fields": {"classifier": null, "value": "Mr. Freeman said that in many of the countries he visited on a recent world trade trip people were more awed by America's capacity to produce food surpluses than by our industrial production -- or even by the Soviet's successes in space .", "created": "2013-12-26T21:43:52.075Z"}}, {"pk": 61, "model": "blog.text", "fields": {"classifier": null, "value": "The next step awaits approval today by the Metro commissioners as the members of the Dade County Port Authority .", "created": "2013-12-26T21:43:52.625Z"}}, {"pk": 62, "model": "blog.text", "fields": {"classifier": null, "value": "Sheeran , a lawyer and former FBI man is running against the Republican organization's candidate , Freeholder William MacDonald , for the vacancy left by the resignation of Neil Duffy , now a member of the State Board of Tax Appeals .", "created": "2013-12-26T21:43:52.941Z"}}, {"pk": 63, "model": "blog.text", "fields": {"classifier": null, "value": "However , in the same three-month period , toll-road bonds , as a group , have bucked this trend .", "created": "2013-12-26T21:43:53.442Z"}}, {"pk": 64, "model": "blog.text", "fields": {"classifier": null, "value": "Most mail these days consists of nothing that could truly be called a letter .", "created": "2013-12-26T21:43:53.992Z"}}, {"pk": 65, "model": "blog.text", "fields": {"classifier": null, "value": "Generally , throughout the South , there is a growing impatience with the pattern of violence with which every step of desegregation is met .", "created": "2013-12-26T21:43:54.588Z"}}, {"pk": 66, "model": "blog.text", "fields": {"classifier": null, "value": "Using the strings that manipulate the puppet , suspend him from the light fixture by tying the strings to the lamp base .", "created": "2013-12-26T21:43:55.097Z"}}, {"pk": 67, "model": "blog.text", "fields": {"classifier": null, "value": "While availability of mortgage money has been a factor in encouraging apartment construction , the generally high level of prosperity in the past few years plus rising consumer income are among the factors that have encouraged builders to concentrate in the apartment-building field .", "created": "2013-12-26T21:43:55.471Z"}}, {"pk": 68, "model": "blog.text", "fields": {"classifier": null, "value": "So we had some dazzling and memorable Milstein , but not great Brahms .", "created": "2013-12-26T21:43:56.068Z"}}, {"pk": 69, "model": "blog.text", "fields": {"classifier": null, "value": "Schwarzkopf is , of course , Schwarzkopf .", "created": "2013-12-26T21:43:56.779Z"}}, {"pk": 70, "model": "blog.text", "fields": {"classifier": null, "value": "Leninism-Marxism , as understood by Exegete Mao .", "created": "2013-12-26T21:43:57.406Z"}}, {"pk": 71, "model": "blog.text", "fields": {"classifier": null, "value": "Last season , the Comedie's two principal experiments came to grief , and , in consequence , we can expect fairly soon to see still newer productions of Racine's `` Phedre '' and Moliere's `` School For Wives '' .", "created": "2013-12-26T21:43:58.088Z"}}, {"pk": 72, "model": "blog.text", "fields": {"classifier": null, "value": "Three of these men discussed major theories of the universe while the other acted as a moderator .", "created": "2013-12-26T21:43:58.794Z"}}, {"pk": 73, "model": "blog.text", "fields": {"classifier": null, "value": "Next , because of the time differential , the conferences come on the networks during the middle of the day .", "created": "2013-12-26T21:43:59.389Z"}}, {"pk": 74, "model": "blog.text", "fields": {"classifier": null, "value": "Some of the poetic cadence of the older version certainly is lost in the newer one , but almost anyone , with a fair knowledge of the English language , can understand the meaning , without the necessity of interpretation by a Biblical scholar .", "created": "2013-12-26T21:43:59.930Z"}}, {"pk": 75, "model": "blog.text", "fields": {"classifier": null, "value": "`` It's ' See Joe , see Jim ' '' , he says .", "created": "2013-12-26T21:44:00.276Z"}}, {"pk": 76, "model": "blog.text", "fields": {"classifier": null, "value": "She has the small , highly developed body of a prime athlete , and holds in contempt the `` girls who just move sex '' .", "created": "2013-12-26T21:44:00.899Z"}}, {"pk": 77, "model": "blog.text", "fields": {"classifier": null, "value": "In this way , you can arrange his legs and arms in any desired position , with feet , or one foot , barely resting on the pedestal .", "created": "2013-12-26T21:44:01.385Z"}}, {"pk": 78, "model": "blog.text", "fields": {"classifier": null, "value": "Natural gas public utility companies would be given the right of eminent domain , under a bill by Sen. Frank Owen 3 , of El Paso , to acquire sites for underground storage reservoirs for gas .", "created": "2013-12-26T21:44:01.718Z"}}, {"pk": 79, "model": "blog.text", "fields": {"classifier": null, "value": "Why the discrepancy between the builders' forecasts for themselves and for the industry ? ?", "created": "2013-12-26T21:44:02.155Z"}}, {"pk": 80, "model": "blog.text", "fields": {"classifier": null, "value": "The Atlanta Negro student movement renewed its demands for movie theater integration Friday and threatened picketing and `` stand-ins '' if negotiations failed .", "created": "2013-12-26T21:44:02.561Z"}}, {"pk": 81, "model": "blog.text", "fields": {"classifier": null, "value": "But the Morton Foods issue was hot long before it was on the market .", "created": "2013-12-26T21:44:03.477Z"}}, {"pk": 82, "model": "blog.text", "fields": {"classifier": null, "value": "One should be able to get hold of the book at once .", "created": "2013-12-26T21:44:04.107Z"}}, {"pk": 83, "model": "blog.text", "fields": {"classifier": null, "value": "Mrs. Roger Mead is head of the luncheon table decorations .", "created": "2013-12-26T21:44:04.532Z"}}, {"pk": 84, "model": "blog.text", "fields": {"classifier": null, "value": "The tortured reasoning that unions use to deny their ambition to exercise monopoly power over the supply and price of labor is one of the things that create a legal profession .", "created": "2013-12-26T21:44:04.984Z"}}, {"pk": 85, "model": "blog.text", "fields": {"classifier": null, "value": ") They train the mink and other animals to fight .", "created": "2013-12-26T21:44:05.592Z"}}, {"pk": 86, "model": "blog.text", "fields": {"classifier": null, "value": "N.C.'s editorial `` Confrontation '' is a stunning piece of writing .", "created": "2013-12-26T21:44:06.250Z"}}, {"pk": 87, "model": "blog.text", "fields": {"classifier": null, "value": "The big question is whether , in the name of a restored Chinese-Soviet solidarity , the Chinese will choose to persuade the Albanians to present their humble apologies to Khrushchev -- or get rid of Enver Hoxa .", "created": "2013-12-26T21:44:06.891Z"}}, {"pk": 88, "model": "blog.text", "fields": {"classifier": null, "value": "My husband and I , a month ahead of the rush , have just finished a 7-day motor journey of 2809 miles from Tucson , Ariz. , to New York City :", "created": "2013-12-26T21:44:07.336Z"}}, {"pk": 89, "model": "blog.text", "fields": {"classifier": null, "value": "It will be painted to match the paneling in the room .", "created": "2013-12-26T21:44:07.838Z"}}, {"pk": 90, "model": "blog.text", "fields": {"classifier": null, "value": "In the first place there is the obvious problem of recruiting high caliber personnel .", "created": "2013-12-26T21:44:08.773Z"}}, {"pk": 91, "model": "blog.text", "fields": {"classifier": null, "value": "Earlier , Mitchell said in a statement :", "created": "2013-12-26T21:44:09.129Z"}}, {"pk": 92, "model": "blog.text", "fields": {"classifier": null, "value": "Sees Jones ahead", "created": "2013-12-26T21:44:09.486Z"}}, {"pk": 93, "model": "blog.text", "fields": {"classifier": null, "value": "I am for it .", "created": "2013-12-26T21:44:10.062Z"}}, {"pk": 94, "model": "blog.text", "fields": {"classifier": null, "value": "The present attempts of the politicians to contaminate ordinary Britons shows that this British common sense is unwilling to pull somebody else's chestnuts out of the fire by new military adventures '' .", "created": "2013-12-26T21:44:10.640Z"}}, {"pk": 95, "model": "blog.text", "fields": {"classifier": null, "value": "It could go either way , since the gains for both points of view were about the same .", "created": "2013-12-26T21:44:11.153Z"}}, {"pk": 96, "model": "blog.text", "fields": {"classifier": null, "value": "Regardless of the decision two facts are clear .", "created": "2013-12-26T21:44:11.715Z"}}, {"pk": 97, "model": "blog.text", "fields": {"classifier": null, "value": "At the earlier `` pre-academic excellence '' stage of Catholic education , the operation could be conducted on an intra-mural community basis .", "created": "2013-12-26T21:44:12.217Z"}}, {"pk": 98, "model": "blog.text", "fields": {"classifier": null, "value": "Afterward , Tennessee's Democratic Senator Albert Gore summed it up for newsmen .", "created": "2013-12-26T21:44:12.691Z"}}, {"pk": 99, "model": "blog.text", "fields": {"classifier": null, "value": "He went then to a 40-year-old Basel art dealer named Ernst Beyeler , with whom he had long been trading pictures .", "created": "2013-12-26T21:44:13.209Z"}}, {"pk": 100, "model": "blog.text", "fields": {"classifier": null, "value": "The Belgians were interested primarily in the economic development of the Congo , which is rich in copper , tin , cobalt , manganese , zinc , and uranium , and cotton and palm oil .", "created": "2013-12-26T21:44:13.702Z"}}, {"pk": 101, "model": "blog.text", "fields": {"classifier": null, "value": "Helping foreign countries to build a sound political structure is more important than aiding them economically , E. M. Martin , assistant secretary of state for economic affairs told members of the World Affairs Council Monday night .", "created": "2013-12-26T21:44:14.108Z"}}, {"pk": 102, "model": "blog.text", "fields": {"classifier": null, "value": "Whether it is or not , the propaganda impact on the free world of the document scheduled to be adopted at this meeting will be far less than had been originally anticipated .", "created": "2013-12-26T21:44:14.633Z"}}, {"pk": 103, "model": "blog.text", "fields": {"classifier": null, "value": "Great chapters of history have been recorded along the avenue , now about 169 years old .", "created": "2013-12-26T21:44:15.017Z"}}, {"pk": 104, "model": "blog.text", "fields": {"classifier": null, "value": "Unfortunately , those who would remedy our `` softness '' seek to do so with calisthenics .", "created": "2013-12-26T21:44:16.113Z"}}, {"pk": 105, "model": "blog.text", "fields": {"classifier": null, "value": "The workshop will begin at 10 a.m. and end at 3 p.m. in the auditorium of the Library and Fine Arts Building .", "created": "2013-12-26T21:44:16.567Z"}}, {"pk": 106, "model": "blog.text", "fields": {"classifier": null, "value": "The taxpayers of East Greenwich appropriate sums of money , as do other Kent County communities , for the support of the Kent County Memorial Hospital , a regional facility .", "created": "2013-12-26T21:44:17.100Z"}}, {"pk": 107, "model": "blog.text", "fields": {"classifier": null, "value": "This system , by virtue of its variety and size , offers an inclusive view of the plan in operation .", "created": "2013-12-26T21:44:17.614Z"}}, {"pk": 108, "model": "blog.text", "fields": {"classifier": null, "value": "Customers often bring their children ; ;", "created": "2013-12-26T21:44:18.296Z"}}, {"pk": 109, "model": "blog.text", "fields": {"classifier": null, "value": "Sing Sing's prisoner strike was motivated by a reasonable purpose , a fair break from parole boards .", "created": "2013-12-26T21:44:18.910Z"}}, {"pk": 110, "model": "blog.text", "fields": {"classifier": null, "value": "Mrs. Robert O. Spurdle is chairman of the committee , which includes Mrs. James A. Moody , Mrs. Frank C. Wilkinson , Mrs. Ethel Coles , Mrs. Harold G. Lacy , Mrs. Albert W. Terry , Mrs. Henry M. Chance , 2d , Mrs. Robert O. Spurdle , Jr. , Mrs. Harcourt N. Trimble , Jr. , Mrs. John A. Moller , Mrs. Robert Zeising , Mrs. William G. Kilhour , Mrs. Hughes Cauffman , Mrs. John L. Baringer and Mrs. Clyde Newman .", "created": "2013-12-26T21:44:19.344Z"}}, {"pk": 111, "model": "blog.text", "fields": {"classifier": null, "value": "We want the past forgiven , but at the same time we must be willing for God to direct the future .", "created": "2013-12-26T21:44:19.880Z"}}, {"pk": 112, "model": "blog.text", "fields": {"classifier": null, "value": "Footnotes :", "created": "2013-12-26T21:44:20.251Z"}}, {"pk": 113, "model": "blog.text", "fields": {"classifier": null, "value": "It's going to take time for investors to learn how many of the toll-road bonds will pay out in full .", "created": "2013-12-26T21:44:20.755Z"}}, {"pk": 114, "model": "blog.text", "fields": {"classifier": null, "value": "Taking precedence over all other legislation on Capitol Hill last week was the military strength of the nation .", "created": "2013-12-26T21:44:21.316Z"}}, {"pk": 115, "model": "blog.text", "fields": {"classifier": null, "value": "We sympathize with Mr. Kennedy , but we feel bound to say that his budget review doesn't please us either , although for very different reasons .", "created": "2013-12-26T21:44:21.992Z"}}, {"pk": 116, "model": "blog.text", "fields": {"classifier": null, "value": "Congresswoman Church", "created": "2013-12-26T21:44:22.580Z"}}, {"pk": 117, "model": "blog.text", "fields": {"classifier": null, "value": "Cecil Mason of Hartford , Conn. , was best man for his brother , and groomsmen were Rhodes S. Baker 3 , of Houston , Dr. James Carter of Houston and Conrad McEachern of New Orleans , La. .", "created": "2013-12-26T21:44:22.978Z"}}, {"pk": 118, "model": "blog.text", "fields": {"classifier": null, "value": "Every library borrower , or at least those whose taste goes beyond the five-cent fiction rentals , knows what it is to hear the librarian say apologetically , `` I'm sorry , but we don't have that book .", "created": "2013-12-26T21:44:23.457Z"}}, {"pk": 119, "model": "blog.text", "fields": {"classifier": null, "value": "He said legislation for a $60 million bond issue to underwrite the program is expected to be introduced Monday .", "created": "2013-12-26T21:44:23.821Z"}}, {"pk": 120, "model": "blog.text", "fields": {"classifier": null, "value": "The dance , dancers and dance enthusiasts ( 8,500 of them ) had a much better time of it at Lewisohn Stadium on Saturday night than all had had two nights earlier , when Stadium Concerts presented the first of two dance programs .", "created": "2013-12-26T21:44:24.513Z"}}, {"pk": 121, "model": "blog.text", "fields": {"classifier": null, "value": "It also happened with the Inauguration , which was not re-run at all during the evening hours , and I wrote to the TV editor of the Times .", "created": "2013-12-26T21:44:25.163Z"}}, {"pk": 122, "model": "blog.text", "fields": {"classifier": null, "value": "If one follows the reports of the Congress , one finds that there still seems considerable uncertainty in the minds of the leaders themselves about what exactly to do in this matter .", "created": "2013-12-26T21:44:25.813Z"}}, {"pk": 123, "model": "blog.text", "fields": {"classifier": null, "value": "`` Everything went real smooth '' , the sheriff said .", "created": "2013-12-26T21:44:26.154Z"}}, {"pk": 124, "model": "blog.text", "fields": {"classifier": null, "value": "Ordinary Williams said he , too , was subjected to anonymous calls soon after he scheduled the election .", "created": "2013-12-26T21:44:26.477Z"}}, {"pk": 125, "model": "blog.text", "fields": {"classifier": null, "value": "Pete Rozelle , the league commissioner , pointed out :", "created": "2013-12-26T21:44:26.816Z"}}, {"pk": 126, "model": "blog.text", "fields": {"classifier": null, "value": "He further proposed grants of an unspecified sum for experimental hospitals .", "created": "2013-12-26T21:44:27.323Z"}}, {"pk": 127, "model": "blog.text", "fields": {"classifier": null, "value": "It can manifest itself before discharge from service , or it can come out years later .", "created": "2013-12-26T21:44:28.429Z"}}, {"pk": 128, "model": "blog.text", "fields": {"classifier": null, "value": "In addition , the motor has the seal of approval of the Underwriters Laboratories , which means it is safe .", "created": "2013-12-26T21:44:28.994Z"}}, {"pk": 129, "model": "blog.text", "fields": {"classifier": null, "value": "Then see what a boom in all trades , as well as slum clearance at no cost to taxpayers , will happen .", "created": "2013-12-26T21:44:30.031Z"}}, {"pk": 130, "model": "blog.text", "fields": {"classifier": null, "value": "A skilled worker on the assembly line , for example , earns $37 a week .", "created": "2013-12-26T21:44:30.571Z"}}, {"pk": 131, "model": "blog.text", "fields": {"classifier": null, "value": "food and military supplies ; ;", "created": "2013-12-26T21:44:31.284Z"}}, {"pk": 132, "model": "blog.text", "fields": {"classifier": null, "value": "To both persons and ideas he brought the same delighted interest , the same open-minded relish for what was unique in each , the same discriminating sensibility and quicksilver intelligence , the same gallantry of judgment .", "created": "2013-12-26T21:44:31.963Z"}}, {"pk": 133, "model": "blog.text", "fields": {"classifier": null, "value": "G. David Thompson is one of those names known to the stewards of transatlantic jetliners and to doormen in Europe's best hotels , but he is somewhat of an enigma to most people in his own home town of Pittsburgh .", "created": "2013-12-26T21:44:32.431Z"}}, {"pk": 134, "model": "blog.text", "fields": {"classifier": null, "value": "The Skipjack became the fastest submarine ever built .", "created": "2013-12-26T21:44:32.864Z"}}, {"pk": 135, "model": "blog.text", "fields": {"classifier": null, "value": "The armed forces of Taiwan are at a working strength of about 450,000 , though a reserve potential twice that high is contemplated .", "created": "2013-12-26T21:44:33.452Z"}}, {"pk": 136, "model": "blog.text", "fields": {"classifier": null, "value": "They're contaminating the earth's atmosphere including their own via mighty megaton bombs but their own peasants still don't know about it ! !", "created": "2013-12-26T21:44:34.421Z"}}, {"pk": 137, "model": "blog.text", "fields": {"classifier": null, "value": "Kansas City , Mo. , Feb. 9 ( UPI )", "created": "2013-12-26T21:44:34.788Z"}}, {"pk": 138, "model": "blog.text", "fields": {"classifier": null, "value": "When a person has thoughtlessly or deliberately caused us pain or hardship it is not always easy to say , `` Just forget it '' .", "created": "2013-12-26T21:44:35.311Z"}}, {"pk": 139, "model": "blog.text", "fields": {"classifier": null, "value": "Congressmen returning from recess say the people admire President Kennedy so much , they're even willing to heed his call to sacrifice -- and give up his program .", "created": "2013-12-26T21:44:35.878Z"}}, {"pk": 140, "model": "blog.text", "fields": {"classifier": null, "value": "At the Boxwood Motel in Winchester , Va. , we accidentally drew the honeymoon suite , an elegant affair with wall-to-wall carpeting , gold and white furniture , pink satin brocade chairs , 24-inch TV and a pink tile bath with masses of pink towels .", "created": "2013-12-26T21:44:36.307Z"}}, {"pk": 141, "model": "blog.text", "fields": {"classifier": null, "value": "Of Scotch-Irish-Scandinavian descent , Greer Garson was born in County Down , Ireland .", "created": "2013-12-26T21:44:36.784Z"}}, {"pk": 142, "model": "blog.text", "fields": {"classifier": null, "value": "In the past , the men and women have chartered planes to Las Vegas and Jamaica , buses to Mineral Wells and Kerrville and private railway coaches to Shreveport and Galveston .", "created": "2013-12-26T21:44:37.236Z"}}, {"pk": 143, "model": "blog.text", "fields": {"classifier": null, "value": "The senate quickly whipped through its meager fare of House bills approved by committees , passing the three on the calendar .", "created": "2013-12-26T21:44:37.576Z"}}, {"pk": 144, "model": "blog.text", "fields": {"classifier": null, "value": "Hiring the wife for one's company may win her tax-aided retirement income .", "created": "2013-12-26T21:44:38.007Z"}}, {"pk": 145, "model": "blog.text", "fields": {"classifier": null, "value": "This year's Senate measure would provide each state and the District of Columbia with $1,000,000 to be used in support of private , state , or municipal ETV efforts .", "created": "2013-12-26T21:44:38.494Z"}}, {"pk": 146, "model": "blog.text", "fields": {"classifier": null, "value": "Light reading :", "created": "2013-12-26T21:44:39.026Z"}}, {"pk": 147, "model": "blog.text", "fields": {"classifier": null, "value": "Leadership is hopeful", "created": "2013-12-26T21:44:39.376Z"}}, {"pk": 148, "model": "blog.text", "fields": {"classifier": null, "value": "A three-man committee has recommended to Commission Chairman Charles O. Emmerich that the DeKalb County cannery be closed .", "created": "2013-12-26T21:44:39.907Z"}}, {"pk": 149, "model": "blog.text", "fields": {"classifier": null, "value": "Riverside residents would go to the Seekonk assembly point .", "created": "2013-12-26T21:44:40.298Z"}}, {"pk": 150, "model": "blog.text", "fields": {"classifier": null, "value": "While he declined to suggest , how , he said that sooner or later we must get rid of Castro , `` for unless we do we're liable to face similar situations in this hemisphere .", "created": "2013-12-26T21:44:40.694Z"}}, {"pk": 151, "model": "blog.text", "fields": {"classifier": null, "value": "I asked .", "created": "2013-12-26T21:44:41.216Z"}}, {"pk": 152, "model": "blog.text", "fields": {"classifier": null, "value": "It is a `` stair-step '' plan , in which desegregation begins in the first grade .", "created": "2013-12-26T21:44:41.760Z"}}, {"pk": 153, "model": "blog.text", "fields": {"classifier": null, "value": "One of those parts is that of evil , evil Barnaba , the spy .", "created": "2013-12-26T21:44:42.436Z"}}, {"pk": 154, "model": "blog.text", "fields": {"classifier": null, "value": "Judge and Mrs. Julian Hazard are now at Laguna Beach , while the Frank Wangemans have moved from Beverly Hills to New York , where he is general manager of the Waldorf-Astoria Hotel .", "created": "2013-12-26T21:44:42.925Z"}}, {"pk": 155, "model": "blog.text", "fields": {"classifier": null, "value": "Swine showmanship championship went to Bob Day , with Tom Day and Hutchins winning other blues .", "created": "2013-12-26T21:44:43.320Z"}}, {"pk": 156, "model": "blog.text", "fields": {"classifier": null, "value": "Who will take Stalin's place beside Lenin ? ?", "created": "2013-12-26T21:44:43.869Z"}}, {"pk": 157, "model": "blog.text", "fields": {"classifier": null, "value": "They hope that if history vouchsafes the West another Budapest , we will receive the opportunity gladly .", "created": "2013-12-26T21:44:44.456Z"}}, {"pk": 158, "model": "blog.text", "fields": {"classifier": null, "value": "Chairman Khrushchev ( Kennedy ) rattles his rockets ( sabre ) in order to cure his internal ills and to strengthen his negotiating position .", "created": "2013-12-26T21:44:44.998Z"}}, {"pk": 159, "model": "blog.text", "fields": {"classifier": null, "value": "The new school superintendent is Harry Davis , a veteran agriculture teacher , who defeated Felix Bush , a school principal and chairman of the Miller County Democratic Executive Committee .", "created": "2013-12-26T21:44:45.362Z"}}, {"pk": 160, "model": "blog.text", "fields": {"classifier": null, "value": "Whenever some Washington circles were really ready for talks to eliminate friction they have always succumbed to pressure from the war clique in the Pentagon and in Bonn .", "created": "2013-12-26T21:44:45.939Z"}}, {"pk": 161, "model": "blog.text", "fields": {"classifier": null, "value": "Congressman Walter has been all-powerful in immigration matters , but he has announced plans to retire in 1962 .", "created": "2013-12-26T21:44:46.487Z"}}, {"pk": 162, "model": "blog.text", "fields": {"classifier": null, "value": "John William Ball , 68 , of 133 Marietta St. NW , Apartment 101b , died Sunday at his home .", "created": "2013-12-26T21:44:46.909Z"}}, {"pk": 163, "model": "blog.text", "fields": {"classifier": null, "value": "Strenuous efforts were made to remove pin pricking from administration statements .", "created": "2013-12-26T21:44:47.235Z"}}, {"pk": 164, "model": "blog.text", "fields": {"classifier": null, "value": "Boonton", "created": "2013-12-26T21:44:48.107Z"}}, {"pk": 165, "model": "blog.text", "fields": {"classifier": null, "value": "`` This was the coolest , calmest election I ever saw '' , Colquitt Policeman Tom Williams said .", "created": "2013-12-26T21:44:48.442Z"}}, {"pk": 166, "model": "blog.text", "fields": {"classifier": null, "value": "After being closed for seven months , the Garden of the Gods Club will have its gala summer opening Saturday , June 3 .", "created": "2013-12-26T21:44:48.799Z"}}, {"pk": 167, "model": "blog.text", "fields": {"classifier": null, "value": "The striptease is crass ; ;", "created": "2013-12-26T21:44:49.440Z"}}, {"pk": 168, "model": "blog.text", "fields": {"classifier": null, "value": "The gap between the bookshelf and the record cabinet grows smaller with each new recording catalogue .", "created": "2013-12-26T21:44:49.975Z"}}, {"pk": 169, "model": "blog.text", "fields": {"classifier": null, "value": "M. Kegham -- the name is a pseudynom -- was a teacher in Bucharest and a member of the Armenian Revolutionary Federation ( ARF ) -- two reasons the Communists put him away when they arrived in 1945 .", "created": "2013-12-26T21:44:50.425Z"}}, {"pk": 170, "model": "blog.text", "fields": {"classifier": null, "value": "God's mercy and patience will last forever .", "created": "2013-12-26T21:44:50.960Z"}}, {"pk": 171, "model": "blog.text", "fields": {"classifier": null, "value": "Well-wishers around the world hoped that the Congo would quickly assume a respectable position in the society of nations .", "created": "2013-12-26T21:44:51.470Z"}}, {"pk": 172, "model": "blog.text", "fields": {"classifier": null, "value": "The resignation of the Rev. Warren I. Densmore , headmaster of St. Stephen's Episcopal Day School in Coconut Grove , becomes effective July 15 .", "created": "2013-12-26T21:44:51.959Z"}}, {"pk": 173, "model": "blog.text", "fields": {"classifier": null, "value": "Since the obvious is not always true , the Republican National Committee wisely analyzed its defeat of last autumn and finds that it occurred , as suspected , in the larger cities .", "created": "2013-12-26T21:44:52.483Z"}}, {"pk": 174, "model": "blog.text", "fields": {"classifier": null, "value": "Wellman Braud , bass , and Minor Hall , drums .", "created": "2013-12-26T21:44:53.132Z"}}, {"pk": 175, "model": "blog.text", "fields": {"classifier": null, "value": "Louis H. Grenier , clerk of the board , said that the appeals will be reviewed in December at the time the board is visiting new construction sites in the town for assessment purposes .", "created": "2013-12-26T21:44:53.578Z"}}, {"pk": 176, "model": "blog.text", "fields": {"classifier": null, "value": "The department has just finished treating 20,000 acres in urban areas of Macon .", "created": "2013-12-26T21:44:53.996Z"}}, {"pk": 177, "model": "blog.text", "fields": {"classifier": null, "value": "it cannot bring them into actual play .", "created": "2013-12-26T21:44:54.585Z"}}, {"pk": 178, "model": "blog.text", "fields": {"classifier": null, "value": "They seem darned proud of it .", "created": "2013-12-26T21:44:55.109Z"}}, {"pk": 179, "model": "blog.text", "fields": {"classifier": null, "value": "On July 14 the Security Council -- with France and Great Britain abstaining -- voted the resolution which drew the U.N. into the Congo .", "created": "2013-12-26T21:44:55.583Z"}}, {"pk": 180, "model": "blog.text", "fields": {"classifier": null, "value": "There wouldn't be much demand for it , I'm afraid '' .", "created": "2013-12-26T21:44:56.099Z"}}, {"pk": 181, "model": "blog.text", "fields": {"classifier": null, "value": "Pelham said Sunday night there was research being done on whether the `` quickie '' vote on the increase can be repealed outright or whether notice would have to first be given that reconsideration of the action would be sought .", "created": "2013-12-26T21:44:56.486Z"}}, {"pk": 182, "model": "blog.text", "fields": {"classifier": null, "value": "There's no sense in being reminded of times that were .", "created": "2013-12-26T21:44:57.076Z"}}, {"pk": 183, "model": "blog.text", "fields": {"classifier": null, "value": "`` The Forgotten War '' his soldiers called the Burma fighting because the war in Africa and Europe enjoyed priorities in equipment and in headlines .", "created": "2013-12-26T21:44:57.732Z"}}, {"pk": 184, "model": "blog.text", "fields": {"classifier": null, "value": "A Republican survey says Kennedy won the '60 election on the religious issue .", "created": "2013-12-26T21:44:58.281Z"}}, {"pk": 185, "model": "blog.text", "fields": {"classifier": null, "value": "Officials estimated the combined programs would cost 5.1 million dollars the first year and would go up to 21 millions by 1966 .", "created": "2013-12-26T21:44:58.620Z"}}, {"pk": 186, "model": "blog.text", "fields": {"classifier": null, "value": "The bride was given in marriage by her father .", "created": "2013-12-26T21:44:59.014Z"}}, {"pk": 187, "model": "blog.text", "fields": {"classifier": null, "value": "The winging spread of blue had gone on , calling harshly , into the wood .", "created": "2013-12-26T21:44:59.566Z"}}, {"pk": 188, "model": "blog.text", "fields": {"classifier": null, "value": "Sandman , state campaign chairman for Jones , was addressing a meeting in the Military Park Hotel , Newark , of Essex County leaders and campaign managers for Jones .", "created": "2013-12-26T21:44:59.955Z"}}, {"pk": 189, "model": "blog.text", "fields": {"classifier": null, "value": "But Mr. Bragg is a remarkably gifted conductor , and the results he has produced with his boys are generally superior .", "created": "2013-12-26T21:45:01.058Z"}}, {"pk": 190, "model": "blog.text", "fields": {"classifier": null, "value": "Mrs. Eleanor Kowalski , 42 , died yesterday afternoon in Holy Cross Hospital of burns suffered in a fire that followed a bottled gas explosion Saturday night at the flat of her widowed mother , Mrs. Mary Pankowski , in the adjoining suburb of Warren .", "created": "2013-12-26T21:45:01.463Z"}}, {"pk": 191, "model": "blog.text", "fields": {"classifier": null, "value": "A flow of correspondence between Pfohl and Miss Baldrige resulted in an invitation to the 85-student North Carolina group to play the first concert .", "created": "2013-12-26T21:45:01.923Z"}}, {"pk": 192, "model": "blog.text", "fields": {"classifier": null, "value": "More than 300 teenagers last Sunday proved there is and as many more are expected to prove it again for Jim Kern and his wife Lynn from 4 to 8 p.m. Sunday at First Presbyterian Church .", "created": "2013-12-26T21:45:02.463Z"}}, {"pk": 193, "model": "blog.text", "fields": {"classifier": null, "value": "As the press in Cuba was gradually throttled by the Castro regime , more and more Cuban publishers , editors and correspondents were forced into exile .", "created": "2013-12-26T21:45:02.990Z"}}, {"pk": 194, "model": "blog.text", "fields": {"classifier": null, "value": "Mr. and Mrs. George Treadwell will be honored at a Family Week supper and program at 6 p.m. Sunday at Trinity Methodist Church .", "created": "2013-12-26T21:45:03.489Z"}}, {"pk": 195, "model": "blog.text", "fields": {"classifier": null, "value": "Santa's lieutenants in charge of the Journal-Bulletin Santa Claus Fund are looking for the usual generous response this year from Cranston residents .", "created": "2013-12-26T21:45:03.914Z"}}, {"pk": 196, "model": "blog.text", "fields": {"classifier": null, "value": "Person To Person ventilates the home lives of Johnny Mercer and Joan Collins -- both in Southern California ( Channel 5 at 10:30 ) KQED Summer Music Festival features a live concert by the Capello De Musica ( Channel 9 at 8:30 ) .", "created": "2013-12-26T21:45:04.322Z"}}, {"pk": 197, "model": "blog.text", "fields": {"classifier": null, "value": "The statistics hardly indicated that the Pirates needed extra batting practice , but Murtaugh also turned his men loose at Busch Stadium yesterday .", "created": "2013-12-26T21:45:04.677Z"}}, {"pk": 198, "model": "blog.text", "fields": {"classifier": null, "value": "yet they supported the Eisenhower administration which will cost a small state like ours approximately five million dollars ( matched incidentally by a federal grant ) to initiate .", "created": "2013-12-26T21:45:05.236Z"}}, {"pk": 199, "model": "blog.text", "fields": {"classifier": null, "value": "The simple-minded comedy of Dogberry and Verges , also familiar in a day that responds easily to jokes skimmed off the top of writers' heads , evoked laughter .", "created": "2013-12-26T21:45:05.923Z"}}, {"pk": 200, "model": "blog.text", "fields": {"classifier": null, "value": "Besides the lack of an adequate ethical dimension to the Governor's case , one can ask seriously whether our lead over the Russians in quality and quantity of nuclear weapons is so slight as to make the tests absolutely necessary .", "created": "2013-12-26T21:45:06.556Z"}}, {"pk": 201, "model": "blog.text", "fields": {"classifier": null, "value": "Highly successful in England before its transfer to New York , most of `` Roots '' is as relentlessly dour as the trappings of the small new theater are gaudy .", "created": "2013-12-26T21:45:07.267Z"}}, {"pk": 202, "model": "blog.text", "fields": {"classifier": null, "value": "The long crisis in Laos appeared nearing a showdown today .", "created": "2013-12-26T21:45:07.678Z"}}, {"pk": 203, "model": "blog.text", "fields": {"classifier": null, "value": "It contained , for example , a number of curious admissions about the peasants , who enjoy no sickness benefits , no old-age pensions , no paid holidays ; ;", "created": "2013-12-26T21:45:08.261Z"}}, {"pk": 204, "model": "blog.text", "fields": {"classifier": null, "value": "Ann Wegener , Madison ; ;", "created": "2013-12-26T21:45:08.663Z"}}, {"pk": 205, "model": "blog.text", "fields": {"classifier": null, "value": "It is an irritable rule that does baseball more harm than good , especially at the minor league level .", "created": "2013-12-26T21:45:09.041Z"}}, {"pk": 206, "model": "blog.text", "fields": {"classifier": null, "value": "Al Fike , an ex-schoolteacher from Colorado , is currently pursuing the three R's -- rhythm , reminiscence and repartee -- in a return class session at the Trade Winds Hotel .", "created": "2013-12-26T21:45:09.506Z"}}, {"pk": 207, "model": "blog.text", "fields": {"classifier": null, "value": "A plea of nolo contendere , followed by a nominal fine , after all is a small price to pay for this untrammeled license .", "created": "2013-12-26T21:45:10.012Z"}}, {"pk": 208, "model": "blog.text", "fields": {"classifier": null, "value": "And for his playmate , Francis Coletta of West Warwick , who has a bit part , Billy .", "created": "2013-12-26T21:45:10.643Z"}}, {"pk": 209, "model": "blog.text", "fields": {"classifier": null, "value": "But he further said that it was better politics to let others question the wisdom of administration policies first .", "created": "2013-12-26T21:45:11.008Z"}}, {"pk": 210, "model": "blog.text", "fields": {"classifier": null, "value": "`` I think that all Americans will resent deeply the statements made about President Eisenhower by Richard J. Hughes .", "created": "2013-12-26T21:45:11.328Z"}}, {"pk": 211, "model": "blog.text", "fields": {"classifier": null, "value": "Moscow TASS in Russian datelined Sochi :", "created": "2013-12-26T21:45:11.863Z"}}, {"pk": 212, "model": "blog.text", "fields": {"classifier": null, "value": "The fire ant is thought to infest approximately two million acres of land in Georgia , attacking crops , young wildlife and livestock and can be a serious health menace to humans who are allergic to its venom , Blasingame said .", "created": "2013-12-26T21:45:12.307Z"}}, {"pk": 213, "model": "blog.text", "fields": {"classifier": null, "value": "The Giants who had been anemic with the bat in their windy Candlestick Park suddenly found the formula in Milwaukee's park .", "created": "2013-12-26T21:45:12.690Z"}}, {"pk": 214, "model": "blog.text", "fields": {"classifier": null, "value": "`` As we look to the $800 billion economy that is predicted for 1970 and the increase of about 40% in consumer expenditures that will be required to reach that goal , management can well be restless about how this tremendous volume and number of new products will be created and marketed '' , Peterson said .", "created": "2013-12-26T21:45:13.103Z"}}, {"pk": 215, "model": "blog.text", "fields": {"classifier": null, "value": "The children he painted were almost always in rags , his portraits were often ruthless to the point of ugliness , and his nudes -- including several self-portraits -- were stringy , contorted and strangely pathetic .", "created": "2013-12-26T21:45:14.204Z"}}, {"pk": 216, "model": "blog.text", "fields": {"classifier": null, "value": "Governor Tawes announced that a triple swearing-in ceremony will be held in his office next Friday .", "created": "2013-12-26T21:45:14.622Z"}}, {"pk": 217, "model": "blog.text", "fields": {"classifier": null, "value": "Church loses pace", "created": "2013-12-26T21:45:14.992Z"}}, {"pk": 218, "model": "blog.text", "fields": {"classifier": null, "value": "A portable kerosene range designed for use aboard boats is sold with a special railing to keep it from moving with the motion of the vessel .", "created": "2013-12-26T21:45:15.430Z"}}, {"pk": 219, "model": "blog.text", "fields": {"classifier": null, "value": "Such tactics reek of totalitarianism ! !", "created": "2013-12-26T21:45:15.988Z"}}, {"pk": 220, "model": "blog.text", "fields": {"classifier": null, "value": "they still benefit far less than the `` other '' 50 per cent of the nation from that `` welfare state '' which the Soviet Union so greatly prides itself on being .", "created": "2013-12-26T21:45:16.562Z"}}, {"pk": 221, "model": "blog.text", "fields": {"classifier": null, "value": "He has given only the one pass in his 27 innings , an unusual characteristic for a southpaw .", "created": "2013-12-26T21:45:16.920Z"}}, {"pk": 222, "model": "blog.text", "fields": {"classifier": null, "value": "Capable as their minds may be in some directions , these guardians of the nation's security are incapable of learning , or even of observing .", "created": "2013-12-26T21:45:17.479Z"}}, {"pk": 223, "model": "blog.text", "fields": {"classifier": null, "value": "The Providence Journal editorial ( Jan. 25 ) entitled `` East Greenwich Faces A Housing Development Problem '' points to a dilemma that faces communities such as ours .", "created": "2013-12-26T21:45:18.076Z"}}, {"pk": 224, "model": "blog.text", "fields": {"classifier": null, "value": "Further , do our reforming friends really believe that the cartoonists will consent to the banishment of the tiger from their zoo ? ?", "created": "2013-12-26T21:45:18.643Z"}}, {"pk": 225, "model": "blog.text", "fields": {"classifier": null, "value": "The reasons for this enchantment are numerous , but most of them end in `` ova '' , `` eva '' , or `` aya '' .", "created": "2013-12-26T21:45:19.115Z"}}, {"pk": 226, "model": "blog.text", "fields": {"classifier": null, "value": "After a White House huddle between the President and top lieutenants , the Defense Department reacted sharply to a cry from the pro-Western government of Laos that several battalions of Communist troops had invaded Laos from North Viet Nam .", "created": "2013-12-26T21:45:19.553Z"}}, {"pk": 227, "model": "blog.text", "fields": {"classifier": null, "value": "It is particularly interesting that those who framed the report should refer to `` the organization which actually owns the university '' : this seems to show an awareness of the fact that there is more to the problem than the ordinary issue of clerical-lay tension .", "created": "2013-12-26T21:45:20.477Z"}}, {"pk": 228, "model": "blog.text", "fields": {"classifier": null, "value": "Mr. Kennedy was less troubled by that possibility than by the belief that a Geneva breakdown , or even continued stalemate , would mean an unchecked spread of nuclear weapons to other countries as well as a fatal blow to any hope for disarmament .", "created": "2013-12-26T21:45:20.948Z"}}, {"pk": 229, "model": "blog.text", "fields": {"classifier": null, "value": "In honor of the Wackers' new baby .", "created": "2013-12-26T21:45:21.352Z"}}, {"pk": 230, "model": "blog.text", "fields": {"classifier": null, "value": "That improvement is continuing .", "created": "2013-12-26T21:45:21.844Z"}}, {"pk": 231, "model": "blog.text", "fields": {"classifier": null, "value": "The family requests that flowers be omitted .", "created": "2013-12-26T21:45:22.273Z"}}, {"pk": 232, "model": "blog.text", "fields": {"classifier": null, "value": "As a result no comparable literature of the period is better known and better studied nor more often performed than the English madrigal .", "created": "2013-12-26T21:45:22.872Z"}}, {"pk": 233, "model": "blog.text", "fields": {"classifier": null, "value": "The army leaders threatened to form a new military government if the parties failed to sign an eight point protocol agreeing on Gen. Gursel as president .", "created": "2013-12-26T21:45:23.278Z"}}, {"pk": 234, "model": "blog.text", "fields": {"classifier": null, "value": "What we will be sacrificing in any such arrangement will be our power to be selective which is contained in the reciprocal trade principle under which we now operate .", "created": "2013-12-26T21:45:23.893Z"}}, {"pk": 235, "model": "blog.text", "fields": {"classifier": null, "value": "But there must be a catalytic pressure .", "created": "2013-12-26T21:45:24.511Z"}}, {"pk": 236, "model": "blog.text", "fields": {"classifier": null, "value": "They were accompanied by Anna Mi Lee , pianist .", "created": "2013-12-26T21:45:25.129Z"}}, {"pk": 237, "model": "blog.text", "fields": {"classifier": null, "value": "We should not become confused or let our public become confused over irrelevant questions of number or even of geography .", "created": "2013-12-26T21:45:25.705Z"}}, {"pk": 238, "model": "blog.text", "fields": {"classifier": null, "value": "the administration's official budget review , which estimates a 6.9 billion dollar deficit for the current fiscal year , isn't making anyone happy .", "created": "2013-12-26T21:45:26.282Z"}}, {"pk": 239, "model": "blog.text", "fields": {"classifier": null, "value": "Mr. Siepi was , as always , a consummate actor ; ;", "created": "2013-12-26T21:45:26.928Z"}}, {"pk": 240, "model": "blog.text", "fields": {"classifier": null, "value": "The program was instituted in 1940 , and releases are available only from the Recording Laboratory of the Library of Congress , Washington 25 , D.C. .", "created": "2013-12-26T21:45:27.508Z"}}, {"pk": 241, "model": "blog.text", "fields": {"classifier": null, "value": "Legislators weary", "created": "2013-12-26T21:45:27.893Z"}}, {"pk": 242, "model": "blog.text", "fields": {"classifier": null, "value": "Mr. and Mrs. Robert Moulton now live on Wilshire and the Franklin Moultons on S. Windsor Blvd. .", "created": "2013-12-26T21:45:28.325Z"}}, {"pk": 243, "model": "blog.text", "fields": {"classifier": null, "value": "' not flash in pan '", "created": "2013-12-26T21:45:28.716Z"}}, {"pk": 244, "model": "blog.text", "fields": {"classifier": null, "value": "Besides , he can hardly avoid musing on the instability of death which , what with exhumations and rehabilitations , seems to match that of life .", "created": "2013-12-26T21:45:29.791Z"}}, {"pk": 245, "model": "blog.text", "fields": {"classifier": null, "value": "The master's hand has lost none of its craft .", "created": "2013-12-26T21:45:30.472Z"}}, {"pk": 246, "model": "blog.text", "fields": {"classifier": null, "value": "Konstantin Shatilov , a great character dancer ; ;", "created": "2013-12-26T21:45:30.934Z"}}, {"pk": 247, "model": "blog.text", "fields": {"classifier": null, "value": "Survivors include two brothers , C. E. Killingsworth , Atlanta , and John Killingsworth , Warren , Ohio ; ;", "created": "2013-12-26T21:45:31.302Z"}}, {"pk": 248, "model": "blog.text", "fields": {"classifier": null, "value": "Change our taxing law so that no tax shall be charged to any owner for additions or improvements to his properties .", "created": "2013-12-26T21:45:31.838Z"}}, {"pk": 249, "model": "blog.text", "fields": {"classifier": null, "value": "He recalls with a wry smile the wit who said , on returning from a homecoming reunion , that he would never go again because all his class had changed so much they didn't even recognize him .", "created": "2013-12-26T21:45:32.429Z"}}, {"pk": 250, "model": "blog.text", "fields": {"classifier": null, "value": "Then a full-time planning office will be established in Rome to work with a five-member Georgia Tech research staff for development of an area planning and industrial development program .", "created": "2013-12-26T21:45:32.963Z"}}, {"pk": 251, "model": "blog.text", "fields": {"classifier": null, "value": "Nor in South Georgia , where the summer sun shines warmly and gives early life to the things growing in the flat fields .", "created": "2013-12-26T21:45:33.554Z"}}, {"pk": 252, "model": "blog.text", "fields": {"classifier": null, "value": "The details of the suburban concerts next season , and the centers in which they will be given , will be announced later , Mr. Toobin said .", "created": "2013-12-26T21:45:34.210Z"}}, {"pk": 253, "model": "blog.text", "fields": {"classifier": null, "value": "For most of the 25 years the operation was under feminine direction .", "created": "2013-12-26T21:45:34.584Z"}}, {"pk": 254, "model": "blog.text", "fields": {"classifier": null, "value": "Salvador saw the youth hold his against the head of stewardess Lois Carnegey ; ;", "created": "2013-12-26T21:45:35.055Z"}}, {"pk": 255, "model": "blog.text", "fields": {"classifier": null, "value": "And he will avoid eye-strain in the process .", "created": "2013-12-26T21:45:35.642Z"}}, {"pk": 256, "model": "blog.text", "fields": {"classifier": null, "value": "There were stunning musical phrases too , and sometimes the deepest kind of musical and poetic absorption and communication .", "created": "2013-12-26T21:45:36.339Z"}}, {"pk": 257, "model": "blog.text", "fields": {"classifier": null, "value": "Cocktails and a buffet supper were served to more than 100 persons who had known Dr. Swim when he practiced in Los Angeles .", "created": "2013-12-26T21:45:36.841Z"}}, {"pk": 258, "model": "blog.text", "fields": {"classifier": null, "value": "The Dupont case", "created": "2013-12-26T21:45:37.586Z"}}, {"pk": 259, "model": "blog.text", "fields": {"classifier": null, "value": "There is no need here to spell out the conditions of creative teaching except to point out that , at the college level , the sense of community and of community responsibility is even more necessary than it is at other levels .", "created": "2013-12-26T21:45:38.030Z"}}, {"pk": 260, "model": "blog.text", "fields": {"classifier": null, "value": "But they wish they could bring it back .", "created": "2013-12-26T21:45:38.633Z"}}, {"pk": 261, "model": "blog.text", "fields": {"classifier": null, "value": "Unfortunately the cafes might not make enough money to support themselves during the off season .", "created": "2013-12-26T21:45:39.213Z"}}, {"pk": 262, "model": "blog.text", "fields": {"classifier": null, "value": "In the first two months of 1961 , earnings of the Illinois highway available for interest payments were up 55 per cent from early 1960 .", "created": "2013-12-26T21:45:39.734Z"}}, {"pk": 263, "model": "blog.text", "fields": {"classifier": null, "value": "Furthermore , we find his defense of the unbalanced budget more dismaying than reassuring .", "created": "2013-12-26T21:45:40.418Z"}}, {"pk": 264, "model": "blog.text", "fields": {"classifier": null, "value": "Policies on nuclear test ban negotiations were reviewed and changed .", "created": "2013-12-26T21:45:40.780Z"}}, {"pk": 265, "model": "blog.text", "fields": {"classifier": null, "value": "Mrs. Kelsey is the former Miss Ann Rickenbaugh .", "created": "2013-12-26T21:45:41.131Z"}}, {"pk": 266, "model": "blog.text", "fields": {"classifier": null, "value": "`` I tell people what I think .", "created": "2013-12-26T21:45:41.618Z"}}, {"pk": 267, "model": "blog.text", "fields": {"classifier": null, "value": "Rep. Berry , an ex-gambler from San Antonio , got elected on his advocacy of betting on the ponies .", "created": "2013-12-26T21:45:41.983Z"}}, {"pk": 268, "model": "blog.text", "fields": {"classifier": null, "value": "and ( 4 ) catcher Johnny Blanchard of the New York Yankees matched a record with home runs in four successive times at bat , two of them as a pinch-hitter .", "created": "2013-12-26T21:45:42.466Z"}}, {"pk": 269, "model": "blog.text", "fields": {"classifier": null, "value": "However , Biblical scholars frequently attested to its numerous inaccuracies , as old manuscripts were uncovered and scholarship advanced .", "created": "2013-12-26T21:45:43.512Z"}}, {"pk": 270, "model": "blog.text", "fields": {"classifier": null, "value": "Chen was equally adamant in his opposition to the admission of Outer Mongolia ; ;", "created": "2013-12-26T21:45:44.079Z"}}, {"pk": 271, "model": "blog.text", "fields": {"classifier": null, "value": "It motivates his behavior .", "created": "2013-12-26T21:45:44.669Z"}}, {"pk": 272, "model": "blog.text", "fields": {"classifier": null, "value": "Districts issue", "created": "2013-12-26T21:45:45.038Z"}}, {"pk": 273, "model": "blog.text", "fields": {"classifier": null, "value": "That means Stan Musial probably will ride the bench on the seventh anniversary of his record five-home run day against the Giants .", "created": "2013-12-26T21:45:45.428Z"}}, {"pk": 274, "model": "blog.text", "fields": {"classifier": null, "value": "Use the terraces of the Capitol for a sidewalk cafe ? ?", "created": "2013-12-26T21:45:46.003Z"}}, {"pk": 275, "model": "blog.text", "fields": {"classifier": null, "value": "But a resumption does not seem justifiable now .", "created": "2013-12-26T21:45:46.609Z"}}, {"pk": 276, "model": "blog.text", "fields": {"classifier": null, "value": "It recognizes the fact that what helps one county helps its neighbors and that by banding together in an area-wide effort better results can be accomplished than through the go-it-alone approach .", "created": "2013-12-26T21:45:47.103Z"}}, {"pk": 277, "model": "blog.text", "fields": {"classifier": null, "value": "Then there was a bad delay in getting Mort Lindsey's 30-piece orchestra wedged into its chairs .", "created": "2013-12-26T21:45:47.752Z"}}, {"pk": 278, "model": "blog.text", "fields": {"classifier": null, "value": "The new column by Maurice Stans regarding business scandals , is fair and accurate in most respects and his solution to the problem has some merit .", "created": "2013-12-26T21:45:48.328Z"}}, {"pk": 279, "model": "blog.text", "fields": {"classifier": null, "value": "The corporation , in filing its final Federal income return , claimed the state tax payment as a deductible expense , as permitted under U.S. tax law .", "created": "2013-12-26T21:45:48.788Z"}}, {"pk": 280, "model": "blog.text", "fields": {"classifier": null, "value": "They were blind to the evidence that nothing could keep the Russian people fighting .", "created": "2013-12-26T21:45:49.446Z"}}, {"pk": 281, "model": "blog.text", "fields": {"classifier": null, "value": "SMU will play the Owls at Rice Stadium in Houston in a night game Saturday , Oct. 21 .", "created": "2013-12-26T21:45:49.894Z"}}, {"pk": 282, "model": "blog.text", "fields": {"classifier": null, "value": "Overriding of mayoral veto on budget changes will require concurrence by board and Council , and a two-thirds vote .", "created": "2013-12-26T21:45:50.399Z"}}, {"pk": 283, "model": "blog.text", "fields": {"classifier": null, "value": "to the editor of the Inquirer :", "created": "2013-12-26T21:45:50.989Z"}}, {"pk": 284, "model": "blog.text", "fields": {"classifier": null, "value": "Without this power we lay open any American industry which the Europeans may find it economically profitable to destroy to the will of others .", "created": "2013-12-26T21:45:51.581Z"}}, {"pk": 285, "model": "blog.text", "fields": {"classifier": null, "value": "To transmit that feeling he writes '' .", "created": "2013-12-26T21:45:52.252Z"}}, {"pk": 286, "model": "blog.text", "fields": {"classifier": null, "value": "stereo LSO 1066 ) that has some entertaining moments , although it is scarcely as inventive as the praise elicited by the show might lead one to expect .", "created": "2013-12-26T21:45:52.954Z"}}, {"pk": 287, "model": "blog.text", "fields": {"classifier": null, "value": "The Plus Two remain at a fixed position with drums and guitar but the quartet covers the stage with a batch of instruments ranging from tuba to tambourine , and the beat is solid .", "created": "2013-12-26T21:45:53.405Z"}}, {"pk": 288, "model": "blog.text", "fields": {"classifier": null, "value": "Ryne Duren and Roland Sheldon , a rookie righthander who posted a 15-1 record last year for the Yanks' Auburn ( N.Y. ) farm club of the Class-D New York-Pennsylvania League , are the probable rival pitchers .", "created": "2013-12-26T21:45:53.732Z"}}, {"pk": 289, "model": "blog.text", "fields": {"classifier": null, "value": "This day Palmer had started first .", "created": "2013-12-26T21:45:54.181Z"}}, {"pk": 290, "model": "blog.text", "fields": {"classifier": null, "value": "And one of the best services available to the people who try to raise and can meat , to plant , grow vegetables and put them up .", "created": "2013-12-26T21:45:54.688Z"}}, {"pk": 291, "model": "blog.text", "fields": {"classifier": null, "value": "Another neighbor , Mrs. Frank C. Smith , 2731 Pall Mall , Sterling Township , surprised Kowalski by coming to the home yesterday with $135 collected locally toward the $400 funeral costs .", "created": "2013-12-26T21:45:55.152Z"}}, {"pk": 292, "model": "blog.text", "fields": {"classifier": null, "value": "Now all he had to do was finish in even par to collect the trophy and the biggest single paycheck in golf .", "created": "2013-12-26T21:45:55.633Z"}}, {"pk": 293, "model": "blog.text", "fields": {"classifier": null, "value": "Equally penetrating in its fashion is the following remark by a lady in the course of a literary conversation : `` So much has already been written about everything that you can't find out anything about it '' .", "created": "2013-12-26T21:45:56.238Z"}}, {"pk": 294, "model": "blog.text", "fields": {"classifier": null, "value": "Charles A. Black , COAHR chairman , said Friday that three theater representatives had agreed to meet with the students on Oct. 31 but had failed to show up .", "created": "2013-12-26T21:45:56.621Z"}}, {"pk": 295, "model": "blog.text", "fields": {"classifier": null, "value": "and one U.S. official said : `` The key question now is which side picks up the phone first '' .", "created": "2013-12-26T21:45:57.073Z"}}, {"pk": 296, "model": "blog.text", "fields": {"classifier": null, "value": "In addition to urging greater restrictions on aerial spraying , Buchheister called for support of the Wilderness bill , creation of national seashore parks , including Point Reyes ; ;", "created": "2013-12-26T21:45:58.074Z"}}, {"pk": 297, "model": "blog.text", "fields": {"classifier": null, "value": "And particularly in the musical field , adaptations have long been the rule , from Die Fledermaus and The Merry Widow to Oklahoma! and My Fair Lady .", "created": "2013-12-26T21:45:58.677Z"}}, {"pk": 298, "model": "blog.text", "fields": {"classifier": null, "value": "Jacksonville , Oct. 6 ; ;", "created": "2013-12-26T21:45:59.143Z"}}, {"pk": 299, "model": "blog.text", "fields": {"classifier": null, "value": "But this is a theme which does not take so much time to state as Mr. Wesker dedicates to it .", "created": "2013-12-26T21:45:59.775Z"}}, {"pk": 300, "model": "blog.text", "fields": {"classifier": null, "value": "This confuses me no end .", "created": "2013-12-26T21:46:00.354Z"}}, {"pk": 301, "model": "blog.text", "fields": {"classifier": null, "value": "The `` belaboring '' is of course jocular , yet James was not lacking in fundamental seriousness -- unless we measure him by that ultimate seriousness of the great religious leader or thinker who stakes all on his vision of God .", "created": "2013-12-26T21:46:00.989Z"}}, {"pk": 302, "model": "blog.text", "fields": {"classifier": null, "value": "Mr. and Mrs. Stephen M. Kochanek reported the theft at their home on 41 Garden Hills Drive at about 6 last night .", "created": "2013-12-26T21:46:01.429Z"}}, {"pk": 303, "model": "blog.text", "fields": {"classifier": null, "value": "But as the more concrete plans for the work of the Council gradually became known , there was a rather sharp and abrupt disappointment on all sides .", "created": "2013-12-26T21:46:02.019Z"}}, {"pk": 304, "model": "blog.text", "fields": {"classifier": null, "value": "Reply :", "created": "2013-12-26T21:46:03.072Z"}}, {"pk": 305, "model": "blog.text", "fields": {"classifier": null, "value": "The Dow Jones industrial average advanced 7.19 to 687.87 .", "created": "2013-12-26T21:46:03.551Z"}}, {"pk": 306, "model": "blog.text", "fields": {"classifier": null, "value": "Completing 12 of 15 passes for 174 yards , the Aggies had a total offense of 361 yards .", "created": "2013-12-26T21:46:03.890Z"}}, {"pk": 307, "model": "blog.text", "fields": {"classifier": null, "value": "As he pulled the fringed sides up and made himself into a cocoon , Mr. Podger saw that thin , attractive , freckled little face again , and hoped that the boy , too , was lying in a cool , fringed-wrapped quiet .", "created": "2013-12-26T21:46:04.450Z"}}, {"pk": 308, "model": "blog.text", "fields": {"classifier": null, "value": "But then , through a strange coincidence , Maxwell manages to acquire Idal , a female otter , and the fascinating story starts once more .", "created": "2013-12-26T21:46:05.140Z"}}, {"pk": 309, "model": "blog.text", "fields": {"classifier": null, "value": "More than 250 Scottish Rite Masons and guests gathered in their House of the Temple to pay tribute to their most prominent leader , Albert Pike , who headed the Scottish Rite from 1859 to 1891 .", "created": "2013-12-26T21:46:05.630Z"}}, {"pk": 310, "model": "blog.text", "fields": {"classifier": null, "value": "Abstractions and semi-abstractions by Everett McNear are being exhibited by the University Gallery of Notre Dame until Nov. 5 .", "created": "2013-12-26T21:46:06.216Z"}}, {"pk": 311, "model": "blog.text", "fields": {"classifier": null, "value": "Treasury Secretary Douglas Dillon said the economy is expected to advance by a whopping 8% next year , paving the way for lower taxes .", "created": "2013-12-26T21:46:06.638Z"}}, {"pk": 312, "model": "blog.text", "fields": {"classifier": null, "value": "These qualities alone , however , would not account for their success , and it took me a while to discover the crowning virtue that completes this company's collective personality .", "created": "2013-12-26T21:46:07.089Z"}}, {"pk": 313, "model": "blog.text", "fields": {"classifier": null, "value": "Soon her purring rivaled the chirping of the tree crickets , rivaled the hum of voices from inside the Pod .", "created": "2013-12-26T21:46:07.640Z"}}, {"pk": 314, "model": "blog.text", "fields": {"classifier": null, "value": "Since the railroad cannot reduce the salary of individual union members under contract , it must accomplish its payroll reduction by placing some of the men on furlough , a B. & O. spokesman said .", "created": "2013-12-26T21:46:08.582Z"}}, {"pk": 315, "model": "blog.text", "fields": {"classifier": null, "value": "Here , then , is what Swift would have called a modest proposal by way of a beginning .", "created": "2013-12-26T21:46:09.167Z"}}, {"pk": 316, "model": "blog.text", "fields": {"classifier": null, "value": "It has a hull patterned on that of the United States navy's Nautilus , the world's first atomic submarine .", "created": "2013-12-26T21:46:09.555Z"}}, {"pk": 317, "model": "blog.text", "fields": {"classifier": null, "value": "or `` Carmine Theater , 1912 '' , the only canvas with an ash can ( and foraging dog ) , although Sloan was a member of the famous `` Eight '' , and of the so-called `` Ash-Can School '' , a term he resented .", "created": "2013-12-26T21:46:10.212Z"}}, {"pk": 318, "model": "blog.text", "fields": {"classifier": null, "value": "After baptism Jesus came up out of the water at once , and at that moment heaven opened ; ;", "created": "2013-12-26T21:46:10.799Z"}}, {"pk": 319, "model": "blog.text", "fields": {"classifier": null, "value": "Gas station people are very debonair about small cars .", "created": "2013-12-26T21:46:11.282Z"}}, {"pk": 320, "model": "blog.text", "fields": {"classifier": null, "value": "In an hour remembered for its almost rudderless movement , a score of jazz luminaries went before the cameras for lengthy periods .", "created": "2013-12-26T21:46:11.860Z"}}, {"pk": 321, "model": "blog.text", "fields": {"classifier": null, "value": "The first choice , abandoning tests entirely , would not only be unpopular domestically , but would surely be exploited by the Russians .", "created": "2013-12-26T21:46:12.597Z"}}, {"pk": 322, "model": "blog.text", "fields": {"classifier": null, "value": "Rep. Mac Barber of Commerce is asking the House in a privilege resolution to `` endorse increased federal support for public education , provided that such funds be received and expended '' as state funds .", "created": "2013-12-26T21:46:12.912Z"}}, {"pk": 323, "model": "blog.text", "fields": {"classifier": null, "value": "When different colors are used , she is just as likely to color trees purple , hair green , etc. .", "created": "2013-12-26T21:46:13.467Z"}}, {"pk": 324, "model": "blog.text", "fields": {"classifier": null, "value": ")", "created": "2013-12-26T21:46:13.926Z"}}, {"pk": 325, "model": "blog.text", "fields": {"classifier": null, "value": "Please do put more pictures and articles in about Liberace , as he is truly one of our greatest entertainers and a really wonderful person .", "created": "2013-12-26T21:46:14.498Z"}}, {"pk": 326, "model": "blog.text", "fields": {"classifier": null, "value": "James , he remarks in a letter to a friend , `` is attempting the impossible namely , to produce upon the reader , as a painting produces upon the gazer , a number of superimposed , simultaneous impressions .", "created": "2013-12-26T21:46:15.103Z"}}, {"pk": 327, "model": "blog.text", "fields": {"classifier": null, "value": "And then , some churchmen remarked , there is a more classical church-state problem :", "created": "2013-12-26T21:46:15.437Z"}}, {"pk": 328, "model": "blog.text", "fields": {"classifier": null, "value": "Karns said that the cases involved a matter `` of even greater significance than the guilt or innocence '' of the 50 persons .", "created": "2013-12-26T21:46:15.739Z"}}, {"pk": 329, "model": "blog.text", "fields": {"classifier": null, "value": "Self-criticism is a rare but needed commodity in Congress .", "created": "2013-12-26T21:46:16.264Z"}}, {"pk": 330, "model": "blog.text", "fields": {"classifier": null, "value": "Check the oil and water , sir ? ?", "created": "2013-12-26T21:46:16.726Z"}}, {"pk": 331, "model": "blog.text", "fields": {"classifier": null, "value": "Consider this table : 1 .", "created": "2013-12-26T21:46:17.344Z"}}, {"pk": 332, "model": "blog.text", "fields": {"classifier": null, "value": "Mrs. Benington admired Gordon's spirit and did what she could to persuade her husband that the boy might help the team .", "created": "2013-12-26T21:46:17.748Z"}}, {"pk": 333, "model": "blog.text", "fields": {"classifier": null, "value": "However , it seems axiomatic that the government has an obligation `` to exercise its mandate reasonably , equitably and with full regard for the disruptions which it inevitably causes '' .", "created": "2013-12-26T21:46:18.377Z"}}, {"pk": 334, "model": "blog.text", "fields": {"classifier": null, "value": "Hansen will be getting a late spring training start , which might very well set him back .", "created": "2013-12-26T21:46:18.968Z"}}, {"pk": 335, "model": "blog.text", "fields": {"classifier": null, "value": "-- The three leaders of Laos agreed today to begin negotiations tomorrow on forming a coalition government that would unite the war-ridden kingdom .", "created": "2013-12-26T21:46:19.371Z"}}, {"pk": 336, "model": "blog.text", "fields": {"classifier": null, "value": "If the administration ever had any ideas that it could find an acceptable alternative to Prince Souvanna Phouma , whom it felt was too trusting of Communists , it gradually had to relinquish them .", "created": "2013-12-26T21:46:19.682Z"}}, {"pk": 337, "model": "blog.text", "fields": {"classifier": null, "value": "The gallant half-city is dying on its feet '' .", "created": "2013-12-26T21:46:20.233Z"}}, {"pk": 1, "model": "auth.permission", "fields": {"codename": "add_logentry", "name": "Can add log entry", "content_type": 1}}, {"pk": 2, "model": "auth.permission", "fields": {"codename": "change_logentry", "name": "Can change log entry", "content_type": 1}}, {"pk": 3, "model": "auth.permission", "fields": {"codename": "delete_logentry", "name": "Can delete log entry", "content_type": 1}}, {"pk": 4, "model": "auth.permission", "fields": {"codename": "add_permission", "name": "Can add permission", "content_type": 2}}, {"pk": 5, "model": "auth.permission", "fields": {"codename": "change_permission", "name": "Can change permission", "content_type": 2}}, {"pk": 6, "model": "auth.permission", "fields": {"codename": "delete_permission", "name": "Can delete permission", "content_type": 2}}, {"pk": 7, "model": "auth.permission", "fields": {"codename": "add_group", "name": "Can add group", "content_type": 3}}, {"pk": 8, "model": "auth.permission", "fields": {"codename": "change_group", "name": "Can change group", "content_type": 3}}, {"pk": 9, "model": "auth.permission", "fields": {"codename": "delete_group", "name": "Can delete group", "content_type": 3}}, {"pk": 10, "model": "auth.permission", "fields": {"codename": "add_user", "name": "Can add user", "content_type": 4}}, {"pk": 11, "model": "auth.permission", "fields": {"codename": "change_user", "name": "Can change user", "content_type": 4}}, {"pk": 12, "model": "auth.permission", "fields": {"codename": "delete_user", "name": "Can delete user", "content_type": 4}}, {"pk": 13, "model": "auth.permission", "fields": {"codename": "add_contenttype", "name": "Can add content type", "content_type": 5}}, {"pk": 14, "model": "auth.permission", "fields": {"codename": "change_contenttype", "name": "Can change content type", "content_type": 5}}, {"pk": 15, "model": "auth.permission", "fields": {"codename": "delete_contenttype", "name": "Can delete content type", "content_type": 5}}, {"pk": 16, "model": "auth.permission", "fields": {"codename": "add_session", "name": "Can add session", "content_type": 6}}, {"pk": 17, "model": "auth.permission", "fields": {"codename": "change_session", "name": "Can change session", "content_type": 6}}, {"pk": 18, "model": "auth.permission", "fields": {"codename": "delete_session", "name": "Can delete session", "content_type": 6}}, {"pk": 19, "model": "auth.permission", "fields": {"codename": "add_token", "name": "Can add token", "content_type": 7}}, {"pk": 20, "model": "auth.permission", "fields": {"codename": "change_token", "name": "Can change token", "content_type": 7}}, {"pk": 21, "model": "auth.permission", "fields": {"codename": "delete_token", "name": "Can delete token", "content_type": 7}}, {"pk": 22, "model": "auth.permission", "fields": {"codename": "add_whitelist", "name": "Can add white list", "content_type": 8}}, {"pk": 23, "model": "auth.permission", "fields": {"codename": "change_whitelist", "name": "Can change white list", "content_type": 8}}, {"pk": 24, "model": "auth.permission", "fields": {"codename": "delete_whitelist", "name": "Can delete white list", "content_type": 8}}, {"pk": 25, "model": "auth.permission", "fields": {"codename": "add_blog", "name": "Can add blog", "content_type": 9}}, {"pk": 26, "model": "auth.permission", "fields": {"codename": "change_blog", "name": "Can change blog", "content_type": 9}}, {"pk": 27, "model": "auth.permission", "fields": {"codename": "delete_blog", "name": "Can delete blog", "content_type": 9}}, {"pk": 28, "model": "auth.permission", "fields": {"codename": "add_post", "name": "Can add post", "content_type": 10}}, {"pk": 29, "model": "auth.permission", "fields": {"codename": "change_post", "name": "Can change post", "content_type": 10}}, {"pk": 30, "model": "auth.permission", "fields": {"codename": "delete_post", "name": "Can delete post", "content_type": 10}}, {"pk": 31, "model": "auth.permission", "fields": {"codename": "add_sentenceset", "name": "Can add sentence set", "content_type": 11}}, {"pk": 32, "model": "auth.permission", "fields": {"codename": "change_sentenceset", "name": "Can change sentence set", "content_type": 11}}, {"pk": 33, "model": "auth.permission", "fields": {"codename": "delete_sentenceset", "name": "Can delete sentence set", "content_type": 11}}, {"pk": 34, "model": "auth.permission", "fields": {"codename": "add_sentence", "name": "Can add sentence", "content_type": 12}}, {"pk": 35, "model": "auth.permission", "fields": {"codename": "change_sentence", "name": "Can change sentence", "content_type": 12}}, {"pk": 36, "model": "auth.permission", "fields": {"codename": "delete_sentence", "name": "Can delete sentence", "content_type": 12}}, {"pk": 37, "model": "auth.permission", "fields": {"codename": "add_text", "name": "Can add text", "content_type": 13}}, {"pk": 38, "model": "auth.permission", "fields": {"codename": "change_text", "name": "Can change text", "content_type": 13}}, {"pk": 39, "model": "auth.permission", "fields": {"codename": "delete_text", "name": "Can delete text", "content_type": 13}}, {"pk": 1, "model": "auth.user", "fields": {"username": "eric", "first_name": "", "last_name": "", "is_active": true, "is_superuser": true, "is_staff": true, "last_login": "2013-12-26T21:39:33.726Z", "groups": [], "user_permissions": [], "password": "pbkdf2_sha256$12000$XUGfcgDfDnQt$H6EDc2JyM5dugJUoSCAAlNjOK+9Bp2N1cYmGbDuWapc=", "email": "", "date_joined": "2013-12-26T21:39:33.726Z"}}, {"pk": 2, "model": "auth.user", "fields": {"username": "alice", "first_name": "", "last_name": "", "is_active": true, "is_superuser": false, "is_staff": false, "last_login": "2013-12-26T21:43:16.508Z", "groups": [], "user_permissions": [], "password": "pbkdf2_sha256$12000$wepZyIk8ZoQA$5Iq9mrklFe1EPn3myUsWX9z22JReWsFP9u+hoCYL0BI=", "email": "", "date_joined": "2013-12-26T21:43:16.508Z"}}, {"pk": 3, "model": "auth.user", "fields": {"username": "bobby", "first_name": "", "last_name": "", "is_active": true, "is_superuser": false, "is_staff": false, "last_login": "2013-12-26T21:43:16.786Z", "groups": [], "user_permissions": [], "password": "pbkdf2_sha256$12000$FMIieuqfOEmL$dQerzs/QBnAcEEjtAbPSzDBQcwpByZOiR3fGoRuA/Ow=", "email": "", "date_joined": "2013-12-26T21:43:16.786Z"}}, {"pk": 1, "model": "blog.blog", "fields": {"description": "About law and stuff...", "title": "Jurisprudence", "creator": 2, "created": "2013-12-26T21:43:17.176Z", "number_children": 1, "is_restricted": true}}, {"pk": 2, "model": "blog.blog", "fields": {"description": "About stuff...", "title": "Law", "creator": 2, "created": "2013-12-26T21:43:17.355Z", "number_children": 2, "is_restricted": false}}, {"pk": 3, "model": "blog.blog", "fields": {"description": "Heh...", "title": "Equality Issues", "creator": 2, "created": "2013-12-26T21:43:17.545Z", "number_children": 1, "is_restricted": false}}, {"pk": 4, "model": "blog.blog", "fields": {"description": "No way!", "title": "Life", "creator": 2, "created": "2013-12-26T21:43:17.724Z", "number_children": 1, "is_restricted": false}}, {"pk": 5, "model": "blog.blog", "fields": {"description": "Deep thinking.", "title": "Philosophy", "creator": 2, "created": "2013-12-26T21:43:17.914Z", "number_children": 1, "is_restricted": false}}, {"pk": 6, "model": "blog.blog", "fields": {"description": "Incredible Discoveries", "title": "Science", "creator": 3, "created": "2013-12-26T21:43:18.092Z", "number_children": 1, "is_restricted": false}}, {"pk": 7, "model": "blog.blog", "fields": {"description": "Researchers come here!", "title": "Papers", "creator": 3, "created": "2013-12-26T21:43:18.249Z", "number_children": 1, "is_restricted": false}}, {"pk": 8, "model": "blog.blog", "fields": {"description": "Internets and Neurons", "title": "Networks", "creator": 3, "created": "2013-12-26T21:43:18.405Z", "number_children": 1, "is_restricted": false}}, {"pk": 9, "model": "blog.blog", "fields": {"description": "Math blog. What else.", "title": "Optimization Problems", "creator": 3, "created": "2013-12-26T21:43:18.573Z", "number_children": 1, "is_restricted": false}}, {"pk": 1, "model": "blog.post", "fields": {"author": 2, "created": "2013-12-26T21:43:18.760Z", "is_active": true, "modified": "2013-12-26T21:45:00.461Z", "blog": 1, "parent_id": 1, "number_children": 1, "title": "Brown Corpus", "parent_content_type": 9}}, {"pk": 2, "model": "blog.post", "fields": {"author": 2, "created": "2013-12-26T21:43:34.943Z", "is_active": true, "modified": "2013-12-26T21:45:13.640Z", "blog": 2, "parent_id": 2, "number_children": 1, "title": "Legal Obligations?", "parent_content_type": 9}}, {"pk": 3, "model": "blog.post", "fields": {"author": 2, "created": "2013-12-26T21:43:47.662Z", "is_active": true, "modified": "2013-12-26T21:43:47.662Z", "blog": 2, "parent_id": 2, "number_children": 0, "title": "Standards on Law", "parent_content_type": 9}}, {"pk": 4, "model": "blog.post", "fields": {"author": 2, "created": "2013-12-26T21:44:02.845Z", "is_active": true, "modified": "2013-12-26T21:44:02.845Z", "blog": 3, "parent_id": 3, "number_children": 0, "title": "Some post", "parent_content_type": 9}}, {"pk": 5, "model": "blog.post", "fields": {"author": 2, "created": "2013-12-26T21:44:08.132Z", "is_active": true, "modified": "2013-12-26T21:44:08.132Z", "blog": 4, "parent_id": 4, "number_children": 0, "title": "Descartes", "parent_content_type": 9}}, {"pk": 6, "model": "blog.post", "fields": {"author": 2, "created": "2013-12-26T21:44:15.329Z", "is_active": true, "modified": "2013-12-26T21:44:15.329Z", "blog": 5, "parent_id": 5, "number_children": 0, "title": "An examination of Kant", "parent_content_type": 9}}, {"pk": 7, "model": "blog.post", "fields": {"author": 3, "created": "2013-12-26T21:44:27.647Z", "is_active": true, "modified": "2013-12-26T21:44:27.647Z", "blog": 6, "parent_id": 6, "number_children": 0, "title": "A discovery", "parent_content_type": 9}}, {"pk": 8, "model": "blog.post", "fields": {"author": 3, "created": "2013-12-26T21:44:29.286Z", "is_active": true, "modified": "2013-12-26T21:44:29.286Z", "blog": 7, "parent_id": 7, "number_children": 0, "title": "RCC Architecture", "parent_content_type": 9}}, {"pk": 9, "model": "blog.post", "fields": {"author": 3, "created": "2013-12-26T21:44:33.804Z", "is_active": true, "modified": "2013-12-26T21:44:33.804Z", "blog": 8, "parent_id": 8, "number_children": 0, "title": "Internet slow", "parent_content_type": 9}}, {"pk": 10, "model": "blog.post", "fields": {"author": 3, "created": "2013-12-26T21:44:47.553Z", "is_active": true, "modified": "2013-12-26T21:44:47.554Z", "blog": 9, "parent_id": 9, "number_children": 0, "title": "Algorithms for robots", "parent_content_type": 9}}, {"pk": 11, "model": "blog.post", "fields": {"author": 3, "created": "2013-12-26T21:45:00.273Z", "is_active": true, "modified": "2013-12-26T21:45:20.000Z", "blog": 1, "parent_id": 1, "number_children": 1, "title": "Interesting words", "parent_content_type": 10}}, {"pk": 12, "model": "blog.post", "fields": {"author": 3, "created": "2013-12-26T21:45:13.430Z", "is_active": true, "modified": "2013-12-26T21:45:29.181Z", "blog": 2, "parent_id": 2, "number_children": 1, "title": "Incredible post", "parent_content_type": 10}}, {"pk": 13, "model": "blog.post", "fields": {"author": 2, "created": "2013-12-26T21:45:19.823Z", "is_active": true, "modified": "2013-12-26T21:45:19.824Z", "blog": 1, "parent_id": 11, "number_children": 0, "title": "Thank you", "parent_content_type": 10}}, {"pk": 14, "model": "blog.post", "fields": {"author": 2, "created": "2013-12-26T21:45:28.984Z", "is_active": true, "modified": "2013-12-26T21:45:28.984Z", "blog": 2, "parent_id": 12, "number_children": 0, "title": "Thank you again...", "parent_content_type": 10}}, {"pk": 15, "model": "blog.post", "fields": {"author": 2, "created": "2013-12-26T21:45:42.809Z", "is_active": true, "modified": "2013-12-26T21:45:42.810Z", "blog": 1, "parent_id": 1, "number_children": 0, "title": "Some Post", "parent_content_type": 12}}, {"pk": 16, "model": "blog.post", "fields": {"author": 3, "created": "2013-12-26T21:45:57.444Z", "is_active": true, "modified": "2013-12-26T21:45:57.444Z", "blog": 1, "parent_id": 2, "number_children": 0, "title": "Yeah", "parent_content_type": 12}}, {"pk": 17, "model": "blog.post", "fields": {"author": 3, "created": "2013-12-26T21:46:02.347Z", "is_active": true, "modified": "2013-12-26T21:46:02.347Z", "blog": 1, "parent_id": 3, "number_children": 0, "title": "ASDF", "parent_content_type": 12}}, {"pk": 18, "model": "blog.post", "fields": {"author": 3, "created": "2013-12-26T21:46:08.009Z", "is_active": true, "modified": "2013-12-26T21:46:08.009Z", "blog": 1, "parent_id": 16, "number_children": 0, "title": "Woot", "parent_content_type": 12}}]