[{"pk": 1, "model": "contenttypes.contenttype", "fields": {"model": "logentry", "name": "log entry", "app_label": "admin"}}, {"pk": 2, "model": "contenttypes.contenttype", "fields": {"model": "permission", "name": "permission", "app_label": "auth"}}, {"pk": 3, "model": "contenttypes.contenttype", "fields": {"model": "group", "name": "group", "app_label": "auth"}}, {"pk": 4, "model": "contenttypes.contenttype", "fields": {"model": "user", "name": "user", "app_label": "auth"}}, {"pk": 5, "model": "contenttypes.contenttype", "fields": {"model": "contenttype", "name": "content type", "app_label": "contenttypes"}}, {"pk": 6, "model": "contenttypes.contenttype", "fields": {"model": "session", "name": "session", "app_label": "sessions"}}, {"pk": 7, "model": "contenttypes.contenttype", "fields": {"model": "token", "name": "token", "app_label": "authtoken"}}, {"pk": 8, "model": "contenttypes.contenttype", "fields": {"model": "whitelist", "name": "white list", "app_label": "blog"}}, {"pk": 9, "model": "contenttypes.contenttype", "fields": {"model": "blog", "name": "blog", "app_label": "blog"}}, {"pk": 10, "model": "contenttypes.contenttype", "fields": {"model": "post", "name": "post", "app_label": "blog"}}, {"pk": 11, "model": "contenttypes.contenttype", "fields": {"model": "sentenceset", "name": "sentence set", "app_label": "blog"}}, {"pk": 12, "model": "contenttypes.contenttype", "fields": {"model": "sentence", "name": "sentence", "app_label": "blog"}}, {"pk": 13, "model": "contenttypes.contenttype", "fields": {"model": "text", "name": "text", "app_label": "blog"}}, {"pk": 1, "model": "blog.sentenceset", "fields": {"parent": 1, "created": "2013-12-22T17:39:59.253Z"}}, {"pk": 2, "model": "blog.sentenceset", "fields": {"parent": 2, "created": "2013-12-22T17:40:03.694Z"}}, {"pk": 3, "model": "blog.sentenceset", "fields": {"parent": 3, "created": "2013-12-22T17:40:07.600Z"}}, {"pk": 4, "model": "blog.sentenceset", "fields": {"parent": 4, "created": "2013-12-22T17:40:07.601Z"}}, {"pk": 5, "model": "blog.sentenceset", "fields": {"parent": 5, "created": "2013-12-22T17:40:11.752Z"}}, {"pk": 6, "model": "blog.sentenceset", "fields": {"parent": 6, "created": "2013-12-22T17:40:16.295Z"}}, {"pk": 7, "model": "blog.sentenceset", "fields": {"parent": 7, "created": "2013-12-22T17:40:18.804Z"}}, {"pk": 8, "model": "blog.sentenceset", "fields": {"parent": 8, "created": "2013-12-22T17:40:21.549Z"}}, {"pk": 9, "model": "blog.sentenceset", "fields": {"parent": 9, "created": "2013-12-22T17:40:23.899Z"}}, {"pk": 10, "model": "blog.sentenceset", "fields": {"parent": 10, "created": "2013-12-22T17:40:26.926Z"}}, {"pk": 11, "model": "blog.sentenceset", "fields": {"parent": 11, "created": "2013-12-22T17:40:31.017Z"}}, {"pk": 12, "model": "blog.sentenceset", "fields": {"parent": 12, "created": "2013-12-22T17:40:31.411Z"}}, {"pk": 13, "model": "blog.sentenceset", "fields": {"parent": 13, "created": "2013-12-22T17:40:33.564Z"}}, {"pk": 14, "model": "blog.sentenceset", "fields": {"parent": 14, "created": "2013-12-22T17:40:36.568Z"}}, {"pk": 1, "model": "blog.sentence", "fields": {"previous_version": null, "sentence_set": 1, "ordering": 1.0, "text": 1, "paragraph": 1, "mode": "t"}}, {"pk": 2, "model": "blog.sentence", "fields": {"previous_version": null, "sentence_set": 1, "ordering": 2.0, "text": 2, "paragraph": 1, "mode": "t"}}, {"pk": 3, "model": "blog.sentence", "fields": {"previous_version": null, "sentence_set": 1, "ordering": 3.0, "text": 3, "paragraph": 1, "mode": "t"}}, {"pk": 4, "model": "blog.sentence", "fields": {"previous_version": null, "sentence_set": 1, "ordering": 4.0, "text": 4, "paragraph": 1, "mode": "t"}}, {"pk": 5, "model": "blog.sentence", "fields": {"previous_version": null, "sentence_set": 1, "ordering": 5.0, "text": 5, "paragraph": 1, "mode": "t"}}, {"pk": 6, "model": "blog.sentence", "fields": {"previous_version": null, "sentence_set": 1, "ordering": 6.0, "text": 6, "paragraph": 1, "mode": "t"}}, {"pk": 7, "model": "blog.sentence", "fields": {"previous_version": null, "sentence_set": 1, "ordering": 7.0, "text": 7, "paragraph": 1, "mode": "t"}}, {"pk": 8, "model": "blog.sentence", "fields": {"previous_version": null, "sentence_set": 1, "ordering": 8.0, "text": 8, "paragraph": 1, "mode": "t"}}, {"pk": 9, "model": "blog.sentence", "fields": {"previous_version": null, "sentence_set": 1, "ordering": 9.0, "text": 9, "paragraph": 1, "mode": "t"}}, {"pk": 10, "model": "blog.sentence", "fields": {"previous_version": null, "sentence_set": 1, "ordering": 10.0, "text": 10, "paragraph": 1, "mode": "t"}}, {"pk": 11, "model": "blog.sentence", "fields": {"previous_version": null, "sentence_set": 1, "ordering": 11.0, "text": 11, "paragraph": 1, "mode": "t"}}, {"pk": 12, "model": "blog.sentence", "fields": {"previous_version": null, "sentence_set": 1, "ordering": 12.0, "text": 12, "paragraph": 1, "mode": "t"}}, {"pk": 13, "model": "blog.sentence", "fields": {"previous_version": null, "sentence_set": 1, "ordering": 13.0, "text": 13, "paragraph": 1, "mode": "t"}}, {"pk": 14, "model": "blog.sentence", "fields": {"previous_version": null, "sentence_set": 1, "ordering": 14.0, "text": 14, "paragraph": 1, "mode": "t"}}, {"pk": 15, "model": "blog.sentence", "fields": {"previous_version": null, "sentence_set": 1, "ordering": 15.0, "text": 15, "paragraph": 1, "mode": "t"}}, {"pk": 16, "model": "blog.sentence", "fields": {"previous_version": null, "sentence_set": 1, "ordering": 16.0, "text": 16, "paragraph": 2, "mode": "t"}}, {"pk": 17, "model": "blog.sentence", "fields": {"previous_version": null, "sentence_set": 1, "ordering": 17.0, "text": 17, "paragraph": 2, "mode": "t"}}, {"pk": 18, "model": "blog.sentence", "fields": {"previous_version": null, "sentence_set": 1, "ordering": 18.0, "text": 18, "paragraph": 2, "mode": "t"}}, {"pk": 19, "model": "blog.sentence", "fields": {"previous_version": null, "sentence_set": 1, "ordering": 19.0, "text": 19, "paragraph": 2, "mode": "t"}}, {"pk": 20, "model": "blog.sentence", "fields": {"previous_version": null, "sentence_set": 1, "ordering": 20.0, "text": 20, "paragraph": 2, "mode": "t"}}, {"pk": 21, "model": "blog.sentence", "fields": {"previous_version": null, "sentence_set": 1, "ordering": 21.0, "text": 21, "paragraph": 2, "mode": "t"}}, {"pk": 22, "model": "blog.sentence", "fields": {"previous_version": null, "sentence_set": 1, "ordering": 22.0, "text": 22, "paragraph": 2, "mode": "t"}}, {"pk": 23, "model": "blog.sentence", "fields": {"previous_version": null, "sentence_set": 1, "ordering": 23.0, "text": 23, "paragraph": 2, "mode": "t"}}, {"pk": 24, "model": "blog.sentence", "fields": {"previous_version": null, "sentence_set": 1, "ordering": 24.0, "text": 24, "paragraph": 2, "mode": "t"}}, {"pk": 25, "model": "blog.sentence", "fields": {"previous_version": null, "sentence_set": 1, "ordering": 25.0, "text": 25, "paragraph": 2, "mode": "t"}}, {"pk": 26, "model": "blog.sentence", "fields": {"previous_version": null, "sentence_set": 1, "ordering": 26.0, "text": 26, "paragraph": 2, "mode": "t"}}, {"pk": 27, "model": "blog.sentence", "fields": {"previous_version": null, "sentence_set": 2, "ordering": 1.0, "text": 27, "paragraph": 1, "mode": "t"}}, {"pk": 28, "model": "blog.sentence", "fields": {"previous_version": null, "sentence_set": 2, "ordering": 2.0, "text": 28, "paragraph": 1, "mode": "t"}}, {"pk": 29, "model": "blog.sentence", "fields": {"previous_version": null, "sentence_set": 2, "ordering": 3.0, "text": 29, "paragraph": 1, "mode": "t"}}, {"pk": 30, "model": "blog.sentence", "fields": {"previous_version": null, "sentence_set": 2, "ordering": 4.0, "text": 30, "paragraph": 1, "mode": "t"}}, {"pk": 31, "model": "blog.sentence", "fields": {"previous_version": null, "sentence_set": 2, "ordering": 5.0, "text": 31, "paragraph": 1, "mode": "t"}}, {"pk": 32, "model": "blog.sentence", "fields": {"previous_version": null, "sentence_set": 2, "ordering": 6.0, "text": 32, "paragraph": 1, "mode": "t"}}, {"pk": 33, "model": "blog.sentence", "fields": {"previous_version": null, "sentence_set": 2, "ordering": 7.0, "text": 33, "paragraph": 1, "mode": "t"}}, {"pk": 34, "model": "blog.sentence", "fields": {"previous_version": null, "sentence_set": 2, "ordering": 8.0, "text": 34, "paragraph": 1, "mode": "t"}}, {"pk": 35, "model": "blog.sentence", "fields": {"previous_version": null, "sentence_set": 2, "ordering": 9.0, "text": 35, "paragraph": 1, "mode": "t"}}, {"pk": 36, "model": "blog.sentence", "fields": {"previous_version": null, "sentence_set": 2, "ordering": 10.0, "text": 36, "paragraph": 2, "mode": "t"}}, {"pk": 37, "model": "blog.sentence", "fields": {"previous_version": null, "sentence_set": 2, "ordering": 11.0, "text": 37, "paragraph": 2, "mode": "t"}}, {"pk": 38, "model": "blog.sentence", "fields": {"previous_version": null, "sentence_set": 2, "ordering": 12.0, "text": 38, "paragraph": 2, "mode": "t"}}, {"pk": 39, "model": "blog.sentence", "fields": {"previous_version": null, "sentence_set": 2, "ordering": 13.0, "text": 39, "paragraph": 2, "mode": "t"}}, {"pk": 40, "model": "blog.sentence", "fields": {"previous_version": null, "sentence_set": 2, "ordering": 14.0, "text": 40, "paragraph": 2, "mode": "t"}}, {"pk": 41, "model": "blog.sentence", "fields": {"previous_version": null, "sentence_set": 2, "ordering": 15.0, "text": 41, "paragraph": 2, "mode": "t"}}, {"pk": 42, "model": "blog.sentence", "fields": {"previous_version": null, "sentence_set": 2, "ordering": 16.0, "text": 42, "paragraph": 2, "mode": "t"}}, {"pk": 43, "model": "blog.sentence", "fields": {"previous_version": null, "sentence_set": 2, "ordering": 17.0, "text": 43, "paragraph": 2, "mode": "t"}}, {"pk": 44, "model": "blog.sentence", "fields": {"previous_version": null, "sentence_set": 2, "ordering": 18.0, "text": 44, "paragraph": 2, "mode": "t"}}, {"pk": 45, "model": "blog.sentence", "fields": {"previous_version": null, "sentence_set": 4, "ordering": 1.0, "text": 45, "paragraph": 1, "mode": "t"}}, {"pk": 46, "model": "blog.sentence", "fields": {"previous_version": null, "sentence_set": 4, "ordering": 2.0, "text": 46, "paragraph": 1, "mode": "t"}}, {"pk": 47, "model": "blog.sentence", "fields": {"previous_version": null, "sentence_set": 4, "ordering": 3.0, "text": 47, "paragraph": 1, "mode": "t"}}, {"pk": 48, "model": "blog.sentence", "fields": {"previous_version": null, "sentence_set": 4, "ordering": 4.0, "text": 48, "paragraph": 1, "mode": "t"}}, {"pk": 49, "model": "blog.sentence", "fields": {"previous_version": null, "sentence_set": 4, "ordering": 5.0, "text": 49, "paragraph": 1, "mode": "t"}}, {"pk": 50, "model": "blog.sentence", "fields": {"previous_version": null, "sentence_set": 4, "ordering": 6.0, "text": 50, "paragraph": 1, "mode": "t"}}, {"pk": 51, "model": "blog.sentence", "fields": {"previous_version": null, "sentence_set": 4, "ordering": 7.0, "text": 51, "paragraph": 1, "mode": "t"}}, {"pk": 52, "model": "blog.sentence", "fields": {"previous_version": null, "sentence_set": 4, "ordering": 8.0, "text": 52, "paragraph": 1, "mode": "t"}}, {"pk": 53, "model": "blog.sentence", "fields": {"previous_version": null, "sentence_set": 4, "ordering": 9.0, "text": 53, "paragraph": 1, "mode": "t"}}, {"pk": 54, "model": "blog.sentence", "fields": {"previous_version": null, "sentence_set": 4, "ordering": 10.0, "text": 54, "paragraph": 1, "mode": "t"}}, {"pk": 55, "model": "blog.sentence", "fields": {"previous_version": null, "sentence_set": 4, "ordering": 11.0, "text": 55, "paragraph": 1, "mode": "t"}}, {"pk": 56, "model": "blog.sentence", "fields": {"previous_version": null, "sentence_set": 4, "ordering": 12.0, "text": 56, "paragraph": 1, "mode": "t"}}, {"pk": 57, "model": "blog.sentence", "fields": {"previous_version": null, "sentence_set": 4, "ordering": 13.0, "text": 57, "paragraph": 1, "mode": "t"}}, {"pk": 58, "model": "blog.sentence", "fields": {"previous_version": null, "sentence_set": 4, "ordering": 14.0, "text": 58, "paragraph": 2, "mode": "t"}}, {"pk": 59, "model": "blog.sentence", "fields": {"previous_version": null, "sentence_set": 4, "ordering": 15.0, "text": 59, "paragraph": 2, "mode": "t"}}, {"pk": 60, "model": "blog.sentence", "fields": {"previous_version": null, "sentence_set": 4, "ordering": 16.0, "text": 60, "paragraph": 2, "mode": "t"}}, {"pk": 61, "model": "blog.sentence", "fields": {"previous_version": null, "sentence_set": 4, "ordering": 17.0, "text": 61, "paragraph": 2, "mode": "t"}}, {"pk": 62, "model": "blog.sentence", "fields": {"previous_version": null, "sentence_set": 4, "ordering": 18.0, "text": 62, "paragraph": 2, "mode": "t"}}, {"pk": 63, "model": "blog.sentence", "fields": {"previous_version": null, "sentence_set": 4, "ordering": 19.0, "text": 63, "paragraph": 2, "mode": "t"}}, {"pk": 64, "model": "blog.sentence", "fields": {"previous_version": null, "sentence_set": 4, "ordering": 20.0, "text": 64, "paragraph": 2, "mode": "t"}}, {"pk": 65, "model": "blog.sentence", "fields": {"previous_version": null, "sentence_set": 4, "ordering": 21.0, "text": 65, "paragraph": 2, "mode": "t"}}, {"pk": 66, "model": "blog.sentence", "fields": {"previous_version": null, "sentence_set": 4, "ordering": 22.0, "text": 66, "paragraph": 2, "mode": "t"}}, {"pk": 67, "model": "blog.sentence", "fields": {"previous_version": null, "sentence_set": 4, "ordering": 23.0, "text": 67, "paragraph": 2, "mode": "t"}}, {"pk": 68, "model": "blog.sentence", "fields": {"previous_version": null, "sentence_set": 4, "ordering": 24.0, "text": 68, "paragraph": 2, "mode": "t"}}, {"pk": 69, "model": "blog.sentence", "fields": {"previous_version": null, "sentence_set": 4, "ordering": 25.0, "text": 69, "paragraph": 2, "mode": "t"}}, {"pk": 70, "model": "blog.sentence", "fields": {"previous_version": null, "sentence_set": 5, "ordering": 1.0, "text": 70, "paragraph": 1, "mode": "t"}}, {"pk": 71, "model": "blog.sentence", "fields": {"previous_version": null, "sentence_set": 5, "ordering": 2.0, "text": 71, "paragraph": 1, "mode": "t"}}, {"pk": 72, "model": "blog.sentence", "fields": {"previous_version": null, "sentence_set": 5, "ordering": 3.0, "text": 72, "paragraph": 1, "mode": "t"}}, {"pk": 73, "model": "blog.sentence", "fields": {"previous_version": null, "sentence_set": 5, "ordering": 4.0, "text": 73, "paragraph": 1, "mode": "t"}}, {"pk": 74, "model": "blog.sentence", "fields": {"previous_version": null, "sentence_set": 5, "ordering": 5.0, "text": 74, "paragraph": 1, "mode": "t"}}, {"pk": 75, "model": "blog.sentence", "fields": {"previous_version": null, "sentence_set": 5, "ordering": 6.0, "text": 75, "paragraph": 1, "mode": "t"}}, {"pk": 76, "model": "blog.sentence", "fields": {"previous_version": null, "sentence_set": 5, "ordering": 7.0, "text": 76, "paragraph": 1, "mode": "t"}}, {"pk": 77, "model": "blog.sentence", "fields": {"previous_version": null, "sentence_set": 5, "ordering": 8.0, "text": 77, "paragraph": 1, "mode": "t"}}, {"pk": 78, "model": "blog.sentence", "fields": {"previous_version": null, "sentence_set": 5, "ordering": 9.0, "text": 78, "paragraph": 1, "mode": "t"}}, {"pk": 79, "model": "blog.sentence", "fields": {"previous_version": null, "sentence_set": 5, "ordering": 10.0, "text": 79, "paragraph": 1, "mode": "t"}}, {"pk": 80, "model": "blog.sentence", "fields": {"previous_version": null, "sentence_set": 5, "ordering": 11.0, "text": 80, "paragraph": 1, "mode": "t"}}, {"pk": 81, "model": "blog.sentence", "fields": {"previous_version": null, "sentence_set": 5, "ordering": 12.0, "text": 81, "paragraph": 1, "mode": "t"}}, {"pk": 82, "model": "blog.sentence", "fields": {"previous_version": null, "sentence_set": 5, "ordering": 13.0, "text": 82, "paragraph": 1, "mode": "t"}}, {"pk": 83, "model": "blog.sentence", "fields": {"previous_version": null, "sentence_set": 5, "ordering": 14.0, "text": 83, "paragraph": 1, "mode": "t"}}, {"pk": 84, "model": "blog.sentence", "fields": {"previous_version": null, "sentence_set": 5, "ordering": 15.0, "text": 84, "paragraph": 1, "mode": "t"}}, {"pk": 85, "model": "blog.sentence", "fields": {"previous_version": null, "sentence_set": 5, "ordering": 16.0, "text": 85, "paragraph": 2, "mode": "t"}}, {"pk": 86, "model": "blog.sentence", "fields": {"previous_version": null, "sentence_set": 5, "ordering": 17.0, "text": 86, "paragraph": 2, "mode": "t"}}, {"pk": 87, "model": "blog.sentence", "fields": {"previous_version": null, "sentence_set": 5, "ordering": 18.0, "text": 87, "paragraph": 2, "mode": "t"}}, {"pk": 88, "model": "blog.sentence", "fields": {"previous_version": null, "sentence_set": 5, "ordering": 19.0, "text": 88, "paragraph": 2, "mode": "t"}}, {"pk": 89, "model": "blog.sentence", "fields": {"previous_version": null, "sentence_set": 5, "ordering": 20.0, "text": 89, "paragraph": 2, "mode": "t"}}, {"pk": 90, "model": "blog.sentence", "fields": {"previous_version": null, "sentence_set": 5, "ordering": 21.0, "text": 90, "paragraph": 2, "mode": "t"}}, {"pk": 91, "model": "blog.sentence", "fields": {"previous_version": null, "sentence_set": 5, "ordering": 22.0, "text": 91, "paragraph": 2, "mode": "t"}}, {"pk": 92, "model": "blog.sentence", "fields": {"previous_version": null, "sentence_set": 5, "ordering": 23.0, "text": 92, "paragraph": 2, "mode": "t"}}, {"pk": 93, "model": "blog.sentence", "fields": {"previous_version": null, "sentence_set": 5, "ordering": 24.0, "text": 93, "paragraph": 2, "mode": "t"}}, {"pk": 94, "model": "blog.sentence", "fields": {"previous_version": null, "sentence_set": 5, "ordering": 25.0, "text": 94, "paragraph": 2, "mode": "t"}}, {"pk": 95, "model": "blog.sentence", "fields": {"previous_version": null, "sentence_set": 5, "ordering": 26.0, "text": 95, "paragraph": 2, "mode": "t"}}, {"pk": 96, "model": "blog.sentence", "fields": {"previous_version": null, "sentence_set": 5, "ordering": 27.0, "text": 96, "paragraph": 2, "mode": "t"}}, {"pk": 97, "model": "blog.sentence", "fields": {"previous_version": null, "sentence_set": 6, "ordering": 1.0, "text": 97, "paragraph": 1, "mode": "t"}}, {"pk": 98, "model": "blog.sentence", "fields": {"previous_version": null, "sentence_set": 6, "ordering": 2.0, "text": 98, "paragraph": 1, "mode": "t"}}, {"pk": 99, "model": "blog.sentence", "fields": {"previous_version": null, "sentence_set": 6, "ordering": 3.0, "text": 99, "paragraph": 1, "mode": "t"}}, {"pk": 100, "model": "blog.sentence", "fields": {"previous_version": null, "sentence_set": 6, "ordering": 4.0, "text": 100, "paragraph": 1, "mode": "t"}}, {"pk": 101, "model": "blog.sentence", "fields": {"previous_version": null, "sentence_set": 6, "ordering": 5.0, "text": 101, "paragraph": 1, "mode": "t"}}, {"pk": 102, "model": "blog.sentence", "fields": {"previous_version": null, "sentence_set": 6, "ordering": 6.0, "text": 102, "paragraph": 1, "mode": "t"}}, {"pk": 103, "model": "blog.sentence", "fields": {"previous_version": null, "sentence_set": 6, "ordering": 7.0, "text": 103, "paragraph": 1, "mode": "t"}}, {"pk": 104, "model": "blog.sentence", "fields": {"previous_version": null, "sentence_set": 6, "ordering": 8.0, "text": 104, "paragraph": 2, "mode": "t"}}, {"pk": 105, "model": "blog.sentence", "fields": {"previous_version": null, "sentence_set": 6, "ordering": 9.0, "text": 105, "paragraph": 2, "mode": "t"}}, {"pk": 106, "model": "blog.sentence", "fields": {"previous_version": null, "sentence_set": 6, "ordering": 10.0, "text": 106, "paragraph": 2, "mode": "t"}}, {"pk": 107, "model": "blog.sentence", "fields": {"previous_version": null, "sentence_set": 6, "ordering": 11.0, "text": 107, "paragraph": 2, "mode": "t"}}, {"pk": 108, "model": "blog.sentence", "fields": {"previous_version": null, "sentence_set": 6, "ordering": 12.0, "text": 108, "paragraph": 2, "mode": "t"}}, {"pk": 109, "model": "blog.sentence", "fields": {"previous_version": null, "sentence_set": 7, "ordering": 1.0, "text": 109, "paragraph": 1, "mode": "t"}}, {"pk": 110, "model": "blog.sentence", "fields": {"previous_version": null, "sentence_set": 7, "ordering": 2.0, "text": 110, "paragraph": 1, "mode": "t"}}, {"pk": 111, "model": "blog.sentence", "fields": {"previous_version": null, "sentence_set": 7, "ordering": 3.0, "text": 111, "paragraph": 1, "mode": "t"}}, {"pk": 112, "model": "blog.sentence", "fields": {"previous_version": null, "sentence_set": 7, "ordering": 4.0, "text": 112, "paragraph": 1, "mode": "t"}}, {"pk": 113, "model": "blog.sentence", "fields": {"previous_version": null, "sentence_set": 7, "ordering": 5.0, "text": 113, "paragraph": 1, "mode": "t"}}, {"pk": 114, "model": "blog.sentence", "fields": {"previous_version": null, "sentence_set": 7, "ordering": 6.0, "text": 114, "paragraph": 1, "mode": "t"}}, {"pk": 115, "model": "blog.sentence", "fields": {"previous_version": null, "sentence_set": 7, "ordering": 7.0, "text": 115, "paragraph": 2, "mode": "t"}}, {"pk": 116, "model": "blog.sentence", "fields": {"previous_version": null, "sentence_set": 7, "ordering": 8.0, "text": 116, "paragraph": 2, "mode": "t"}}, {"pk": 117, "model": "blog.sentence", "fields": {"previous_version": null, "sentence_set": 7, "ordering": 9.0, "text": 117, "paragraph": 2, "mode": "t"}}, {"pk": 118, "model": "blog.sentence", "fields": {"previous_version": null, "sentence_set": 7, "ordering": 10.0, "text": 118, "paragraph": 2, "mode": "t"}}, {"pk": 119, "model": "blog.sentence", "fields": {"previous_version": null, "sentence_set": 7, "ordering": 11.0, "text": 119, "paragraph": 2, "mode": "t"}}, {"pk": 120, "model": "blog.sentence", "fields": {"previous_version": null, "sentence_set": 7, "ordering": 12.0, "text": 120, "paragraph": 2, "mode": "t"}}, {"pk": 121, "model": "blog.sentence", "fields": {"previous_version": null, "sentence_set": 8, "ordering": 1.0, "text": 121, "paragraph": 1, "mode": "t"}}, {"pk": 122, "model": "blog.sentence", "fields": {"previous_version": null, "sentence_set": 8, "ordering": 2.0, "text": 122, "paragraph": 1, "mode": "t"}}, {"pk": 123, "model": "blog.sentence", "fields": {"previous_version": null, "sentence_set": 8, "ordering": 3.0, "text": 123, "paragraph": 1, "mode": "t"}}, {"pk": 124, "model": "blog.sentence", "fields": {"previous_version": null, "sentence_set": 8, "ordering": 4.0, "text": 124, "paragraph": 1, "mode": "t"}}, {"pk": 125, "model": "blog.sentence", "fields": {"previous_version": null, "sentence_set": 8, "ordering": 5.0, "text": 125, "paragraph": 1, "mode": "t"}}, {"pk": 126, "model": "blog.sentence", "fields": {"previous_version": null, "sentence_set": 8, "ordering": 6.0, "text": 126, "paragraph": 1, "mode": "t"}}, {"pk": 127, "model": "blog.sentence", "fields": {"previous_version": null, "sentence_set": 8, "ordering": 7.0, "text": 127, "paragraph": 1, "mode": "t"}}, {"pk": 128, "model": "blog.sentence", "fields": {"previous_version": null, "sentence_set": 8, "ordering": 8.0, "text": 128, "paragraph": 1, "mode": "t"}}, {"pk": 129, "model": "blog.sentence", "fields": {"previous_version": null, "sentence_set": 8, "ordering": 9.0, "text": 129, "paragraph": 2, "mode": "t"}}, {"pk": 130, "model": "blog.sentence", "fields": {"previous_version": null, "sentence_set": 8, "ordering": 10.0, "text": 130, "paragraph": 2, "mode": "t"}}, {"pk": 131, "model": "blog.sentence", "fields": {"previous_version": null, "sentence_set": 8, "ordering": 11.0, "text": 131, "paragraph": 2, "mode": "t"}}, {"pk": 132, "model": "blog.sentence", "fields": {"previous_version": null, "sentence_set": 8, "ordering": 12.0, "text": 132, "paragraph": 2, "mode": "t"}}, {"pk": 133, "model": "blog.sentence", "fields": {"previous_version": null, "sentence_set": 8, "ordering": 13.0, "text": 133, "paragraph": 2, "mode": "t"}}, {"pk": 134, "model": "blog.sentence", "fields": {"previous_version": null, "sentence_set": 9, "ordering": 1.0, "text": 134, "paragraph": 1, "mode": "t"}}, {"pk": 135, "model": "blog.sentence", "fields": {"previous_version": null, "sentence_set": 9, "ordering": 2.0, "text": 135, "paragraph": 1, "mode": "t"}}, {"pk": 136, "model": "blog.sentence", "fields": {"previous_version": null, "sentence_set": 9, "ordering": 3.0, "text": 136, "paragraph": 1, "mode": "t"}}, {"pk": 137, "model": "blog.sentence", "fields": {"previous_version": null, "sentence_set": 9, "ordering": 4.0, "text": 137, "paragraph": 1, "mode": "t"}}, {"pk": 138, "model": "blog.sentence", "fields": {"previous_version": null, "sentence_set": 9, "ordering": 5.0, "text": 138, "paragraph": 1, "mode": "t"}}, {"pk": 139, "model": "blog.sentence", "fields": {"previous_version": null, "sentence_set": 9, "ordering": 6.0, "text": 139, "paragraph": 1, "mode": "t"}}, {"pk": 140, "model": "blog.sentence", "fields": {"previous_version": null, "sentence_set": 9, "ordering": 7.0, "text": 140, "paragraph": 1, "mode": "t"}}, {"pk": 141, "model": "blog.sentence", "fields": {"previous_version": null, "sentence_set": 9, "ordering": 8.0, "text": 141, "paragraph": 1, "mode": "t"}}, {"pk": 142, "model": "blog.sentence", "fields": {"previous_version": null, "sentence_set": 9, "ordering": 9.0, "text": 142, "paragraph": 1, "mode": "t"}}, {"pk": 143, "model": "blog.sentence", "fields": {"previous_version": null, "sentence_set": 9, "ordering": 10.0, "text": 143, "paragraph": 1, "mode": "t"}}, {"pk": 144, "model": "blog.sentence", "fields": {"previous_version": null, "sentence_set": 9, "ordering": 11.0, "text": 144, "paragraph": 1, "mode": "t"}}, {"pk": 145, "model": "blog.sentence", "fields": {"previous_version": null, "sentence_set": 9, "ordering": 12.0, "text": 145, "paragraph": 2, "mode": "t"}}, {"pk": 146, "model": "blog.sentence", "fields": {"previous_version": null, "sentence_set": 9, "ordering": 13.0, "text": 146, "paragraph": 2, "mode": "t"}}, {"pk": 147, "model": "blog.sentence", "fields": {"previous_version": null, "sentence_set": 9, "ordering": 14.0, "text": 147, "paragraph": 2, "mode": "t"}}, {"pk": 148, "model": "blog.sentence", "fields": {"previous_version": null, "sentence_set": 9, "ordering": 15.0, "text": 148, "paragraph": 2, "mode": "t"}}, {"pk": 149, "model": "blog.sentence", "fields": {"previous_version": null, "sentence_set": 9, "ordering": 16.0, "text": 149, "paragraph": 2, "mode": "t"}}, {"pk": 150, "model": "blog.sentence", "fields": {"previous_version": null, "sentence_set": 9, "ordering": 17.0, "text": 150, "paragraph": 2, "mode": "t"}}, {"pk": 151, "model": "blog.sentence", "fields": {"previous_version": null, "sentence_set": 9, "ordering": 18.0, "text": 151, "paragraph": 2, "mode": "t"}}, {"pk": 152, "model": "blog.sentence", "fields": {"previous_version": null, "sentence_set": 10, "ordering": 1.0, "text": 152, "paragraph": 1, "mode": "t"}}, {"pk": 153, "model": "blog.sentence", "fields": {"previous_version": null, "sentence_set": 10, "ordering": 2.0, "text": 153, "paragraph": 1, "mode": "t"}}, {"pk": 154, "model": "blog.sentence", "fields": {"previous_version": null, "sentence_set": 10, "ordering": 3.0, "text": 154, "paragraph": 1, "mode": "t"}}, {"pk": 155, "model": "blog.sentence", "fields": {"previous_version": null, "sentence_set": 10, "ordering": 4.0, "text": 155, "paragraph": 1, "mode": "t"}}, {"pk": 156, "model": "blog.sentence", "fields": {"previous_version": null, "sentence_set": 10, "ordering": 5.0, "text": 156, "paragraph": 1, "mode": "t"}}, {"pk": 157, "model": "blog.sentence", "fields": {"previous_version": null, "sentence_set": 10, "ordering": 6.0, "text": 157, "paragraph": 1, "mode": "t"}}, {"pk": 158, "model": "blog.sentence", "fields": {"previous_version": null, "sentence_set": 10, "ordering": 7.0, "text": 158, "paragraph": 1, "mode": "t"}}, {"pk": 159, "model": "blog.sentence", "fields": {"previous_version": null, "sentence_set": 10, "ordering": 8.0, "text": 159, "paragraph": 1, "mode": "t"}}, {"pk": 160, "model": "blog.sentence", "fields": {"previous_version": null, "sentence_set": 10, "ordering": 9.0, "text": 160, "paragraph": 1, "mode": "t"}}, {"pk": 161, "model": "blog.sentence", "fields": {"previous_version": null, "sentence_set": 10, "ordering": 10.0, "text": 161, "paragraph": 1, "mode": "t"}}, {"pk": 162, "model": "blog.sentence", "fields": {"previous_version": null, "sentence_set": 10, "ordering": 11.0, "text": 162, "paragraph": 1, "mode": "t"}}, {"pk": 163, "model": "blog.sentence", "fields": {"previous_version": null, "sentence_set": 10, "ordering": 12.0, "text": 163, "paragraph": 2, "mode": "t"}}, {"pk": 164, "model": "blog.sentence", "fields": {"previous_version": null, "sentence_set": 10, "ordering": 13.0, "text": 164, "paragraph": 2, "mode": "t"}}, {"pk": 165, "model": "blog.sentence", "fields": {"previous_version": null, "sentence_set": 10, "ordering": 14.0, "text": 165, "paragraph": 2, "mode": "t"}}, {"pk": 166, "model": "blog.sentence", "fields": {"previous_version": null, "sentence_set": 10, "ordering": 15.0, "text": 166, "paragraph": 2, "mode": "t"}}, {"pk": 167, "model": "blog.sentence", "fields": {"previous_version": null, "sentence_set": 10, "ordering": 16.0, "text": 167, "paragraph": 2, "mode": "t"}}, {"pk": 168, "model": "blog.sentence", "fields": {"previous_version": null, "sentence_set": 10, "ordering": 17.0, "text": 168, "paragraph": 2, "mode": "t"}}, {"pk": 169, "model": "blog.sentence", "fields": {"previous_version": null, "sentence_set": 10, "ordering": 18.0, "text": 169, "paragraph": 2, "mode": "t"}}, {"pk": 170, "model": "blog.sentence", "fields": {"previous_version": null, "sentence_set": 10, "ordering": 19.0, "text": 170, "paragraph": 2, "mode": "t"}}, {"pk": 171, "model": "blog.sentence", "fields": {"previous_version": null, "sentence_set": 11, "ordering": 1.0, "text": 171, "paragraph": 1, "mode": "t"}}, {"pk": 172, "model": "blog.sentence", "fields": {"previous_version": null, "sentence_set": 11, "ordering": 2.0, "text": 172, "paragraph": 2, "mode": "t"}}, {"pk": 173, "model": "blog.sentence", "fields": {"previous_version": null, "sentence_set": 11, "ordering": 3.0, "text": 173, "paragraph": 2, "mode": "t"}}, {"pk": 174, "model": "blog.sentence", "fields": {"previous_version": null, "sentence_set": 12, "ordering": 1.0, "text": 174, "paragraph": 1, "mode": "t"}}, {"pk": 175, "model": "blog.sentence", "fields": {"previous_version": null, "sentence_set": 12, "ordering": 2.0, "text": 175, "paragraph": 1, "mode": "t"}}, {"pk": 176, "model": "blog.sentence", "fields": {"previous_version": null, "sentence_set": 12, "ordering": 3.0, "text": 176, "paragraph": 1, "mode": "t"}}, {"pk": 177, "model": "blog.sentence", "fields": {"previous_version": null, "sentence_set": 12, "ordering": 4.0, "text": 177, "paragraph": 1, "mode": "t"}}, {"pk": 178, "model": "blog.sentence", "fields": {"previous_version": null, "sentence_set": 12, "ordering": 5.0, "text": 178, "paragraph": 1, "mode": "t"}}, {"pk": 179, "model": "blog.sentence", "fields": {"previous_version": null, "sentence_set": 12, "ordering": 6.0, "text": 179, "paragraph": 1, "mode": "t"}}, {"pk": 180, "model": "blog.sentence", "fields": {"previous_version": null, "sentence_set": 12, "ordering": 7.0, "text": 180, "paragraph": 1, "mode": "t"}}, {"pk": 181, "model": "blog.sentence", "fields": {"previous_version": null, "sentence_set": 12, "ordering": 8.0, "text": 181, "paragraph": 2, "mode": "t"}}, {"pk": 182, "model": "blog.sentence", "fields": {"previous_version": null, "sentence_set": 12, "ordering": 9.0, "text": 182, "paragraph": 2, "mode": "t"}}, {"pk": 183, "model": "blog.sentence", "fields": {"previous_version": null, "sentence_set": 12, "ordering": 10.0, "text": 183, "paragraph": 2, "mode": "t"}}, {"pk": 184, "model": "blog.sentence", "fields": {"previous_version": null, "sentence_set": 12, "ordering": 11.0, "text": 184, "paragraph": 2, "mode": "t"}}, {"pk": 185, "model": "blog.sentence", "fields": {"previous_version": null, "sentence_set": 13, "ordering": 1.0, "text": 185, "paragraph": 1, "mode": "t"}}, {"pk": 186, "model": "blog.sentence", "fields": {"previous_version": null, "sentence_set": 13, "ordering": 2.0, "text": 186, "paragraph": 1, "mode": "t"}}, {"pk": 187, "model": "blog.sentence", "fields": {"previous_version": null, "sentence_set": 13, "ordering": 3.0, "text": 187, "paragraph": 1, "mode": "t"}}, {"pk": 188, "model": "blog.sentence", "fields": {"previous_version": null, "sentence_set": 13, "ordering": 4.0, "text": 188, "paragraph": 1, "mode": "t"}}, {"pk": 189, "model": "blog.sentence", "fields": {"previous_version": null, "sentence_set": 13, "ordering": 5.0, "text": 189, "paragraph": 1, "mode": "t"}}, {"pk": 190, "model": "blog.sentence", "fields": {"previous_version": null, "sentence_set": 13, "ordering": 6.0, "text": 190, "paragraph": 1, "mode": "t"}}, {"pk": 191, "model": "blog.sentence", "fields": {"previous_version": null, "sentence_set": 13, "ordering": 7.0, "text": 191, "paragraph": 1, "mode": "t"}}, {"pk": 192, "model": "blog.sentence", "fields": {"previous_version": null, "sentence_set": 13, "ordering": 8.0, "text": 192, "paragraph": 1, "mode": "t"}}, {"pk": 193, "model": "blog.sentence", "fields": {"previous_version": null, "sentence_set": 13, "ordering": 9.0, "text": 193, "paragraph": 2, "mode": "t"}}, {"pk": 194, "model": "blog.sentence", "fields": {"previous_version": null, "sentence_set": 13, "ordering": 10.0, "text": 194, "paragraph": 2, "mode": "t"}}, {"pk": 195, "model": "blog.sentence", "fields": {"previous_version": null, "sentence_set": 13, "ordering": 11.0, "text": 195, "paragraph": 2, "mode": "t"}}, {"pk": 196, "model": "blog.sentence", "fields": {"previous_version": null, "sentence_set": 13, "ordering": 12.0, "text": 196, "paragraph": 2, "mode": "t"}}, {"pk": 197, "model": "blog.sentence", "fields": {"previous_version": null, "sentence_set": 13, "ordering": 13.0, "text": 197, "paragraph": 2, "mode": "t"}}, {"pk": 198, "model": "blog.sentence", "fields": {"previous_version": null, "sentence_set": 13, "ordering": 14.0, "text": 198, "paragraph": 2, "mode": "t"}}, {"pk": 199, "model": "blog.sentence", "fields": {"previous_version": null, "sentence_set": 13, "ordering": 15.0, "text": 199, "paragraph": 2, "mode": "t"}}, {"pk": 200, "model": "blog.sentence", "fields": {"previous_version": null, "sentence_set": 13, "ordering": 16.0, "text": 200, "paragraph": 2, "mode": "t"}}, {"pk": 201, "model": "blog.sentence", "fields": {"previous_version": null, "sentence_set": 13, "ordering": 17.0, "text": 201, "paragraph": 2, "mode": "t"}}, {"pk": 202, "model": "blog.sentence", "fields": {"previous_version": null, "sentence_set": 14, "ordering": 1.0, "text": 202, "paragraph": 1, "mode": "t"}}, {"pk": 203, "model": "blog.sentence", "fields": {"previous_version": null, "sentence_set": 14, "ordering": 2.0, "text": 203, "paragraph": 1, "mode": "t"}}, {"pk": 204, "model": "blog.sentence", "fields": {"previous_version": null, "sentence_set": 14, "ordering": 3.0, "text": 204, "paragraph": 1, "mode": "t"}}, {"pk": 205, "model": "blog.sentence", "fields": {"previous_version": null, "sentence_set": 14, "ordering": 4.0, "text": 205, "paragraph": 1, "mode": "t"}}, {"pk": 206, "model": "blog.sentence", "fields": {"previous_version": null, "sentence_set": 14, "ordering": 5.0, "text": 206, "paragraph": 1, "mode": "t"}}, {"pk": 207, "model": "blog.sentence", "fields": {"previous_version": null, "sentence_set": 14, "ordering": 6.0, "text": 207, "paragraph": 1, "mode": "t"}}, {"pk": 208, "model": "blog.sentence", "fields": {"previous_version": null, "sentence_set": 14, "ordering": 7.0, "text": 208, "paragraph": 2, "mode": "t"}}, {"pk": 209, "model": "blog.sentence", "fields": {"previous_version": null, "sentence_set": 14, "ordering": 8.0, "text": 209, "paragraph": 2, "mode": "t"}}, {"pk": 210, "model": "blog.sentence", "fields": {"previous_version": null, "sentence_set": 14, "ordering": 9.0, "text": 210, "paragraph": 2, "mode": "t"}}, {"pk": 1, "model": "blog.text", "fields": {"classifier": null, "value": "Robby's performance last year was tremendous .", "created": "2013-12-22T17:39:59.653Z"}}, {"pk": 2, "model": "blog.text", "fields": {"classifier": null, "value": "to the editor :", "created": "2013-12-22T17:39:59.927Z"}}, {"pk": 3, "model": "blog.text", "fields": {"classifier": null, "value": "`` Our most immediate goal is to increase public awareness of the movement '' , he indicated , `` and to tell them what this will mean for the town '' .", "created": "2013-12-22T17:39:59.971Z"}}, {"pk": 4, "model": "blog.text", "fields": {"classifier": null, "value": "`` Such a church needs vigor and vitality in its rector and one man has only so much of these endowments '' , he told his members .", "created": "2013-12-22T17:40:00.204Z"}}, {"pk": 5, "model": "blog.text", "fields": {"classifier": null, "value": "The Service announced that taxpayers making such claims may be called on to furnish a statement from the recipient organization showing the date , purpose , amount and other particulars of the contribution .", "created": "2013-12-22T17:40:00.338Z"}}, {"pk": 6, "model": "blog.text", "fields": {"classifier": null, "value": "it must play a game in which there never is a winner .", "created": "2013-12-22T17:40:00.503Z"}}, {"pk": 7, "model": "blog.text", "fields": {"classifier": null, "value": "He said Mitchell is against the centralization of government in Washington but looks to the Kennedy Administration for aid to meet New Jersey school and transportation crises .", "created": "2013-12-22T17:40:00.535Z"}}, {"pk": 8, "model": "blog.text", "fields": {"classifier": null, "value": "Jim Sheeran fits that description '' .", "created": "2013-12-22T17:40:00.569Z"}}, {"pk": 9, "model": "blog.text", "fields": {"classifier": null, "value": "And now , the woman , tired and trembling , came here to the DeKalb County cannery .", "created": "2013-12-22T17:40:00.798Z"}}, {"pk": 10, "model": "blog.text", "fields": {"classifier": null, "value": "Six Bucs over .", "created": "2013-12-22T17:40:00.871Z"}}, {"pk": 11, "model": "blog.text", "fields": {"classifier": null, "value": "Any adjustments which are made , Mr. Grenier said earlier this month , will appear on the balance of the tax bill since most of the town's taxpayers take the option of paying quarterly with the balance due next year .", "created": "2013-12-22T17:40:00.981Z"}}, {"pk": 12, "model": "blog.text", "fields": {"classifier": null, "value": "More than 200 are expected at the autumn event which is matched in the spring .", "created": "2013-12-22T17:40:01.119Z"}}, {"pk": 13, "model": "blog.text", "fields": {"classifier": null, "value": "In these days of serious shortage of properly trained teachers qualified to teach physically handicapped and mentally handicapped children , the establishment of such an institute will be a major contribution to the field .", "created": "2013-12-22T17:40:01.387Z"}}, {"pk": 14, "model": "blog.text", "fields": {"classifier": null, "value": "`` That is undoubtedly a hell of a quote '' , said the writer , scratching his head .", "created": "2013-12-22T17:40:01.628Z"}}, {"pk": 15, "model": "blog.text", "fields": {"classifier": null, "value": "What better affirmative step could be taken to this end than repeal of the Connally amendment -- an act which could expose the United States to no practical risk yet would put an end to our self-judging attitude toward the court , enable us to utilize it , and advance in a tangible way the cause of international law and order ? ?", "created": "2013-12-22T17:40:01.909Z"}}, {"pk": 16, "model": "blog.text", "fields": {"classifier": null, "value": "For this reason , he says , the density of the universe always remains the same even though the galaxies are zooming away in all directions .", "created": "2013-12-22T17:40:02.331Z"}}, {"pk": 17, "model": "blog.text", "fields": {"classifier": null, "value": "Tibet may bleed China as Algeria is bleeding France .", "created": "2013-12-22T17:40:02.625Z"}}, {"pk": 18, "model": "blog.text", "fields": {"classifier": null, "value": "The escheat law cannot be enforced now because it is almost impossible to locate such property , Daniel declared .", "created": "2013-12-22T17:40:02.640Z"}}, {"pk": 19, "model": "blog.text", "fields": {"classifier": null, "value": "The stock was sold in the underwriting at a price of $12.50 a share .", "created": "2013-12-22T17:40:02.759Z"}}, {"pk": 20, "model": "blog.text", "fields": {"classifier": null, "value": "Negligence in garbage and rubbish collections and alley cleaning is great .", "created": "2013-12-22T17:40:03.035Z"}}, {"pk": 21, "model": "blog.text", "fields": {"classifier": null, "value": "`` He calls for help while saying he is against centralization , but you can't have it both ways '' , Jones said .", "created": "2013-12-22T17:40:03.069Z"}}, {"pk": 22, "model": "blog.text", "fields": {"classifier": null, "value": "State Party Chairman James W. Dorsey added that enthusiasm was picking up for a state rally to be held Sept. 8 in Savannah at which newly elected Texas Sen. John Tower will be the featured speaker .", "created": "2013-12-22T17:40:03.081Z"}}, {"pk": 23, "model": "blog.text", "fields": {"classifier": null, "value": "Nixon fulfilled his assignment with grace , then went beyond the required `` sufficient declaration '' .", "created": "2013-12-22T17:40:03.257Z"}}, {"pk": 24, "model": "blog.text", "fields": {"classifier": null, "value": "The Supreme Court decision in mid-1960 was in the case of a company making sewer pipe from clay which it mined .", "created": "2013-12-22T17:40:03.391Z"}}, {"pk": 25, "model": "blog.text", "fields": {"classifier": null, "value": "Reports are that it is more than probable that the four congressmen from Mississippi who did not support the party ticket will be stripped of the usual patronage which flows to congressmen .", "created": "2013-12-22T17:40:03.434Z"}}, {"pk": 26, "model": "blog.text", "fields": {"classifier": null, "value": "He sits in the stands and he doesn't like that .", "created": "2013-12-22T17:40:03.693Z"}}, {"pk": 27, "model": "blog.text", "fields": {"classifier": null, "value": "This angle of just where the Orioles can look for improvement this year is an interesting one .", "created": "2013-12-22T17:40:03.933Z"}}, {"pk": 28, "model": "blog.text", "fields": {"classifier": null, "value": "It is a `` stair-step '' plan , in which desegregation begins in the first grade .", "created": "2013-12-22T17:40:04.174Z"}}, {"pk": 29, "model": "blog.text", "fields": {"classifier": null, "value": "preservation of the wetlands where birds breed ; ;", "created": "2013-12-22T17:40:04.288Z"}}, {"pk": 30, "model": "blog.text", "fields": {"classifier": null, "value": "Gen. Taylor , the President's special military adviser , is a level-headed officer who is not likely to succumb to propaganda or pressure .", "created": "2013-12-22T17:40:04.513Z"}}, {"pk": 31, "model": "blog.text", "fields": {"classifier": null, "value": "He may support China ( but he won't ) ; ;", "created": "2013-12-22T17:40:04.817Z"}}, {"pk": 32, "model": "blog.text", "fields": {"classifier": null, "value": "The answer is that it was a combination of circumstances .", "created": "2013-12-22T17:40:04.937Z"}}, {"pk": 33, "model": "blog.text", "fields": {"classifier": null, "value": "This rule providing for a blackout of televised baseball 30 minutes before the start of a major or minor league game in any area comes from the game's top rulers .", "created": "2013-12-22T17:40:05.002Z"}}, {"pk": 34, "model": "blog.text", "fields": {"classifier": null, "value": "Petitions asking for a jail term for Norristown attorney Julian W. Barnard will be presented to the Montgomery County Court Friday , it was disclosed Tuesday by Horace A. Davenport , counsel for the widow of the man killed last Nov. 1 by Barnard's hit-run car .", "created": "2013-12-22T17:40:05.050Z"}}, {"pk": 35, "model": "blog.text", "fields": {"classifier": null, "value": "Miss Doyle as Beatie has a great fund of animal spirits , a strong voice and a warm smile .", "created": "2013-12-22T17:40:05.422Z"}}, {"pk": 36, "model": "blog.text", "fields": {"classifier": null, "value": "A 62-year-old Smithfield man , Lester E. Stone of 19 Beverly Circle , was in satisfactory condition last night at Our Lady of Fatima Hospital , North Providence , with injuries suffered when a car he was driving struck a utility pole on Woonasquatucket Avenue in North Providence near Stevens Street .", "created": "2013-12-22T17:40:05.545Z"}}, {"pk": 37, "model": "blog.text", "fields": {"classifier": null, "value": "`` Rarely in American history has there been a political campaign that discussed issues less or clarified them less '' , says Mr. White .", "created": "2013-12-22T17:40:05.906Z"}}, {"pk": 38, "model": "blog.text", "fields": {"classifier": null, "value": "introduction of the `` dialogue '' principle proved strikingly effective at the thirty-fourth annual meeting of the Catholic Association for International Peace in Washington the last weekend in October .", "created": "2013-12-22T17:40:06.198Z"}}, {"pk": 39, "model": "blog.text", "fields": {"classifier": null, "value": "Schools and community groups turn to the headquarters film library for documentary , art , and experimental films to show at libraries that sponsor local programs , and to organizations in member communities .", "created": "2013-12-22T17:40:06.398Z"}}, {"pk": 40, "model": "blog.text", "fields": {"classifier": null, "value": "The get-together Friday night will be a banquet at the country club patio and pool , and an orchestra will play for dancing .", "created": "2013-12-22T17:40:06.537Z"}}, {"pk": 41, "model": "blog.text", "fields": {"classifier": null, "value": "annual members may attend for $16 .", "created": "2013-12-22T17:40:06.684Z"}}, {"pk": 42, "model": "blog.text", "fields": {"classifier": null, "value": "A memory lapse in the last somewhat marred the pianist's performance .", "created": "2013-12-22T17:40:07.008Z"}}, {"pk": 43, "model": "blog.text", "fields": {"classifier": null, "value": "The latest Low is a puzzler .", "created": "2013-12-22T17:40:07.343Z"}}, {"pk": 44, "model": "blog.text", "fields": {"classifier": null, "value": "This breaks his heart .", "created": "2013-12-22T17:40:07.599Z"}}, {"pk": 45, "model": "blog.text", "fields": {"classifier": null, "value": "`` On the other hand , Emory University derives its corporate existence from the State of Georgia .", "created": "2013-12-22T17:40:07.704Z"}}, {"pk": 46, "model": "blog.text", "fields": {"classifier": null, "value": "Mr. and Mrs. Merrill Shoup have returned to their home in Colorado Springs after spending a few days at the Brown Palace Hotel .", "created": "2013-12-22T17:40:07.784Z"}}, {"pk": 47, "model": "blog.text", "fields": {"classifier": null, "value": "`` He knocked down the interference and made key stops lots of times .", "created": "2013-12-22T17:40:07.842Z"}}, {"pk": 48, "model": "blog.text", "fields": {"classifier": null, "value": "The whole official City apparently has an intense hatred toward birds .", "created": "2013-12-22T17:40:08.124Z"}}, {"pk": 49, "model": "blog.text", "fields": {"classifier": null, "value": "Participants in the 27 Portland companies worked one night a week through the school year , guided and counseled by adult advisors drawn from local business and industry .", "created": "2013-12-22T17:40:08.235Z"}}, {"pk": 50, "model": "blog.text", "fields": {"classifier": null, "value": "An agreement among the Princes on a coalition government would ease their task , diplomats conceded .", "created": "2013-12-22T17:40:08.275Z"}}, {"pk": 51, "model": "blog.text", "fields": {"classifier": null, "value": "He's mad at the world '' .", "created": "2013-12-22T17:40:08.339Z"}}, {"pk": 52, "model": "blog.text", "fields": {"classifier": null, "value": "Hurt by his lack of interest and attention , Mary complained often that he didn't help around the house , and that he didn't really care about the family .", "created": "2013-12-22T17:40:08.493Z"}}, {"pk": 53, "model": "blog.text", "fields": {"classifier": null, "value": "The British Government will have to decide whether to let U.S. coal in .", "created": "2013-12-22T17:40:08.688Z"}}, {"pk": 54, "model": "blog.text", "fields": {"classifier": null, "value": "The City Government is not united in an all-out , to-the-death drive to stamp out gangs , delinquents , thugs , murderers , rapists , subversives .", "created": "2013-12-22T17:40:08.968Z"}}, {"pk": 55, "model": "blog.text", "fields": {"classifier": null, "value": "What we will be sacrificing in any such arrangement will be our power to be selective which is contained in the reciprocal trade principle under which we now operate .", "created": "2013-12-22T17:40:09.276Z"}}, {"pk": 56, "model": "blog.text", "fields": {"classifier": null, "value": "The general , remarkably courteous , explanation has left basic positions unchanged , but there has been no explosion in the council .", "created": "2013-12-22T17:40:09.299Z"}}, {"pk": 57, "model": "blog.text", "fields": {"classifier": null, "value": "She is the former Judy Chapman , daughter of John S. Chapman of this city .", "created": "2013-12-22T17:40:09.439Z"}}, {"pk": 58, "model": "blog.text", "fields": {"classifier": null, "value": "There is no such thing as an `` emergency telephone building fund drive '' .", "created": "2013-12-22T17:40:09.518Z"}}, {"pk": 59, "model": "blog.text", "fields": {"classifier": null, "value": "Tempos were lively .", "created": "2013-12-22T17:40:09.844Z"}}, {"pk": 60, "model": "blog.text", "fields": {"classifier": null, "value": "Sacrifices needed", "created": "2013-12-22T17:40:09.968Z"}}, {"pk": 61, "model": "blog.text", "fields": {"classifier": null, "value": "Many with pools", "created": "2013-12-22T17:40:10.052Z"}}, {"pk": 62, "model": "blog.text", "fields": {"classifier": null, "value": "But last week's pirates , like the Cuban-American who recently hijacked an Eastern Airlines Electra ( Newsweek , Aug. 7 ) , wanted to go to Havana .", "created": "2013-12-22T17:40:10.240Z"}}, {"pk": 63, "model": "blog.text", "fields": {"classifier": null, "value": "Shadow over Washington Square", "created": "2013-12-22T17:40:10.521Z"}}, {"pk": 64, "model": "blog.text", "fields": {"classifier": null, "value": "Catch for Chicago", "created": "2013-12-22T17:40:10.702Z"}}, {"pk": 65, "model": "blog.text", "fields": {"classifier": null, "value": "Bobby Lowe of Boston was the first to hit four at home and Gil Hodges turned the trick in Brooklyn's Ebbetts Field .", "created": "2013-12-22T17:40:10.765Z"}}, {"pk": 66, "model": "blog.text", "fields": {"classifier": null, "value": "British common sense is proverbial .", "created": "2013-12-22T17:40:11.008Z"}}, {"pk": 67, "model": "blog.text", "fields": {"classifier": null, "value": "In New York City , WLIB boasts `` more community service programs than any other Negro station '' and `` one of the largest Negro news staffs in America '' .", "created": "2013-12-22T17:40:11.373Z"}}, {"pk": 68, "model": "blog.text", "fields": {"classifier": null, "value": "Both men are known to be honest and public-spirited .", "created": "2013-12-22T17:40:11.580Z"}}, {"pk": 69, "model": "blog.text", "fields": {"classifier": null, "value": "By way of explanation we ourselves are prone to imagine that this achievement stems from the same American Catholic zeal and generosity which brought the parochial school system into existence .", "created": "2013-12-22T17:40:11.751Z"}}, {"pk": 70, "model": "blog.text", "fields": {"classifier": null, "value": "Missionary explains", "created": "2013-12-22T17:40:11.792Z"}}, {"pk": 71, "model": "blog.text", "fields": {"classifier": null, "value": "The Indochina struggle was a war to stay out of in 1954 , when Gen. Ridgway estimated it would take a minimum of 10 to 15 divisions at the outset to win a war the French were losing .", "created": "2013-12-22T17:40:12.018Z"}}, {"pk": 72, "model": "blog.text", "fields": {"classifier": null, "value": "That objective set the high stakes and drama of the Vienna meeting .", "created": "2013-12-22T17:40:12.175Z"}}, {"pk": 73, "model": "blog.text", "fields": {"classifier": null, "value": "Boy in fair condition", "created": "2013-12-22T17:40:12.264Z"}}, {"pk": 74, "model": "blog.text", "fields": {"classifier": null, "value": "6 .", "created": "2013-12-22T17:40:12.530Z"}}, {"pk": 75, "model": "blog.text", "fields": {"classifier": null, "value": "There has been more activity across the state line in Massachusetts than in Rhode Island in recent weeks toward enforcement of the Sunday sales laws .", "created": "2013-12-22T17:40:12.559Z"}}, {"pk": 76, "model": "blog.text", "fields": {"classifier": null, "value": "Mr. Mitchell had an excuse for losing -- the steel strike lasted much longer than he anticipated .", "created": "2013-12-22T17:40:12.778Z"}}, {"pk": 77, "model": "blog.text", "fields": {"classifier": null, "value": "Anthony Steel , as the husband , is a jealous type who argues against her course and sues for divorce , labeling her action adulterous .", "created": "2013-12-22T17:40:13.137Z"}}, {"pk": 78, "model": "blog.text", "fields": {"classifier": null, "value": "In 1825 , the Boston house carpenters' strike for a ten-hour day was denounced by the organized employers , who declared : `` It is considered that all combinations by any classes of citizens intended to effect the value of labor tend to convert all its branches into monopolies '' .", "created": "2013-12-22T17:40:13.303Z"}}, {"pk": 79, "model": "blog.text", "fields": {"classifier": null, "value": "`` The old man came from the front of the plane and said he wanted four volunteers to go to Cuba '' , McCauley said , `` and like a nut I raised my hand .", "created": "2013-12-22T17:40:13.494Z"}}, {"pk": 80, "model": "blog.text", "fields": {"classifier": null, "value": "This would be in perfect consonance with the underlying concern in the administration -- the shortage of cash .", "created": "2013-12-22T17:40:13.537Z"}}, {"pk": 81, "model": "blog.text", "fields": {"classifier": null, "value": "In the 12 months ended in February , 1961 , this highway earned 93 per cent of its interest .", "created": "2013-12-22T17:40:13.731Z"}}, {"pk": 82, "model": "blog.text", "fields": {"classifier": null, "value": "I never found it among any of the Chinese with whom I spoke , though granted they were , almost all , members of the official family who , presumably , harbor official thoughts .", "created": "2013-12-22T17:40:14.024Z"}}, {"pk": 83, "model": "blog.text", "fields": {"classifier": null, "value": "Extend Mantle's and Maris's present paces over the full 1961 schedule of 162 games , and , mathematically , each will hit more than 60 home runs .", "created": "2013-12-22T17:40:14.200Z"}}, {"pk": 84, "model": "blog.text", "fields": {"classifier": null, "value": "This is a black swamp clay in which about one hundred million years ago cypress-like trees were growing .", "created": "2013-12-22T17:40:14.471Z"}}, {"pk": 85, "model": "blog.text", "fields": {"classifier": null, "value": "The verdict brought vindication to the dead woman's stepson , Vincent Hengesbach , 54 , who was tried for the same crime in December , 1958 , and released when the jury failed to reach a verdict .", "created": "2013-12-22T17:40:14.569Z"}}, {"pk": 86, "model": "blog.text", "fields": {"classifier": null, "value": "Luke 23:34 .", "created": "2013-12-22T17:40:14.801Z"}}, {"pk": 87, "model": "blog.text", "fields": {"classifier": null, "value": "She served one four-year term on the national committee .", "created": "2013-12-22T17:40:14.837Z"}}, {"pk": 88, "model": "blog.text", "fields": {"classifier": null, "value": "I'm not afraid to tangle with the Republican nominee '' .", "created": "2013-12-22T17:40:14.871Z"}}, {"pk": 89, "model": "blog.text", "fields": {"classifier": null, "value": "In behalf of what ? ?", "created": "2013-12-22T17:40:15.167Z"}}, {"pk": 90, "model": "blog.text", "fields": {"classifier": null, "value": "He had that day attended a country auction , and he had come back with a prize .", "created": "2013-12-22T17:40:15.401Z"}}, {"pk": 91, "model": "blog.text", "fields": {"classifier": null, "value": "The case of the judges in the 58th precinct of the 23d ward had been heard previously and taken under advisement by Karns .", "created": "2013-12-22T17:40:15.422Z"}}, {"pk": 92, "model": "blog.text", "fields": {"classifier": null, "value": "In order to form a new government it must deal with one of the two rival parties which gained strength .", "created": "2013-12-22T17:40:15.637Z"}}, {"pk": 93, "model": "blog.text", "fields": {"classifier": null, "value": "`` In 35 years we have opened 7,000 churches '' , the Rev. Mr. Brandt said , adding that the denomination had a national goal of one church for every 10,000 persons .", "created": "2013-12-22T17:40:15.689Z"}}, {"pk": 94, "model": "blog.text", "fields": {"classifier": null, "value": "Directionality is greatly exaggerated most of the time ; ;", "created": "2013-12-22T17:40:16.011Z"}}, {"pk": 95, "model": "blog.text", "fields": {"classifier": null, "value": "The detailed rundown on the Kansas City scoring in the sixth went like this :", "created": "2013-12-22T17:40:16.065Z"}}, {"pk": 96, "model": "blog.text", "fields": {"classifier": null, "value": "This , in more diplomatic language , is what Adlai Stevenson told the newspaper men of Latin America yesterday on behalf of the United States Government .", "created": "2013-12-22T17:40:16.294Z"}}, {"pk": 97, "model": "blog.text", "fields": {"classifier": null, "value": "No margin for error", "created": "2013-12-22T17:40:16.365Z"}}, {"pk": 98, "model": "blog.text", "fields": {"classifier": null, "value": "health , hygiene , medical aid and preventive medicine ; ;", "created": "2013-12-22T17:40:16.690Z"}}, {"pk": 99, "model": "blog.text", "fields": {"classifier": null, "value": "I've tried to compromise by letting them take the little car now and then .", "created": "2013-12-22T17:40:16.828Z"}}, {"pk": 100, "model": "blog.text", "fields": {"classifier": null, "value": "Four for Alvin", "created": "2013-12-22T17:40:16.903Z"}}, {"pk": 101, "model": "blog.text", "fields": {"classifier": null, "value": "Miss Glenda Kay Meredith of Denton was her sister's maid of honor , and Vernon Lewelleyn of San Angelo was best man .", "created": "2013-12-22T17:40:16.987Z"}}, {"pk": 102, "model": "blog.text", "fields": {"classifier": null, "value": "one influential French critic remarked : `` Pity for Arnolphe comes with age '' .", "created": "2013-12-22T17:40:17.344Z"}}, {"pk": 103, "model": "blog.text", "fields": {"classifier": null, "value": "All Mantle needs is eight more home runs in August and ten in September , and he will establish a new record .", "created": "2013-12-22T17:40:17.531Z"}}, {"pk": 104, "model": "blog.text", "fields": {"classifier": null, "value": "Mr. Richard Preston , executive director of the New Hampshire State Planning and Development Commission , in his remarks to the Governors Conference on Industrial Development at Providence on October 8 , 1960 , warned against the fallacy of attempting to attract industry solely to reduce the tax rate or to underwrite municipal services such as schools when he said : `` If this is the fundamental reason for a community's interest or if this is the basic approach , success if any will be difficult to obtain '' .", "created": "2013-12-22T17:40:17.791Z"}}, {"pk": 105, "model": "blog.text", "fields": {"classifier": null, "value": "`` To be quite alone where there are no other human beings is sharply exhilarating ; ;", "created": "2013-12-22T17:40:18.145Z"}}, {"pk": 106, "model": "blog.text", "fields": {"classifier": null, "value": "On the U.S.'s island base of Okinawa , Task Force 116 , made up of Army , Navy , Marine and Air Force units , got braced to move southward on signal .", "created": "2013-12-22T17:40:18.310Z"}}, {"pk": 107, "model": "blog.text", "fields": {"classifier": null, "value": "the multifigure `` Traveling Carnival '' , in which action is vivified by lighting ; ;", "created": "2013-12-22T17:40:18.675Z"}}, {"pk": 108, "model": "blog.text", "fields": {"classifier": null, "value": "Paradoxically , the sales rise is due in large measure to Government efforts to slash farm output .", "created": "2013-12-22T17:40:18.803Z"}}, {"pk": 109, "model": "blog.text", "fields": {"classifier": null, "value": "Tartuffe is the religious hypocrite who courts his benefactor's wife .", "created": "2013-12-22T17:40:19.161Z"}}, {"pk": 110, "model": "blog.text", "fields": {"classifier": null, "value": "The answers the girls give struck me as reasonably varied and healthily individual .", "created": "2013-12-22T17:40:19.492Z"}}, {"pk": 111, "model": "blog.text", "fields": {"classifier": null, "value": "Only with the more sensual , intense and baroque expressions of Marenzio , Monteverdi and Gesualdo does the singing seem a little superficial .", "created": "2013-12-22T17:40:19.834Z"}}, {"pk": 112, "model": "blog.text", "fields": {"classifier": null, "value": "In this he is sticking with tradition , however far removed from it he may seem to be .", "created": "2013-12-22T17:40:20.181Z"}}, {"pk": 113, "model": "blog.text", "fields": {"classifier": null, "value": "Her acting began with the Birmingham Repertory Company and she soon became the toast of the West End .", "created": "2013-12-22T17:40:20.315Z"}}, {"pk": 114, "model": "blog.text", "fields": {"classifier": null, "value": "Incumbent William Brod is opposed in his re-election bid by Barbara Njust , Miles C. Bubenik and Frank Lee .", "created": "2013-12-22T17:40:20.366Z"}}, {"pk": 115, "model": "blog.text", "fields": {"classifier": null, "value": "The truth is , though , that men react differently to different treatment .", "created": "2013-12-22T17:40:20.441Z"}}, {"pk": 116, "model": "blog.text", "fields": {"classifier": null, "value": "Since rococo music tends to be pretty and elegant above all , it can seem rather vacuous to twentieth-century ears that have grown accustomed to the stress and dissonances of composers from Beethoven to Boulez .", "created": "2013-12-22T17:40:20.785Z"}}, {"pk": 117, "model": "blog.text", "fields": {"classifier": null, "value": "If there were no West Berlin problem , imperialist quarters would have invented an excuse for stepping up the armaments race to try to solve the internal and external problems besetting the United States and its NATO partners .", "created": "2013-12-22T17:40:21.031Z"}}, {"pk": 118, "model": "blog.text", "fields": {"classifier": null, "value": "Squeezed into the few cubic feet normally filled by the rocket's automatic guidance mechanism , the scientist waited while the bomber gained altitude .", "created": "2013-12-22T17:40:21.148Z"}}, {"pk": 119, "model": "blog.text", "fields": {"classifier": null, "value": "St. Petersburg , Fla. , March 17 ( AP )", "created": "2013-12-22T17:40:21.206Z"}}, {"pk": 120, "model": "blog.text", "fields": {"classifier": null, "value": "Naturally , Mr. Deller and the other singers in his troupe are most charming and elegant when they are squarely in their tradition and singing music by their countrymen : William Byrd , Thomas Morley and Thomas Tomkins .", "created": "2013-12-22T17:40:21.548Z"}}, {"pk": 121, "model": "blog.text", "fields": {"classifier": null, "value": "Individual senators , with an eye to the voters back home , occasionally introduced smelts from Michigan , soft-shell crabs from Maryland , oysters from Washington , grapefruit from Florida .", "created": "2013-12-22T17:40:21.741Z"}}, {"pk": 122, "model": "blog.text", "fields": {"classifier": null, "value": "Operating revenues were off in the first three months of 1961 , but up for the 12 months ending in March .", "created": "2013-12-22T17:40:21.933Z"}}, {"pk": 123, "model": "blog.text", "fields": {"classifier": null, "value": "The 15th Street deposit is not to be confused with the nearby famous Mayflower Hotel cypress swamp on 17th Street reported in The Washington Post , August 2 , 1955 , which was probably formed during the second interglacial period and is therefore much younger .", "created": "2013-12-22T17:40:22.205Z"}}, {"pk": 124, "model": "blog.text", "fields": {"classifier": null, "value": "Dallas and North Texas is known world-wide as the manufacturing and distribution center of cotton gin machinery and supplies , valued in the millions of dollars .", "created": "2013-12-22T17:40:22.328Z"}}, {"pk": 125, "model": "blog.text", "fields": {"classifier": null, "value": "But the PHS conceded that the new radioactive particles `` will add to the risk of genetic effects in succeeding generations , and possibly to the risk of health damage to some people in the United States '' .", "created": "2013-12-22T17:40:22.614Z"}}, {"pk": 126, "model": "blog.text", "fields": {"classifier": null, "value": "The Louisiana city is known , of course , for its fine food , good music and its colorful hospitality `` and , when guests arrive at Philmont that night '' , says Mrs. Grinsfelder , `` that is exactly what we expect to offer them .", "created": "2013-12-22T17:40:22.699Z"}}, {"pk": 127, "model": "blog.text", "fields": {"classifier": null, "value": "It was nice to have something a little up-to-date for a change .", "created": "2013-12-22T17:40:23.058Z"}}, {"pk": 128, "model": "blog.text", "fields": {"classifier": null, "value": "She asked if I had other advice and , heady with success , I rushed it in , I hope not too late .", "created": "2013-12-22T17:40:23.290Z"}}, {"pk": 129, "model": "blog.text", "fields": {"classifier": null, "value": "Doctors at the hospital said he was partially paralyzed on the right side .", "created": "2013-12-22T17:40:23.381Z"}}, {"pk": 130, "model": "blog.text", "fields": {"classifier": null, "value": "The game players saw the Air Force film Monday , ran for 30 minutes , then went in , while the reserves scrimmaged for 45 minutes .", "created": "2013-12-22T17:40:23.441Z"}}, {"pk": 131, "model": "blog.text", "fields": {"classifier": null, "value": "The boldness of champions", "created": "2013-12-22T17:40:23.616Z"}}, {"pk": 132, "model": "blog.text", "fields": {"classifier": null, "value": "`` In view of the present situation in Laos '' , said the Pentagon's announcement , `` we are taking normal precautionary actions to increase the readiness of our forces in the Pacific '' .", "created": "2013-12-22T17:40:23.783Z"}}, {"pk": 133, "model": "blog.text", "fields": {"classifier": null, "value": "New York -- ( UPI )", "created": "2013-12-22T17:40:23.898Z"}}, {"pk": 134, "model": "blog.text", "fields": {"classifier": null, "value": "The President has also called upon the Attorney General , the Secretary of Health , Education and Welfare , and the Secretary of Labor to coordinate their efforts `` in the development of a program of federal leadership to assist states and local communities in their efforts to cope with the problem .", "created": "2013-12-22T17:40:23.926Z"}}, {"pk": 135, "model": "blog.text", "fields": {"classifier": null, "value": "For that reason any democratic reform and effort to bring genuine representative government to the Dominican Republic will need the greatest sympathy and help .", "created": "2013-12-22T17:40:24.131Z"}}, {"pk": 136, "model": "blog.text", "fields": {"classifier": null, "value": "Shakespeare had a word for everything , even for the rain that disrupted Wednesday night's `` Much Ado About Nothing '' opening the season of free theatre in Central Park .", "created": "2013-12-22T17:40:24.511Z"}}, {"pk": 137, "model": "blog.text", "fields": {"classifier": null, "value": "State and federal approval of right to walk out at any time when so voted by 51 per cent of the prisoners .", "created": "2013-12-22T17:40:24.759Z"}}, {"pk": 138, "model": "blog.text", "fields": {"classifier": null, "value": "It disclosed that the builders :", "created": "2013-12-22T17:40:24.887Z"}}, {"pk": 139, "model": "blog.text", "fields": {"classifier": null, "value": "The commission also approved a novel plan that would eliminate traffic hazards for pedestrians in the project .", "created": "2013-12-22T17:40:24.934Z"}}, {"pk": 140, "model": "blog.text", "fields": {"classifier": null, "value": "Apart , however , from the question of wasteful duplication , there is another aspect of the `` family business '' spirit in American Catholic higher education which deserves closer scrutiny .", "created": "2013-12-22T17:40:25.093Z"}}, {"pk": 141, "model": "blog.text", "fields": {"classifier": null, "value": "Mantle and Cerv use the twin beds in the bedroom ; ;", "created": "2013-12-22T17:40:25.271Z"}}, {"pk": 142, "model": "blog.text", "fields": {"classifier": null, "value": "All for $14 .", "created": "2013-12-22T17:40:25.354Z"}}, {"pk": 143, "model": "blog.text", "fields": {"classifier": null, "value": "Wingback Jack Collins injured a knee in the Washington State game but insists he'll be ready for Oklahoma .", "created": "2013-12-22T17:40:25.413Z"}}, {"pk": 144, "model": "blog.text", "fields": {"classifier": null, "value": "The American part of the evening consisted of Paul Creston's Dance Overture , William Schuman's `` Chester '' From `` New England Triptych '' and two works of Wallingford Riegger , Dance Rhythms , Op. 58 , and a Romanza For Strings , Op. 56A .", "created": "2013-12-22T17:40:25.772Z"}}, {"pk": 145, "model": "blog.text", "fields": {"classifier": null, "value": "Miss Joan Frances Baker , a graduate of SMU , was married Saturday to Elvis Leonard Mason , an honor graduate of Lamar State College of Technology , in the chapel of the First Presbyterian Church of Houston .", "created": "2013-12-22T17:40:25.854Z"}}, {"pk": 146, "model": "blog.text", "fields": {"classifier": null, "value": "It is a collection with a custom-design look , offering simplicity with warmth , variety and vitality .", "created": "2013-12-22T17:40:25.988Z"}}, {"pk": 147, "model": "blog.text", "fields": {"classifier": null, "value": "Just because Cheddi Jagan , new boss of British Guiana , was educated in the United States is no reason to think he isn't a Red .", "created": "2013-12-22T17:40:26.267Z"}}, {"pk": 148, "model": "blog.text", "fields": {"classifier": null, "value": "Hardwicke-Etter Co. of Sherman makes a full line of gin machinery and equipment .", "created": "2013-12-22T17:40:26.391Z"}}, {"pk": 149, "model": "blog.text", "fields": {"classifier": null, "value": "However , compared with March 1960 new car sales of 4,441 , this March was off 23 per cent .", "created": "2013-12-22T17:40:26.514Z"}}, {"pk": 150, "model": "blog.text", "fields": {"classifier": null, "value": "Frank Graham , the Journal-American sports columnist ; ;", "created": "2013-12-22T17:40:26.581Z"}}, {"pk": 151, "model": "blog.text", "fields": {"classifier": null, "value": "Hendricks' story was designed for children and he had a small audience of small children right on stage with him .", "created": "2013-12-22T17:40:26.924Z"}}, {"pk": 152, "model": "blog.text", "fields": {"classifier": null, "value": "The trucks today help pay for this highway .", "created": "2013-12-22T17:40:27.201Z"}}, {"pk": 153, "model": "blog.text", "fields": {"classifier": null, "value": "At least , I have found it so .", "created": "2013-12-22T17:40:27.447Z"}}, {"pk": 154, "model": "blog.text", "fields": {"classifier": null, "value": "no precedents have been set as yet ; ;", "created": "2013-12-22T17:40:27.730Z"}}, {"pk": 155, "model": "blog.text", "fields": {"classifier": null, "value": "McNair , 25 , was seized March 20 with four Cubans and accused of trying to land a boatload of rifles in Pinar Del Rio , about 35 miles from Havana .", "created": "2013-12-22T17:40:27.831Z"}}, {"pk": 156, "model": "blog.text", "fields": {"classifier": null, "value": "At Khrushchev's door , therefore , can be placed the primary blame but also at fault are those who permitted themselves to be intimidated .", "created": "2013-12-22T17:40:28.110Z"}}, {"pk": 157, "model": "blog.text", "fields": {"classifier": null, "value": "Mrs. Blanche Dunkel , 60 , who has spent 25 years in the Dwight reformatory for women for the murder in 1935 of her son-in-law , Ervin Lang , then 28 , appealed for a parole at a hearing yesterday before two Illinois pardon and parole board members , John M. Bookwalter and Joseph Carpentier .", "created": "2013-12-22T17:40:28.209Z"}}, {"pk": 158, "model": "blog.text", "fields": {"classifier": null, "value": "There are , so my biologist friends tell me , mechanisms of adaptation and defense that are just too complete and too satisfactory .", "created": "2013-12-22T17:40:28.368Z"}}, {"pk": 159, "model": "blog.text", "fields": {"classifier": null, "value": "Patrolman James F. Simms said he started in pursuit when he saw young Stickney speeding north in Stewart Avenue at Central Street .", "created": "2013-12-22T17:40:28.466Z"}}, {"pk": 160, "model": "blog.text", "fields": {"classifier": null, "value": "The orchestra was obviously on its mettle and it played most responsively .", "created": "2013-12-22T17:40:28.817Z"}}, {"pk": 161, "model": "blog.text", "fields": {"classifier": null, "value": "Taken as a whole , though , it was a strong performance from both pianist and orchestra .", "created": "2013-12-22T17:40:29.158Z"}}, {"pk": 162, "model": "blog.text", "fields": {"classifier": null, "value": "The final decision went to the executive but a way has been opened for strengthening budgeting procedures and to provide legislators information they need .", "created": "2013-12-22T17:40:29.359Z"}}, {"pk": 163, "model": "blog.text", "fields": {"classifier": null, "value": "At that time , the people at the bank said they felt that they had the situation in hand .", "created": "2013-12-22T17:40:29.486Z"}}, {"pk": 164, "model": "blog.text", "fields": {"classifier": null, "value": "Her young British lawyer , James Dunlop , pleaded that she was sorely needed at her Portland home by her widowed mother , 80 , her maiden aunt , also 80 and bedridden for 20 years , and her uncle , 76 , who once ran a candy shop .", "created": "2013-12-22T17:40:29.580Z"}}, {"pk": 165, "model": "blog.text", "fields": {"classifier": null, "value": "He also speaks of Franklin D. Roosevelt's `` puerile '' assumption that `` if only he ( Stalin ) could be exposed to the persuasive charm of someone like F.D.R. himself , ideological preconceptions would melt and Russia's co-operation with the West could be easily arranged '' .", "created": "2013-12-22T17:40:29.916Z"}}, {"pk": 166, "model": "blog.text", "fields": {"classifier": null, "value": "Also on the bill at the Fifty-fifth Street is a nice ten-minute color film called `` Sunday In Greenwich Village '' , a tour of the haunts and joints .", "created": "2013-12-22T17:40:30.235Z"}}, {"pk": 167, "model": "blog.text", "fields": {"classifier": null, "value": "The governor's move into the so-called `` blue law '' controversy came in the form of a letter to Miss Mary R. Grant , deputy city clerk of Central Falls .", "created": "2013-12-22T17:40:30.264Z"}}, {"pk": 168, "model": "blog.text", "fields": {"classifier": null, "value": "And while he had headed Batista's anti-Communist section , the Batista regime did not disturb the Communists so much as more open opponents who were alleged to be Communists .", "created": "2013-12-22T17:40:30.489Z"}}, {"pk": 169, "model": "blog.text", "fields": {"classifier": null, "value": "But , obviously , at least some things have changed for the better in Russia so far as the ballet is concerned .", "created": "2013-12-22T17:40:30.649Z"}}, {"pk": 170, "model": "blog.text", "fields": {"classifier": null, "value": "Fleeting glimpse", "created": "2013-12-22T17:40:31.016Z"}}, {"pk": 171, "model": "blog.text", "fields": {"classifier": null, "value": "Huff , who received a salary of $109 a week from the loan association from October of 1955 until September of this year , said that his private practice was not lucrative .", "created": "2013-12-22T17:40:31.138Z"}}, {"pk": 172, "model": "blog.text", "fields": {"classifier": null, "value": "Mrs. Robert O. Spurdle is chairman of the committee , which includes Mrs. James A. Moody , Mrs. Frank C. Wilkinson , Mrs. Ethel Coles , Mrs. Harold G. Lacy , Mrs. Albert W. Terry , Mrs. Henry M. Chance , 2d , Mrs. Robert O. Spurdle , Jr. , Mrs. Harcourt N. Trimble , Jr. , Mrs. John A. Moller , Mrs. Robert Zeising , Mrs. William G. Kilhour , Mrs. Hughes Cauffman , Mrs. John L. Baringer and Mrs. Clyde Newman .", "created": "2013-12-22T17:40:31.225Z"}}, {"pk": 173, "model": "blog.text", "fields": {"classifier": null, "value": "By force , he took under his protection , or stole , 900,000 square miles of wilderness in Central Africa .", "created": "2013-12-22T17:40:31.409Z"}}, {"pk": 174, "model": "blog.text", "fields": {"classifier": null, "value": "As `` Much Ado '' turned serious while the insipid Claudio rejected Hero at the altar , a sprinkle began to fall .", "created": "2013-12-22T17:40:31.782Z"}}, {"pk": 175, "model": "blog.text", "fields": {"classifier": null, "value": "As roommates , teammates , and home-run mates , Mantle , 29 , who broke in with the Yankees ten years ago , and Maris , 26 , who came to the Yankees from Kansas City two years ago , have strikingly similar backgrounds .", "created": "2013-12-22T17:40:31.959Z"}}, {"pk": 176, "model": "blog.text", "fields": {"classifier": null, "value": "of course , they do not reflect sincerity , but they exhibit a concern to make a good job out of his pious impersonation .", "created": "2013-12-22T17:40:32.317Z"}}, {"pk": 177, "model": "blog.text", "fields": {"classifier": null, "value": "Intervenes in case", "created": "2013-12-22T17:40:32.362Z"}}, {"pk": 178, "model": "blog.text", "fields": {"classifier": null, "value": "In the Senate , several bills are expected to pass without any major conflict or opposition .", "created": "2013-12-22T17:40:32.400Z"}}, {"pk": 179, "model": "blog.text", "fields": {"classifier": null, "value": "About half of all Peace Corps projects assigned to voluntary agencies will be carried out by religious groups , according to an official of the corps .", "created": "2013-12-22T17:40:32.438Z"}}, {"pk": 180, "model": "blog.text", "fields": {"classifier": null, "value": "`` The windshield looks pretty clean '' .", "created": "2013-12-22T17:40:32.589Z"}}, {"pk": 181, "model": "blog.text", "fields": {"classifier": null, "value": "The episode tended to confirm the U. S. belief that propaganda , the hope of one-sided concessions , and the chance to split the Allies , rather than genuine negotiation , were the Soviet leader's real aims in summitry .", "created": "2013-12-22T17:40:32.744Z"}}, {"pk": 182, "model": "blog.text", "fields": {"classifier": null, "value": "This is the tale of one John Enright , an American who has accidentally killed a man in the prize ring and is now trying to forget about it in a quiet place where he may become a quiet man .", "created": "2013-12-22T17:40:33.084Z"}}, {"pk": 183, "model": "blog.text", "fields": {"classifier": null, "value": "Elburn , Ill.", "created": "2013-12-22T17:40:33.214Z"}}, {"pk": 184, "model": "blog.text", "fields": {"classifier": null, "value": "Getz is a difficult musician to categorize .", "created": "2013-12-22T17:40:33.563Z"}}, {"pk": 185, "model": "blog.text", "fields": {"classifier": null, "value": "Would a blue feather in a man's hat make him happy all day ? ?", "created": "2013-12-22T17:40:33.800Z"}}, {"pk": 186, "model": "blog.text", "fields": {"classifier": null, "value": "The audience last night did not respond with either applause or boos to mention of Hughes' remark .", "created": "2013-12-22T17:40:33.833Z"}}, {"pk": 187, "model": "blog.text", "fields": {"classifier": null, "value": "Mental telepathy ? ?", "created": "2013-12-22T17:40:34.142Z"}}, {"pk": 188, "model": "blog.text", "fields": {"classifier": null, "value": "He was delighted to learn that the Post Office Department is now going to expand this service to deliver mail from Representatives in Congress to their constituents without the use of stamps , names , addresses or even zone numbers .", "created": "2013-12-22T17:40:34.371Z"}}, {"pk": 189, "model": "blog.text", "fields": {"classifier": null, "value": "Catcher Frank House's throw in an effort to nab Throneberry was wide and in the dirt .", "created": "2013-12-22T17:40:34.425Z"}}, {"pk": 190, "model": "blog.text", "fields": {"classifier": null, "value": "What was lacking was a real sense of phrase , the kind of legato singing that would have added a dimension of smoothness to what is , after all , a very oily character .", "created": "2013-12-22T17:40:34.766Z"}}, {"pk": 191, "model": "blog.text", "fields": {"classifier": null, "value": "Mr. Delaney and Mr. O'Neill are not willing to vote on the public-school measure until the defense education bill clears the House Education and Labor Committee .", "created": "2013-12-22T17:40:34.804Z"}}, {"pk": 192, "model": "blog.text", "fields": {"classifier": null, "value": "Expresses thanks", "created": "2013-12-22T17:40:34.904Z"}}, {"pk": 193, "model": "blog.text", "fields": {"classifier": null, "value": "St. Louis U. was to be in action again today with a game scheduled at 4 against Washington University at Ligget Field .", "created": "2013-12-22T17:40:34.978Z"}}, {"pk": 194, "model": "blog.text", "fields": {"classifier": null, "value": "I suppose I am missing some elementary point but I honestly cannot see how two wrongs can make a right ! !", "created": "2013-12-22T17:40:35.256Z"}}, {"pk": 195, "model": "blog.text", "fields": {"classifier": null, "value": "I regret that Bertha Madeira ( Today's `` Voice '' ) obtained incorrect information .", "created": "2013-12-22T17:40:35.523Z"}}, {"pk": 196, "model": "blog.text", "fields": {"classifier": null, "value": "The petitions will be presented in open court to President Judge William F. Dannehower , Davenport said .", "created": "2013-12-22T17:40:35.569Z"}}, {"pk": 197, "model": "blog.text", "fields": {"classifier": null, "value": "His official term expired last summer .", "created": "2013-12-22T17:40:35.791Z"}}, {"pk": 198, "model": "blog.text", "fields": {"classifier": null, "value": "Miss Murphy was born in Placentia , Newfoundland .", "created": "2013-12-22T17:40:35.935Z"}}, {"pk": 199, "model": "blog.text", "fields": {"classifier": null, "value": "On the contrary , Miss Mao and Mr. Fuller chose many of their arrangements from the works of composers such as Mendelssohn , Dvorak , Canteloube , Copland and Britten .", "created": "2013-12-22T17:40:36.280Z"}}, {"pk": 200, "model": "blog.text", "fields": {"classifier": null, "value": "The story of the fatal crash is not fully known .", "created": "2013-12-22T17:40:36.496Z"}}, {"pk": 201, "model": "blog.text", "fields": {"classifier": null, "value": "That's how he first won the Masters in 1958 .", "created": "2013-12-22T17:40:36.567Z"}}, {"pk": 202, "model": "blog.text", "fields": {"classifier": null, "value": "Asilomar , March 26", "created": "2013-12-22T17:40:36.696Z"}}, {"pk": 203, "model": "blog.text", "fields": {"classifier": null, "value": "The firm does a large amount of research and its forecasts have meaning .", "created": "2013-12-22T17:40:36.898Z"}}, {"pk": 204, "model": "blog.text", "fields": {"classifier": null, "value": "So escalation proceeds , ad infinitum or , more accurately , until the contestants begin dropping them on each other instead of on their respective proving grounds .", "created": "2013-12-22T17:40:37.181Z"}}, {"pk": 205, "model": "blog.text", "fields": {"classifier": null, "value": "It is a revelation of what has been done , what is being done and what will be done in Newark as shown by architects' plans , models and pictures .", "created": "2013-12-22T17:40:37.452Z"}}, {"pk": 206, "model": "blog.text", "fields": {"classifier": null, "value": "Of the handful of painters that Austria has produced in the 20th century , only one , Oskar Kokoschka , is widely known in the U.S. .", "created": "2013-12-22T17:40:37.753Z"}}, {"pk": 207, "model": "blog.text", "fields": {"classifier": null, "value": "Bitterness comes over him and the taste of time is like unripe persimmons in his mouth .", "created": "2013-12-22T17:40:38.008Z"}}, {"pk": 208, "model": "blog.text", "fields": {"classifier": null, "value": "This Sunday those attending the second session will hear a lecture by Kern on the world situation ; ;", "created": "2013-12-22T17:40:38.153Z"}}, {"pk": 209, "model": "blog.text", "fields": {"classifier": null, "value": "They specialize in out-of-the-way items and old French music naturally occupies a good deal of their attention .", "created": "2013-12-22T17:40:38.498Z"}}, {"pk": 210, "model": "blog.text", "fields": {"classifier": null, "value": "airdrops and airstrips ; ;", "created": "2013-12-22T17:40:38.822Z"}}, {"pk": 1, "model": "auth.permission", "fields": {"codename": "add_logentry", "name": "Can add log entry", "content_type": 1}}, {"pk": 2, "model": "auth.permission", "fields": {"codename": "change_logentry", "name": "Can change log entry", "content_type": 1}}, {"pk": 3, "model": "auth.permission", "fields": {"codename": "delete_logentry", "name": "Can delete log entry", "content_type": 1}}, {"pk": 4, "model": "auth.permission", "fields": {"codename": "add_permission", "name": "Can add permission", "content_type": 2}}, {"pk": 5, "model": "auth.permission", "fields": {"codename": "change_permission", "name": "Can change permission", "content_type": 2}}, {"pk": 6, "model": "auth.permission", "fields": {"codename": "delete_permission", "name": "Can delete permission", "content_type": 2}}, {"pk": 7, "model": "auth.permission", "fields": {"codename": "add_group", "name": "Can add group", "content_type": 3}}, {"pk": 8, "model": "auth.permission", "fields": {"codename": "change_group", "name": "Can change group", "content_type": 3}}, {"pk": 9, "model": "auth.permission", "fields": {"codename": "delete_group", "name": "Can delete group", "content_type": 3}}, {"pk": 10, "model": "auth.permission", "fields": {"codename": "add_user", "name": "Can add user", "content_type": 4}}, {"pk": 11, "model": "auth.permission", "fields": {"codename": "change_user", "name": "Can change user", "content_type": 4}}, {"pk": 12, "model": "auth.permission", "fields": {"codename": "delete_user", "name": "Can delete user", "content_type": 4}}, {"pk": 13, "model": "auth.permission", "fields": {"codename": "add_contenttype", "name": "Can add content type", "content_type": 5}}, {"pk": 14, "model": "auth.permission", "fields": {"codename": "change_contenttype", "name": "Can change content type", "content_type": 5}}, {"pk": 15, "model": "auth.permission", "fields": {"codename": "delete_contenttype", "name": "Can delete content type", "content_type": 5}}, {"pk": 16, "model": "auth.permission", "fields": {"codename": "add_session", "name": "Can add session", "content_type": 6}}, {"pk": 17, "model": "auth.permission", "fields": {"codename": "change_session", "name": "Can change session", "content_type": 6}}, {"pk": 18, "model": "auth.permission", "fields": {"codename": "delete_session", "name": "Can delete session", "content_type": 6}}, {"pk": 19, "model": "auth.permission", "fields": {"codename": "add_token", "name": "Can add token", "content_type": 7}}, {"pk": 20, "model": "auth.permission", "fields": {"codename": "change_token", "name": "Can change token", "content_type": 7}}, {"pk": 21, "model": "auth.permission", "fields": {"codename": "delete_token", "name": "Can delete token", "content_type": 7}}, {"pk": 22, "model": "auth.permission", "fields": {"codename": "add_whitelist", "name": "Can add white list", "content_type": 8}}, {"pk": 23, "model": "auth.permission", "fields": {"codename": "change_whitelist", "name": "Can change white list", "content_type": 8}}, {"pk": 24, "model": "auth.permission", "fields": {"codename": "delete_whitelist", "name": "Can delete white list", "content_type": 8}}, {"pk": 25, "model": "auth.permission", "fields": {"codename": "add_blog", "name": "Can add blog", "content_type": 9}}, {"pk": 26, "model": "auth.permission", "fields": {"codename": "change_blog", "name": "Can change blog", "content_type": 9}}, {"pk": 27, "model": "auth.permission", "fields": {"codename": "delete_blog", "name": "Can delete blog", "content_type": 9}}, {"pk": 28, "model": "auth.permission", "fields": {"codename": "add_post", "name": "Can add post", "content_type": 10}}, {"pk": 29, "model": "auth.permission", "fields": {"codename": "change_post", "name": "Can change post", "content_type": 10}}, {"pk": 30, "model": "auth.permission", "fields": {"codename": "delete_post", "name": "Can delete post", "content_type": 10}}, {"pk": 31, "model": "auth.permission", "fields": {"codename": "add_sentenceset", "name": "Can add sentence set", "content_type": 11}}, {"pk": 32, "model": "auth.permission", "fields": {"codename": "change_sentenceset", "name": "Can change sentence set", "content_type": 11}}, {"pk": 33, "model": "auth.permission", "fields": {"codename": "delete_sentenceset", "name": "Can delete sentence set", "content_type": 11}}, {"pk": 34, "model": "auth.permission", "fields": {"codename": "add_sentence", "name": "Can add sentence", "content_type": 12}}, {"pk": 35, "model": "auth.permission", "fields": {"codename": "change_sentence", "name": "Can change sentence", "content_type": 12}}, {"pk": 36, "model": "auth.permission", "fields": {"codename": "delete_sentence", "name": "Can delete sentence", "content_type": 12}}, {"pk": 37, "model": "auth.permission", "fields": {"codename": "add_text", "name": "Can add text", "content_type": 13}}, {"pk": 38, "model": "auth.permission", "fields": {"codename": "change_text", "name": "Can change text", "content_type": 13}}, {"pk": 39, "model": "auth.permission", "fields": {"codename": "delete_text", "name": "Can delete text", "content_type": 13}}, {"pk": 1, "model": "auth.user", "fields": {"username": "eric", "first_name": "", "last_name": "", "is_active": true, "is_superuser": true, "is_staff": true, "last_login": "2013-12-22T17:39:34.374Z", "groups": [], "user_permissions": [], "password": "pbkdf2_sha256$12000$ytdwqkn8OiYw$gFOBtvkpPZg0gBHRsqO67lwppe26AGTnFVuqBJnj7MA=", "email": "", "date_joined": "2013-12-22T17:39:34.374Z"}}, {"pk": 2, "model": "auth.user", "fields": {"username": "alice", "first_name": "", "last_name": "", "is_active": true, "is_superuser": false, "is_staff": false, "last_login": "2013-12-22T17:39:59.136Z", "groups": [], "user_permissions": [], "password": "pbkdf2_sha256$12000$CzxW21h8hqKS$Tb6QGZdE7cU332rAHfoLMUM3mk+5WLDGMGzJrUPXJHE=", "email": "", "date_joined": "2013-12-22T17:39:59.136Z"}}, {"pk": 3, "model": "auth.user", "fields": {"username": "bobby", "first_name": "", "last_name": "", "is_active": true, "is_superuser": false, "is_staff": false, "last_login": "2013-12-22T17:39:59.192Z", "groups": [], "user_permissions": [], "password": "pbkdf2_sha256$12000$Xrd3i88AT6XA$Gyd/OPr47fCLaoRjdLqDvAClPLnzwmqOCFoYqyKu9I8=", "email": "", "date_joined": "2013-12-22T17:39:59.192Z"}}, {"pk": 1, "model": "blog.blog", "fields": {"is_restricted": true, "title": "Jurisprudence", "creator": 2, "description": "About law and stuff...", "created": "2013-12-22T17:39:59.248Z"}}, {"pk": 2, "model": "blog.blog", "fields": {"is_restricted": false, "title": "Law", "creator": 2, "description": "About stuff...", "created": "2013-12-22T17:39:59.248Z"}}, {"pk": 3, "model": "blog.blog", "fields": {"is_restricted": false, "title": "Equality Issues", "creator": 2, "description": "Heh...", "created": "2013-12-22T17:39:59.249Z"}}, {"pk": 4, "model": "blog.blog", "fields": {"is_restricted": false, "title": "Life", "creator": 2, "description": "No way!", "created": "2013-12-22T17:39:59.249Z"}}, {"pk": 5, "model": "blog.blog", "fields": {"is_restricted": false, "title": "Philosophy", "creator": 2, "description": "Deep thinking.", "created": "2013-12-22T17:39:59.249Z"}}, {"pk": 6, "model": "blog.blog", "fields": {"is_restricted": false, "title": "Science", "creator": 3, "description": "Incredible Discoveries", "created": "2013-12-22T17:39:59.250Z"}}, {"pk": 7, "model": "blog.blog", "fields": {"is_restricted": false, "title": "Papers", "creator": 3, "description": "Researchers come here!", "created": "2013-12-22T17:39:59.250Z"}}, {"pk": 8, "model": "blog.blog", "fields": {"is_restricted": false, "title": "Networks", "creator": 3, "description": "Internets and Neurons", "created": "2013-12-22T17:39:59.250Z"}}, {"pk": 9, "model": "blog.blog", "fields": {"is_restricted": false, "title": "Optimization Problems", "creator": 3, "description": "Math blog. What else.", "created": "2013-12-22T17:39:59.251Z"}}, {"pk": 1, "model": "blog.post", "fields": {"author": 2, "created": "2013-12-22T17:39:59.253Z", "is_active": true, "modified": "2013-12-22T17:39:59.253Z", "parent_id": 1, "title": "Brown Corpus", "parent_content_type": 9}}, {"pk": 2, "model": "blog.post", "fields": {"author": 2, "created": "2013-12-22T17:40:03.694Z", "is_active": true, "modified": "2013-12-22T17:40:03.694Z", "parent_id": 2, "title": "Legal Obligations?", "parent_content_type": 9}}, {"pk": 3, "model": "blog.post", "fields": {"author": 2, "created": "2013-12-22T17:40:07.599Z", "is_active": true, "modified": "2013-12-22T17:40:07.599Z", "parent_id": 2, "title": "Standards on Law", "parent_content_type": 9}}, {"pk": 4, "model": "blog.post", "fields": {"author": 2, "created": "2013-12-22T17:40:07.600Z", "is_active": true, "modified": "2013-12-22T17:40:07.600Z", "parent_id": 3, "title": "Some post", "parent_content_type": 9}}, {"pk": 5, "model": "blog.post", "fields": {"author": 2, "created": "2013-12-22T17:40:11.752Z", "is_active": true, "modified": "2013-12-22T17:40:11.752Z", "parent_id": 4, "title": "Descartes", "parent_content_type": 9}}, {"pk": 6, "model": "blog.post", "fields": {"author": 2, "created": "2013-12-22T17:40:16.295Z", "is_active": true, "modified": "2013-12-22T17:40:16.295Z", "parent_id": 5, "title": "An examination of Kant", "parent_content_type": 9}}, {"pk": 7, "model": "blog.post", "fields": {"author": 3, "created": "2013-12-22T17:40:18.804Z", "is_active": true, "modified": "2013-12-22T17:40:18.804Z", "parent_id": 6, "title": "A discovery", "parent_content_type": 9}}, {"pk": 8, "model": "blog.post", "fields": {"author": 3, "created": "2013-12-22T17:40:21.549Z", "is_active": true, "modified": "2013-12-22T17:40:21.549Z", "parent_id": 7, "title": "RCC Architecture", "parent_content_type": 9}}, {"pk": 9, "model": "blog.post", "fields": {"author": 3, "created": "2013-12-22T17:40:23.899Z", "is_active": true, "modified": "2013-12-22T17:40:23.899Z", "parent_id": 8, "title": "Internet slow", "parent_content_type": 9}}, {"pk": 10, "model": "blog.post", "fields": {"author": 3, "created": "2013-12-22T17:40:26.925Z", "is_active": true, "modified": "2013-12-22T17:40:26.925Z", "parent_id": 9, "title": "Algorithms for robots", "parent_content_type": 9}}, {"pk": 11, "model": "blog.post", "fields": {"author": 3, "created": "2013-12-22T17:40:31.017Z", "is_active": true, "modified": "2013-12-22T17:40:31.017Z", "parent_id": 1, "title": "Interesting words", "parent_content_type": 10}}, {"pk": 12, "model": "blog.post", "fields": {"author": 3, "created": "2013-12-22T17:40:31.410Z", "is_active": true, "modified": "2013-12-22T17:40:31.410Z", "parent_id": 2, "title": "Incredible post", "parent_content_type": 10}}, {"pk": 13, "model": "blog.post", "fields": {"author": 2, "created": "2013-12-22T17:40:33.563Z", "is_active": true, "modified": "2013-12-22T17:40:33.564Z", "parent_id": 11, "title": "Thank you", "parent_content_type": 10}}, {"pk": 14, "model": "blog.post", "fields": {"author": 2, "created": "2013-12-22T17:40:36.568Z", "is_active": true, "modified": "2013-12-22T17:40:36.568Z", "parent_id": 12, "title": "Thank you again...", "parent_content_type": 10}}]