[{"pk": 1, "model": "contenttypes.contenttype", "fields": {"model": "logentry", "name": "log entry", "app_label": "admin"}}, {"pk": 2, "model": "contenttypes.contenttype", "fields": {"model": "permission", "name": "permission", "app_label": "auth"}}, {"pk": 3, "model": "contenttypes.contenttype", "fields": {"model": "group", "name": "group", "app_label": "auth"}}, {"pk": 4, "model": "contenttypes.contenttype", "fields": {"model": "user", "name": "user", "app_label": "auth"}}, {"pk": 5, "model": "contenttypes.contenttype", "fields": {"model": "contenttype", "name": "content type", "app_label": "contenttypes"}}, {"pk": 6, "model": "contenttypes.contenttype", "fields": {"model": "session", "name": "session", "app_label": "sessions"}}, {"pk": 7, "model": "contenttypes.contenttype", "fields": {"model": "token", "name": "token", "app_label": "authtoken"}}, {"pk": 8, "model": "contenttypes.contenttype", "fields": {"model": "whitelist", "name": "white list", "app_label": "blog"}}, {"pk": 9, "model": "contenttypes.contenttype", "fields": {"model": "blog", "name": "blog", "app_label": "blog"}}, {"pk": 10, "model": "contenttypes.contenttype", "fields": {"model": "post", "name": "post", "app_label": "blog"}}, {"pk": 11, "model": "contenttypes.contenttype", "fields": {"model": "sentenceset", "name": "sentence set", "app_label": "blog"}}, {"pk": 12, "model": "contenttypes.contenttype", "fields": {"model": "sentence", "name": "sentence", "app_label": "blog"}}, {"pk": 13, "model": "contenttypes.contenttype", "fields": {"model": "text", "name": "text", "app_label": "blog"}}, {"pk": 14, "model": "contenttypes.contenttype", "fields": {"model": "paragraph", "name": "paragraph", "app_label": "blog"}}, {"pk": 1, "model": "blog.sentenceset", "fields": {"parent": 1, "created": "2013-12-29T23:33:36.624Z"}}, {"pk": 2, "model": "blog.sentenceset", "fields": {"parent": 2, "created": "2013-12-29T23:33:49.195Z"}}, {"pk": 3, "model": "blog.sentenceset", "fields": {"parent": 3, "created": "2013-12-29T23:33:58.063Z"}}, {"pk": 4, "model": "blog.sentenceset", "fields": {"parent": 4, "created": "2013-12-29T23:34:07.169Z"}}, {"pk": 5, "model": "blog.sentenceset", "fields": {"parent": 5, "created": "2013-12-29T23:34:08.915Z"}}, {"pk": 6, "model": "blog.sentenceset", "fields": {"parent": 6, "created": "2013-12-29T23:34:11.689Z"}}, {"pk": 7, "model": "blog.sentenceset", "fields": {"parent": 7, "created": "2013-12-29T23:34:18.875Z"}}, {"pk": 8, "model": "blog.sentenceset", "fields": {"parent": 8, "created": "2013-12-29T23:34:22.114Z"}}, {"pk": 9, "model": "blog.sentenceset", "fields": {"parent": 9, "created": "2013-12-29T23:34:23.280Z"}}, {"pk": 10, "model": "blog.sentenceset", "fields": {"parent": 10, "created": "2013-12-29T23:34:28.360Z"}}, {"pk": 11, "model": "blog.sentenceset", "fields": {"parent": 11, "created": "2013-12-29T23:34:30.524Z"}}, {"pk": 12, "model": "blog.sentenceset", "fields": {"parent": 12, "created": "2013-12-29T23:34:37.915Z"}}, {"pk": 13, "model": "blog.sentenceset", "fields": {"parent": 13, "created": "2013-12-29T23:34:43.737Z"}}, {"pk": 14, "model": "blog.sentenceset", "fields": {"parent": 14, "created": "2013-12-29T23:34:50.813Z"}}, {"pk": 15, "model": "blog.sentenceset", "fields": {"parent": 15, "created": "2013-12-29T23:34:56.480Z"}}, {"pk": 16, "model": "blog.sentenceset", "fields": {"parent": 16, "created": "2013-12-29T23:35:03.525Z"}}, {"pk": 17, "model": "blog.sentenceset", "fields": {"parent": 17, "created": "2013-12-29T23:35:07.995Z"}}, {"pk": 18, "model": "blog.sentenceset", "fields": {"parent": 18, "created": "2013-12-29T23:35:12.181Z"}}, {"pk": 1, "model": "blog.sentence", "fields": {"number_posts": 1, "previous_version": null, "sentence_set": 1, "ordering": 1.0, "text": 1, "paragraph": 1, "mode": "t"}}, {"pk": 2, "model": "blog.sentence", "fields": {"number_posts": 1, "previous_version": null, "sentence_set": 1, "ordering": 2.0, "text": 2, "paragraph": 1, "mode": "t"}}, {"pk": 3, "model": "blog.sentence", "fields": {"number_posts": 1, "previous_version": null, "sentence_set": 1, "ordering": 3.0, "text": 3, "paragraph": 1, "mode": "t"}}, {"pk": 4, "model": "blog.sentence", "fields": {"number_posts": 0, "previous_version": null, "sentence_set": 1, "ordering": 4.0, "text": 4, "paragraph": 1, "mode": "t"}}, {"pk": 5, "model": "blog.sentence", "fields": {"number_posts": 0, "previous_version": null, "sentence_set": 1, "ordering": 5.0, "text": 5, "paragraph": 1, "mode": "t"}}, {"pk": 6, "model": "blog.sentence", "fields": {"number_posts": 0, "previous_version": null, "sentence_set": 1, "ordering": 6.0, "text": 6, "paragraph": 1, "mode": "t"}}, {"pk": 7, "model": "blog.sentence", "fields": {"number_posts": 0, "previous_version": null, "sentence_set": 1, "ordering": 7.0, "text": 7, "paragraph": 1, "mode": "t"}}, {"pk": 8, "model": "blog.sentence", "fields": {"number_posts": 0, "previous_version": null, "sentence_set": 1, "ordering": 8.0, "text": 8, "paragraph": 1, "mode": "t"}}, {"pk": 9, "model": "blog.sentence", "fields": {"number_posts": 0, "previous_version": null, "sentence_set": 1, "ordering": 9.0, "text": 9, "paragraph": 1, "mode": "t"}}, {"pk": 10, "model": "blog.sentence", "fields": {"number_posts": 0, "previous_version": null, "sentence_set": 1, "ordering": 10.0, "text": 10, "paragraph": 1, "mode": "t"}}, {"pk": 11, "model": "blog.sentence", "fields": {"number_posts": 0, "previous_version": null, "sentence_set": 1, "ordering": 11.0, "text": 9, "paragraph": 1, "mode": "t"}}, {"pk": 12, "model": "blog.sentence", "fields": {"number_posts": 0, "previous_version": null, "sentence_set": 1, "ordering": 12.0, "text": 11, "paragraph": 1, "mode": "t"}}, {"pk": 13, "model": "blog.sentence", "fields": {"number_posts": 0, "previous_version": null, "sentence_set": 1, "ordering": 13.0, "text": 12, "paragraph": 1, "mode": "t"}}, {"pk": 14, "model": "blog.sentence", "fields": {"number_posts": 0, "previous_version": null, "sentence_set": 1, "ordering": 14.0, "text": 13, "paragraph": 1, "mode": "t"}}, {"pk": 15, "model": "blog.sentence", "fields": {"number_posts": 0, "previous_version": null, "sentence_set": 1, "ordering": 15.0, "text": 14, "paragraph": 1, "mode": "t"}}, {"pk": 16, "model": "blog.sentence", "fields": {"number_posts": 1, "previous_version": null, "sentence_set": 1, "ordering": 16.0, "text": 15, "paragraph": 1, "mode": "t"}}, {"pk": 17, "model": "blog.sentence", "fields": {"number_posts": 0, "previous_version": null, "sentence_set": 1, "ordering": 17.0, "text": 3, "paragraph": 1, "mode": "t"}}, {"pk": 18, "model": "blog.sentence", "fields": {"number_posts": 0, "previous_version": null, "sentence_set": 1, "ordering": 18.0, "text": 16, "paragraph": 1, "mode": "t"}}, {"pk": 19, "model": "blog.sentence", "fields": {"number_posts": 0, "previous_version": null, "sentence_set": 1, "ordering": 19.0, "text": 17, "paragraph": 1, "mode": "t"}}, {"pk": 20, "model": "blog.sentence", "fields": {"number_posts": 0, "previous_version": null, "sentence_set": 1, "ordering": 20.0, "text": 18, "paragraph": 2, "mode": "t"}}, {"pk": 21, "model": "blog.sentence", "fields": {"number_posts": 0, "previous_version": null, "sentence_set": 1, "ordering": 21.0, "text": 2, "paragraph": 2, "mode": "t"}}, {"pk": 22, "model": "blog.sentence", "fields": {"number_posts": 0, "previous_version": null, "sentence_set": 1, "ordering": 22.0, "text": 19, "paragraph": 2, "mode": "t"}}, {"pk": 23, "model": "blog.sentence", "fields": {"number_posts": 0, "previous_version": null, "sentence_set": 1, "ordering": 23.0, "text": 15, "paragraph": 2, "mode": "t"}}, {"pk": 24, "model": "blog.sentence", "fields": {"number_posts": 0, "previous_version": null, "sentence_set": 1, "ordering": 24.0, "text": 18, "paragraph": 2, "mode": "t"}}, {"pk": 25, "model": "blog.sentence", "fields": {"number_posts": 0, "previous_version": null, "sentence_set": 1, "ordering": 25.0, "text": 9, "paragraph": 2, "mode": "t"}}, {"pk": 26, "model": "blog.sentence", "fields": {"number_posts": 0, "previous_version": null, "sentence_set": 1, "ordering": 26.0, "text": 5, "paragraph": 2, "mode": "t"}}, {"pk": 27, "model": "blog.sentence", "fields": {"number_posts": 0, "previous_version": null, "sentence_set": 1, "ordering": 27.0, "text": 17, "paragraph": 2, "mode": "t"}}, {"pk": 28, "model": "blog.sentence", "fields": {"number_posts": 0, "previous_version": null, "sentence_set": 1, "ordering": 28.0, "text": 16, "paragraph": 2, "mode": "t"}}, {"pk": 29, "model": "blog.sentence", "fields": {"number_posts": 0, "previous_version": null, "sentence_set": 1, "ordering": 29.0, "text": 12, "paragraph": 2, "mode": "t"}}, {"pk": 30, "model": "blog.sentence", "fields": {"number_posts": 0, "previous_version": null, "sentence_set": 1, "ordering": 30.0, "text": 8, "paragraph": 2, "mode": "t"}}, {"pk": 31, "model": "blog.sentence", "fields": {"number_posts": 0, "previous_version": null, "sentence_set": 1, "ordering": 31.0, "text": 20, "paragraph": 2, "mode": "t"}}, {"pk": 32, "model": "blog.sentence", "fields": {"number_posts": 0, "previous_version": null, "sentence_set": 1, "ordering": 32.0, "text": 21, "paragraph": 2, "mode": "t"}}, {"pk": 33, "model": "blog.sentence", "fields": {"number_posts": 0, "previous_version": null, "sentence_set": 1, "ordering": 33.0, "text": 4, "paragraph": 2, "mode": "t"}}, {"pk": 34, "model": "blog.sentence", "fields": {"number_posts": 0, "previous_version": null, "sentence_set": 1, "ordering": 34.0, "text": 20, "paragraph": 2, "mode": "t"}}, {"pk": 35, "model": "blog.sentence", "fields": {"number_posts": 0, "previous_version": null, "sentence_set": 1, "ordering": 35.0, "text": 7, "paragraph": 2, "mode": "t"}}, {"pk": 36, "model": "blog.sentence", "fields": {"number_posts": 0, "previous_version": null, "sentence_set": 1, "ordering": 36.0, "text": 22, "paragraph": 2, "mode": "t"}}, {"pk": 37, "model": "blog.sentence", "fields": {"number_posts": 0, "previous_version": null, "sentence_set": 2, "ordering": 1.0, "text": 3, "paragraph": 3, "mode": "t"}}, {"pk": 38, "model": "blog.sentence", "fields": {"number_posts": 0, "previous_version": null, "sentence_set": 2, "ordering": 2.0, "text": 16, "paragraph": 3, "mode": "t"}}, {"pk": 39, "model": "blog.sentence", "fields": {"number_posts": 0, "previous_version": null, "sentence_set": 2, "ordering": 3.0, "text": 23, "paragraph": 3, "mode": "t"}}, {"pk": 40, "model": "blog.sentence", "fields": {"number_posts": 0, "previous_version": null, "sentence_set": 2, "ordering": 4.0, "text": 21, "paragraph": 3, "mode": "t"}}, {"pk": 41, "model": "blog.sentence", "fields": {"number_posts": 0, "previous_version": null, "sentence_set": 2, "ordering": 5.0, "text": 2, "paragraph": 3, "mode": "t"}}, {"pk": 42, "model": "blog.sentence", "fields": {"number_posts": 0, "previous_version": null, "sentence_set": 2, "ordering": 6.0, "text": 24, "paragraph": 3, "mode": "t"}}, {"pk": 43, "model": "blog.sentence", "fields": {"number_posts": 0, "previous_version": null, "sentence_set": 2, "ordering": 7.0, "text": 24, "paragraph": 3, "mode": "t"}}, {"pk": 44, "model": "blog.sentence", "fields": {"number_posts": 0, "previous_version": null, "sentence_set": 2, "ordering": 8.0, "text": 23, "paragraph": 3, "mode": "t"}}, {"pk": 45, "model": "blog.sentence", "fields": {"number_posts": 0, "previous_version": null, "sentence_set": 2, "ordering": 9.0, "text": 25, "paragraph": 3, "mode": "t"}}, {"pk": 46, "model": "blog.sentence", "fields": {"number_posts": 0, "previous_version": null, "sentence_set": 2, "ordering": 10.0, "text": 26, "paragraph": 3, "mode": "t"}}, {"pk": 47, "model": "blog.sentence", "fields": {"number_posts": 0, "previous_version": null, "sentence_set": 2, "ordering": 11.0, "text": 27, "paragraph": 3, "mode": "t"}}, {"pk": 48, "model": "blog.sentence", "fields": {"number_posts": 0, "previous_version": null, "sentence_set": 2, "ordering": 12.0, "text": 7, "paragraph": 3, "mode": "t"}}, {"pk": 49, "model": "blog.sentence", "fields": {"number_posts": 0, "previous_version": null, "sentence_set": 2, "ordering": 13.0, "text": 3, "paragraph": 3, "mode": "t"}}, {"pk": 50, "model": "blog.sentence", "fields": {"number_posts": 0, "previous_version": null, "sentence_set": 2, "ordering": 14.0, "text": 9, "paragraph": 3, "mode": "t"}}, {"pk": 51, "model": "blog.sentence", "fields": {"number_posts": 0, "previous_version": null, "sentence_set": 2, "ordering": 15.0, "text": 10, "paragraph": 3, "mode": "t"}}, {"pk": 52, "model": "blog.sentence", "fields": {"number_posts": 0, "previous_version": null, "sentence_set": 2, "ordering": 16.0, "text": 5, "paragraph": 3, "mode": "t"}}, {"pk": 53, "model": "blog.sentence", "fields": {"number_posts": 0, "previous_version": null, "sentence_set": 2, "ordering": 17.0, "text": 26, "paragraph": 3, "mode": "t"}}, {"pk": 54, "model": "blog.sentence", "fields": {"number_posts": 0, "previous_version": null, "sentence_set": 2, "ordering": 18.0, "text": 3, "paragraph": 3, "mode": "t"}}, {"pk": 55, "model": "blog.sentence", "fields": {"number_posts": 0, "previous_version": null, "sentence_set": 2, "ordering": 19.0, "text": 24, "paragraph": 4, "mode": "t"}}, {"pk": 56, "model": "blog.sentence", "fields": {"number_posts": 0, "previous_version": null, "sentence_set": 2, "ordering": 20.0, "text": 24, "paragraph": 4, "mode": "t"}}, {"pk": 57, "model": "blog.sentence", "fields": {"number_posts": 0, "previous_version": null, "sentence_set": 2, "ordering": 21.0, "text": 6, "paragraph": 4, "mode": "t"}}, {"pk": 58, "model": "blog.sentence", "fields": {"number_posts": 0, "previous_version": null, "sentence_set": 2, "ordering": 22.0, "text": 7, "paragraph": 4, "mode": "t"}}, {"pk": 59, "model": "blog.sentence", "fields": {"number_posts": 0, "previous_version": null, "sentence_set": 2, "ordering": 23.0, "text": 10, "paragraph": 4, "mode": "t"}}, {"pk": 60, "model": "blog.sentence", "fields": {"number_posts": 0, "previous_version": null, "sentence_set": 2, "ordering": 24.0, "text": 13, "paragraph": 4, "mode": "t"}}, {"pk": 61, "model": "blog.sentence", "fields": {"number_posts": 0, "previous_version": null, "sentence_set": 2, "ordering": 25.0, "text": 11, "paragraph": 4, "mode": "t"}}, {"pk": 62, "model": "blog.sentence", "fields": {"number_posts": 0, "previous_version": null, "sentence_set": 2, "ordering": 26.0, "text": 5, "paragraph": 4, "mode": "t"}}, {"pk": 63, "model": "blog.sentence", "fields": {"number_posts": 0, "previous_version": null, "sentence_set": 2, "ordering": 27.0, "text": 15, "paragraph": 4, "mode": "t"}}, {"pk": 64, "model": "blog.sentence", "fields": {"number_posts": 0, "previous_version": null, "sentence_set": 2, "ordering": 28.0, "text": 28, "paragraph": 4, "mode": "t"}}, {"pk": 65, "model": "blog.sentence", "fields": {"number_posts": 0, "previous_version": null, "sentence_set": 2, "ordering": 29.0, "text": 28, "paragraph": 4, "mode": "t"}}, {"pk": 66, "model": "blog.sentence", "fields": {"number_posts": 0, "previous_version": null, "sentence_set": 2, "ordering": 30.0, "text": 1, "paragraph": 4, "mode": "t"}}, {"pk": 67, "model": "blog.sentence", "fields": {"number_posts": 0, "previous_version": null, "sentence_set": 2, "ordering": 31.0, "text": 7, "paragraph": 4, "mode": "t"}}, {"pk": 68, "model": "blog.sentence", "fields": {"number_posts": 0, "previous_version": null, "sentence_set": 2, "ordering": 32.0, "text": 24, "paragraph": 4, "mode": "t"}}, {"pk": 69, "model": "blog.sentence", "fields": {"number_posts": 0, "previous_version": null, "sentence_set": 2, "ordering": 33.0, "text": 1, "paragraph": 4, "mode": "t"}}, {"pk": 70, "model": "blog.sentence", "fields": {"number_posts": 0, "previous_version": null, "sentence_set": 2, "ordering": 34.0, "text": 29, "paragraph": 4, "mode": "t"}}, {"pk": 71, "model": "blog.sentence", "fields": {"number_posts": 0, "previous_version": null, "sentence_set": 2, "ordering": 35.0, "text": 30, "paragraph": 4, "mode": "t"}}, {"pk": 72, "model": "blog.sentence", "fields": {"number_posts": 0, "previous_version": null, "sentence_set": 3, "ordering": 1.0, "text": 28, "paragraph": 5, "mode": "t"}}, {"pk": 73, "model": "blog.sentence", "fields": {"number_posts": 0, "previous_version": null, "sentence_set": 3, "ordering": 2.0, "text": 25, "paragraph": 5, "mode": "t"}}, {"pk": 74, "model": "blog.sentence", "fields": {"number_posts": 0, "previous_version": null, "sentence_set": 3, "ordering": 3.0, "text": 28, "paragraph": 5, "mode": "t"}}, {"pk": 75, "model": "blog.sentence", "fields": {"number_posts": 0, "previous_version": null, "sentence_set": 3, "ordering": 4.0, "text": 28, "paragraph": 5, "mode": "t"}}, {"pk": 76, "model": "blog.sentence", "fields": {"number_posts": 0, "previous_version": null, "sentence_set": 3, "ordering": 5.0, "text": 19, "paragraph": 5, "mode": "t"}}, {"pk": 77, "model": "blog.sentence", "fields": {"number_posts": 0, "previous_version": null, "sentence_set": 3, "ordering": 6.0, "text": 16, "paragraph": 5, "mode": "t"}}, {"pk": 78, "model": "blog.sentence", "fields": {"number_posts": 0, "previous_version": null, "sentence_set": 3, "ordering": 7.0, "text": 29, "paragraph": 5, "mode": "t"}}, {"pk": 79, "model": "blog.sentence", "fields": {"number_posts": 0, "previous_version": null, "sentence_set": 3, "ordering": 8.0, "text": 4, "paragraph": 5, "mode": "t"}}, {"pk": 80, "model": "blog.sentence", "fields": {"number_posts": 0, "previous_version": null, "sentence_set": 3, "ordering": 9.0, "text": 14, "paragraph": 5, "mode": "t"}}, {"pk": 81, "model": "blog.sentence", "fields": {"number_posts": 0, "previous_version": null, "sentence_set": 3, "ordering": 10.0, "text": 3, "paragraph": 5, "mode": "t"}}, {"pk": 82, "model": "blog.sentence", "fields": {"number_posts": 0, "previous_version": null, "sentence_set": 3, "ordering": 11.0, "text": 25, "paragraph": 5, "mode": "t"}}, {"pk": 83, "model": "blog.sentence", "fields": {"number_posts": 0, "previous_version": null, "sentence_set": 3, "ordering": 12.0, "text": 25, "paragraph": 5, "mode": "t"}}, {"pk": 84, "model": "blog.sentence", "fields": {"number_posts": 0, "previous_version": null, "sentence_set": 3, "ordering": 13.0, "text": 23, "paragraph": 5, "mode": "t"}}, {"pk": 85, "model": "blog.sentence", "fields": {"number_posts": 0, "previous_version": null, "sentence_set": 3, "ordering": 14.0, "text": 31, "paragraph": 5, "mode": "t"}}, {"pk": 86, "model": "blog.sentence", "fields": {"number_posts": 0, "previous_version": null, "sentence_set": 3, "ordering": 15.0, "text": 19, "paragraph": 5, "mode": "t"}}, {"pk": 87, "model": "blog.sentence", "fields": {"number_posts": 0, "previous_version": null, "sentence_set": 3, "ordering": 16.0, "text": 14, "paragraph": 5, "mode": "t"}}, {"pk": 88, "model": "blog.sentence", "fields": {"number_posts": 0, "previous_version": null, "sentence_set": 3, "ordering": 17.0, "text": 27, "paragraph": 5, "mode": "t"}}, {"pk": 89, "model": "blog.sentence", "fields": {"number_posts": 0, "previous_version": null, "sentence_set": 3, "ordering": 18.0, "text": 8, "paragraph": 5, "mode": "t"}}, {"pk": 90, "model": "blog.sentence", "fields": {"number_posts": 0, "previous_version": null, "sentence_set": 3, "ordering": 19.0, "text": 9, "paragraph": 6, "mode": "t"}}, {"pk": 91, "model": "blog.sentence", "fields": {"number_posts": 0, "previous_version": null, "sentence_set": 3, "ordering": 20.0, "text": 32, "paragraph": 6, "mode": "t"}}, {"pk": 92, "model": "blog.sentence", "fields": {"number_posts": 0, "previous_version": null, "sentence_set": 3, "ordering": 21.0, "text": 2, "paragraph": 6, "mode": "t"}}, {"pk": 93, "model": "blog.sentence", "fields": {"number_posts": 0, "previous_version": null, "sentence_set": 3, "ordering": 22.0, "text": 17, "paragraph": 6, "mode": "t"}}, {"pk": 94, "model": "blog.sentence", "fields": {"number_posts": 0, "previous_version": null, "sentence_set": 3, "ordering": 23.0, "text": 23, "paragraph": 6, "mode": "t"}}, {"pk": 95, "model": "blog.sentence", "fields": {"number_posts": 0, "previous_version": null, "sentence_set": 3, "ordering": 24.0, "text": 33, "paragraph": 6, "mode": "t"}}, {"pk": 96, "model": "blog.sentence", "fields": {"number_posts": 0, "previous_version": null, "sentence_set": 3, "ordering": 25.0, "text": 33, "paragraph": 6, "mode": "t"}}, {"pk": 97, "model": "blog.sentence", "fields": {"number_posts": 0, "previous_version": null, "sentence_set": 3, "ordering": 26.0, "text": 1, "paragraph": 6, "mode": "t"}}, {"pk": 98, "model": "blog.sentence", "fields": {"number_posts": 0, "previous_version": null, "sentence_set": 3, "ordering": 27.0, "text": 34, "paragraph": 6, "mode": "t"}}, {"pk": 99, "model": "blog.sentence", "fields": {"number_posts": 0, "previous_version": null, "sentence_set": 3, "ordering": 28.0, "text": 30, "paragraph": 6, "mode": "t"}}, {"pk": 100, "model": "blog.sentence", "fields": {"number_posts": 0, "previous_version": null, "sentence_set": 3, "ordering": 29.0, "text": 21, "paragraph": 6, "mode": "t"}}, {"pk": 101, "model": "blog.sentence", "fields": {"number_posts": 0, "previous_version": null, "sentence_set": 3, "ordering": 30.0, "text": 11, "paragraph": 6, "mode": "t"}}, {"pk": 102, "model": "blog.sentence", "fields": {"number_posts": 0, "previous_version": null, "sentence_set": 3, "ordering": 31.0, "text": 15, "paragraph": 6, "mode": "t"}}, {"pk": 103, "model": "blog.sentence", "fields": {"number_posts": 0, "previous_version": null, "sentence_set": 3, "ordering": 32.0, "text": 11, "paragraph": 6, "mode": "t"}}, {"pk": 104, "model": "blog.sentence", "fields": {"number_posts": 0, "previous_version": null, "sentence_set": 3, "ordering": 33.0, "text": 9, "paragraph": 6, "mode": "t"}}, {"pk": 105, "model": "blog.sentence", "fields": {"number_posts": 0, "previous_version": null, "sentence_set": 3, "ordering": 34.0, "text": 23, "paragraph": 6, "mode": "t"}}, {"pk": 106, "model": "blog.sentence", "fields": {"number_posts": 0, "previous_version": null, "sentence_set": 4, "ordering": 1.0, "text": 4, "paragraph": 7, "mode": "t"}}, {"pk": 107, "model": "blog.sentence", "fields": {"number_posts": 0, "previous_version": null, "sentence_set": 4, "ordering": 2.0, "text": 28, "paragraph": 7, "mode": "t"}}, {"pk": 108, "model": "blog.sentence", "fields": {"number_posts": 0, "previous_version": null, "sentence_set": 4, "ordering": 3.0, "text": 20, "paragraph": 7, "mode": "t"}}, {"pk": 109, "model": "blog.sentence", "fields": {"number_posts": 0, "previous_version": null, "sentence_set": 4, "ordering": 4.0, "text": 20, "paragraph": 8, "mode": "t"}}, {"pk": 110, "model": "blog.sentence", "fields": {"number_posts": 0, "previous_version": null, "sentence_set": 5, "ordering": 1.0, "text": 28, "paragraph": 9, "mode": "t"}}, {"pk": 111, "model": "blog.sentence", "fields": {"number_posts": 0, "previous_version": null, "sentence_set": 5, "ordering": 2.0, "text": 20, "paragraph": 9, "mode": "t"}}, {"pk": 112, "model": "blog.sentence", "fields": {"number_posts": 0, "previous_version": null, "sentence_set": 5, "ordering": 3.0, "text": 20, "paragraph": 9, "mode": "t"}}, {"pk": 113, "model": "blog.sentence", "fields": {"number_posts": 0, "previous_version": null, "sentence_set": 5, "ordering": 4.0, "text": 20, "paragraph": 9, "mode": "t"}}, {"pk": 114, "model": "blog.sentence", "fields": {"number_posts": 0, "previous_version": null, "sentence_set": 5, "ordering": 5.0, "text": 8, "paragraph": 9, "mode": "t"}}, {"pk": 115, "model": "blog.sentence", "fields": {"number_posts": 0, "previous_version": null, "sentence_set": 5, "ordering": 6.0, "text": 16, "paragraph": 10, "mode": "t"}}, {"pk": 116, "model": "blog.sentence", "fields": {"number_posts": 0, "previous_version": null, "sentence_set": 5, "ordering": 7.0, "text": 8, "paragraph": 10, "mode": "t"}}, {"pk": 117, "model": "blog.sentence", "fields": {"number_posts": 0, "previous_version": null, "sentence_set": 5, "ordering": 8.0, "text": 15, "paragraph": 10, "mode": "t"}}, {"pk": 118, "model": "blog.sentence", "fields": {"number_posts": 0, "previous_version": null, "sentence_set": 5, "ordering": 9.0, "text": 20, "paragraph": 10, "mode": "t"}}, {"pk": 119, "model": "blog.sentence", "fields": {"number_posts": 0, "previous_version": null, "sentence_set": 6, "ordering": 1.0, "text": 8, "paragraph": 11, "mode": "t"}}, {"pk": 120, "model": "blog.sentence", "fields": {"number_posts": 0, "previous_version": null, "sentence_set": 6, "ordering": 2.0, "text": 4, "paragraph": 11, "mode": "t"}}, {"pk": 121, "model": "blog.sentence", "fields": {"number_posts": 0, "previous_version": null, "sentence_set": 6, "ordering": 3.0, "text": 1, "paragraph": 11, "mode": "t"}}, {"pk": 122, "model": "blog.sentence", "fields": {"number_posts": 0, "previous_version": null, "sentence_set": 6, "ordering": 4.0, "text": 29, "paragraph": 11, "mode": "t"}}, {"pk": 123, "model": "blog.sentence", "fields": {"number_posts": 0, "previous_version": null, "sentence_set": 6, "ordering": 5.0, "text": 23, "paragraph": 11, "mode": "t"}}, {"pk": 124, "model": "blog.sentence", "fields": {"number_posts": 0, "previous_version": null, "sentence_set": 6, "ordering": 6.0, "text": 22, "paragraph": 11, "mode": "t"}}, {"pk": 125, "model": "blog.sentence", "fields": {"number_posts": 0, "previous_version": null, "sentence_set": 6, "ordering": 7.0, "text": 16, "paragraph": 11, "mode": "t"}}, {"pk": 126, "model": "blog.sentence", "fields": {"number_posts": 0, "previous_version": null, "sentence_set": 6, "ordering": 8.0, "text": 23, "paragraph": 11, "mode": "t"}}, {"pk": 127, "model": "blog.sentence", "fields": {"number_posts": 0, "previous_version": null, "sentence_set": 6, "ordering": 9.0, "text": 9, "paragraph": 11, "mode": "t"}}, {"pk": 128, "model": "blog.sentence", "fields": {"number_posts": 0, "previous_version": null, "sentence_set": 6, "ordering": 10.0, "text": 17, "paragraph": 11, "mode": "t"}}, {"pk": 129, "model": "blog.sentence", "fields": {"number_posts": 0, "previous_version": null, "sentence_set": 6, "ordering": 11.0, "text": 32, "paragraph": 11, "mode": "t"}}, {"pk": 130, "model": "blog.sentence", "fields": {"number_posts": 0, "previous_version": null, "sentence_set": 6, "ordering": 12.0, "text": 28, "paragraph": 11, "mode": "t"}}, {"pk": 131, "model": "blog.sentence", "fields": {"number_posts": 0, "previous_version": null, "sentence_set": 6, "ordering": 13.0, "text": 14, "paragraph": 11, "mode": "t"}}, {"pk": 132, "model": "blog.sentence", "fields": {"number_posts": 0, "previous_version": null, "sentence_set": 6, "ordering": 14.0, "text": 22, "paragraph": 11, "mode": "t"}}, {"pk": 133, "model": "blog.sentence", "fields": {"number_posts": 0, "previous_version": null, "sentence_set": 6, "ordering": 15.0, "text": 29, "paragraph": 11, "mode": "t"}}, {"pk": 134, "model": "blog.sentence", "fields": {"number_posts": 0, "previous_version": null, "sentence_set": 6, "ordering": 16.0, "text": 28, "paragraph": 12, "mode": "t"}}, {"pk": 135, "model": "blog.sentence", "fields": {"number_posts": 0, "previous_version": null, "sentence_set": 6, "ordering": 17.0, "text": 32, "paragraph": 12, "mode": "t"}}, {"pk": 136, "model": "blog.sentence", "fields": {"number_posts": 0, "previous_version": null, "sentence_set": 6, "ordering": 18.0, "text": 20, "paragraph": 12, "mode": "t"}}, {"pk": 137, "model": "blog.sentence", "fields": {"number_posts": 0, "previous_version": null, "sentence_set": 6, "ordering": 19.0, "text": 11, "paragraph": 12, "mode": "t"}}, {"pk": 138, "model": "blog.sentence", "fields": {"number_posts": 0, "previous_version": null, "sentence_set": 6, "ordering": 20.0, "text": 6, "paragraph": 12, "mode": "t"}}, {"pk": 139, "model": "blog.sentence", "fields": {"number_posts": 0, "previous_version": null, "sentence_set": 6, "ordering": 21.0, "text": 9, "paragraph": 12, "mode": "t"}}, {"pk": 140, "model": "blog.sentence", "fields": {"number_posts": 0, "previous_version": null, "sentence_set": 6, "ordering": 22.0, "text": 4, "paragraph": 12, "mode": "t"}}, {"pk": 141, "model": "blog.sentence", "fields": {"number_posts": 0, "previous_version": null, "sentence_set": 6, "ordering": 23.0, "text": 7, "paragraph": 12, "mode": "t"}}, {"pk": 142, "model": "blog.sentence", "fields": {"number_posts": 0, "previous_version": null, "sentence_set": 6, "ordering": 24.0, "text": 22, "paragraph": 12, "mode": "t"}}, {"pk": 143, "model": "blog.sentence", "fields": {"number_posts": 0, "previous_version": null, "sentence_set": 6, "ordering": 25.0, "text": 29, "paragraph": 12, "mode": "t"}}, {"pk": 144, "model": "blog.sentence", "fields": {"number_posts": 0, "previous_version": null, "sentence_set": 6, "ordering": 26.0, "text": 22, "paragraph": 12, "mode": "t"}}, {"pk": 145, "model": "blog.sentence", "fields": {"number_posts": 0, "previous_version": null, "sentence_set": 6, "ordering": 27.0, "text": 25, "paragraph": 12, "mode": "t"}}, {"pk": 146, "model": "blog.sentence", "fields": {"number_posts": 0, "previous_version": null, "sentence_set": 6, "ordering": 28.0, "text": 19, "paragraph": 12, "mode": "t"}}, {"pk": 147, "model": "blog.sentence", "fields": {"number_posts": 0, "previous_version": null, "sentence_set": 6, "ordering": 29.0, "text": 31, "paragraph": 12, "mode": "t"}}, {"pk": 148, "model": "blog.sentence", "fields": {"number_posts": 0, "previous_version": null, "sentence_set": 7, "ordering": 1.0, "text": 27, "paragraph": 13, "mode": "t"}}, {"pk": 149, "model": "blog.sentence", "fields": {"number_posts": 0, "previous_version": null, "sentence_set": 7, "ordering": 2.0, "text": 21, "paragraph": 13, "mode": "t"}}, {"pk": 150, "model": "blog.sentence", "fields": {"number_posts": 0, "previous_version": null, "sentence_set": 7, "ordering": 3.0, "text": 6, "paragraph": 13, "mode": "t"}}, {"pk": 151, "model": "blog.sentence", "fields": {"number_posts": 0, "previous_version": null, "sentence_set": 7, "ordering": 4.0, "text": 28, "paragraph": 13, "mode": "t"}}, {"pk": 152, "model": "blog.sentence", "fields": {"number_posts": 0, "previous_version": null, "sentence_set": 7, "ordering": 5.0, "text": 21, "paragraph": 13, "mode": "t"}}, {"pk": 153, "model": "blog.sentence", "fields": {"number_posts": 0, "previous_version": null, "sentence_set": 7, "ordering": 6.0, "text": 6, "paragraph": 13, "mode": "t"}}, {"pk": 154, "model": "blog.sentence", "fields": {"number_posts": 0, "previous_version": null, "sentence_set": 7, "ordering": 7.0, "text": 16, "paragraph": 13, "mode": "t"}}, {"pk": 155, "model": "blog.sentence", "fields": {"number_posts": 0, "previous_version": null, "sentence_set": 7, "ordering": 8.0, "text": 6, "paragraph": 14, "mode": "t"}}, {"pk": 156, "model": "blog.sentence", "fields": {"number_posts": 0, "previous_version": null, "sentence_set": 7, "ordering": 9.0, "text": 27, "paragraph": 14, "mode": "t"}}, {"pk": 157, "model": "blog.sentence", "fields": {"number_posts": 0, "previous_version": null, "sentence_set": 7, "ordering": 10.0, "text": 4, "paragraph": 14, "mode": "t"}}, {"pk": 158, "model": "blog.sentence", "fields": {"number_posts": 0, "previous_version": null, "sentence_set": 7, "ordering": 11.0, "text": 26, "paragraph": 14, "mode": "t"}}, {"pk": 159, "model": "blog.sentence", "fields": {"number_posts": 0, "previous_version": null, "sentence_set": 7, "ordering": 12.0, "text": 4, "paragraph": 14, "mode": "t"}}, {"pk": 160, "model": "blog.sentence", "fields": {"number_posts": 0, "previous_version": null, "sentence_set": 8, "ordering": 1.0, "text": 26, "paragraph": 15, "mode": "t"}}, {"pk": 161, "model": "blog.sentence", "fields": {"number_posts": 0, "previous_version": null, "sentence_set": 8, "ordering": 2.0, "text": 28, "paragraph": 15, "mode": "t"}}, {"pk": 162, "model": "blog.sentence", "fields": {"number_posts": 0, "previous_version": null, "sentence_set": 9, "ordering": 1.0, "text": 6, "paragraph": 16, "mode": "t"}}, {"pk": 163, "model": "blog.sentence", "fields": {"number_posts": 0, "previous_version": null, "sentence_set": 9, "ordering": 2.0, "text": 31, "paragraph": 16, "mode": "t"}}, {"pk": 164, "model": "blog.sentence", "fields": {"number_posts": 0, "previous_version": null, "sentence_set": 9, "ordering": 3.0, "text": 18, "paragraph": 16, "mode": "t"}}, {"pk": 165, "model": "blog.sentence", "fields": {"number_posts": 0, "previous_version": null, "sentence_set": 9, "ordering": 4.0, "text": 19, "paragraph": 16, "mode": "t"}}, {"pk": 166, "model": "blog.sentence", "fields": {"number_posts": 0, "previous_version": null, "sentence_set": 9, "ordering": 5.0, "text": 21, "paragraph": 16, "mode": "t"}}, {"pk": 167, "model": "blog.sentence", "fields": {"number_posts": 0, "previous_version": null, "sentence_set": 9, "ordering": 6.0, "text": 6, "paragraph": 16, "mode": "t"}}, {"pk": 168, "model": "blog.sentence", "fields": {"number_posts": 0, "previous_version": null, "sentence_set": 9, "ordering": 7.0, "text": 14, "paragraph": 16, "mode": "t"}}, {"pk": 169, "model": "blog.sentence", "fields": {"number_posts": 0, "previous_version": null, "sentence_set": 9, "ordering": 8.0, "text": 27, "paragraph": 16, "mode": "t"}}, {"pk": 170, "model": "blog.sentence", "fields": {"number_posts": 0, "previous_version": null, "sentence_set": 9, "ordering": 9.0, "text": 25, "paragraph": 16, "mode": "t"}}, {"pk": 171, "model": "blog.sentence", "fields": {"number_posts": 0, "previous_version": null, "sentence_set": 9, "ordering": 10.0, "text": 17, "paragraph": 16, "mode": "t"}}, {"pk": 172, "model": "blog.sentence", "fields": {"number_posts": 0, "previous_version": null, "sentence_set": 9, "ordering": 11.0, "text": 26, "paragraph": 16, "mode": "t"}}, {"pk": 173, "model": "blog.sentence", "fields": {"number_posts": 0, "previous_version": null, "sentence_set": 9, "ordering": 12.0, "text": 2, "paragraph": 17, "mode": "t"}}, {"pk": 174, "model": "blog.sentence", "fields": {"number_posts": 0, "previous_version": null, "sentence_set": 9, "ordering": 13.0, "text": 25, "paragraph": 17, "mode": "t"}}, {"pk": 175, "model": "blog.sentence", "fields": {"number_posts": 0, "previous_version": null, "sentence_set": 9, "ordering": 14.0, "text": 27, "paragraph": 17, "mode": "t"}}, {"pk": 176, "model": "blog.sentence", "fields": {"number_posts": 0, "previous_version": null, "sentence_set": 9, "ordering": 15.0, "text": 1, "paragraph": 17, "mode": "t"}}, {"pk": 177, "model": "blog.sentence", "fields": {"number_posts": 0, "previous_version": null, "sentence_set": 9, "ordering": 16.0, "text": 16, "paragraph": 17, "mode": "t"}}, {"pk": 178, "model": "blog.sentence", "fields": {"number_posts": 0, "previous_version": null, "sentence_set": 9, "ordering": 17.0, "text": 31, "paragraph": 17, "mode": "t"}}, {"pk": 179, "model": "blog.sentence", "fields": {"number_posts": 0, "previous_version": null, "sentence_set": 9, "ordering": 18.0, "text": 19, "paragraph": 17, "mode": "t"}}, {"pk": 180, "model": "blog.sentence", "fields": {"number_posts": 0, "previous_version": null, "sentence_set": 9, "ordering": 19.0, "text": 9, "paragraph": 17, "mode": "t"}}, {"pk": 181, "model": "blog.sentence", "fields": {"number_posts": 0, "previous_version": null, "sentence_set": 9, "ordering": 20.0, "text": 15, "paragraph": 17, "mode": "t"}}, {"pk": 182, "model": "blog.sentence", "fields": {"number_posts": 0, "previous_version": null, "sentence_set": 9, "ordering": 21.0, "text": 28, "paragraph": 17, "mode": "t"}}, {"pk": 183, "model": "blog.sentence", "fields": {"number_posts": 0, "previous_version": null, "sentence_set": 10, "ordering": 1.0, "text": 15, "paragraph": 18, "mode": "t"}}, {"pk": 184, "model": "blog.sentence", "fields": {"number_posts": 0, "previous_version": null, "sentence_set": 10, "ordering": 2.0, "text": 28, "paragraph": 18, "mode": "t"}}, {"pk": 185, "model": "blog.sentence", "fields": {"number_posts": 0, "previous_version": null, "sentence_set": 10, "ordering": 3.0, "text": 8, "paragraph": 18, "mode": "t"}}, {"pk": 186, "model": "blog.sentence", "fields": {"number_posts": 0, "previous_version": null, "sentence_set": 10, "ordering": 4.0, "text": 28, "paragraph": 18, "mode": "t"}}, {"pk": 187, "model": "blog.sentence", "fields": {"number_posts": 0, "previous_version": null, "sentence_set": 10, "ordering": 5.0, "text": 20, "paragraph": 19, "mode": "t"}}, {"pk": 188, "model": "blog.sentence", "fields": {"number_posts": 0, "previous_version": null, "sentence_set": 10, "ordering": 6.0, "text": 4, "paragraph": 19, "mode": "t"}}, {"pk": 189, "model": "blog.sentence", "fields": {"number_posts": 0, "previous_version": null, "sentence_set": 10, "ordering": 7.0, "text": 20, "paragraph": 19, "mode": "t"}}, {"pk": 190, "model": "blog.sentence", "fields": {"number_posts": 0, "previous_version": null, "sentence_set": 11, "ordering": 1.0, "text": 21, "paragraph": 20, "mode": "t"}}, {"pk": 191, "model": "blog.sentence", "fields": {"number_posts": 0, "previous_version": null, "sentence_set": 11, "ordering": 2.0, "text": 33, "paragraph": 20, "mode": "t"}}, {"pk": 192, "model": "blog.sentence", "fields": {"number_posts": 0, "previous_version": null, "sentence_set": 11, "ordering": 3.0, "text": 4, "paragraph": 20, "mode": "t"}}, {"pk": 193, "model": "blog.sentence", "fields": {"number_posts": 0, "previous_version": null, "sentence_set": 11, "ordering": 4.0, "text": 9, "paragraph": 20, "mode": "t"}}, {"pk": 194, "model": "blog.sentence", "fields": {"number_posts": 0, "previous_version": null, "sentence_set": 11, "ordering": 5.0, "text": 2, "paragraph": 20, "mode": "t"}}, {"pk": 195, "model": "blog.sentence", "fields": {"number_posts": 0, "previous_version": null, "sentence_set": 11, "ordering": 6.0, "text": 4, "paragraph": 20, "mode": "t"}}, {"pk": 196, "model": "blog.sentence", "fields": {"number_posts": 0, "previous_version": null, "sentence_set": 11, "ordering": 7.0, "text": 13, "paragraph": 20, "mode": "t"}}, {"pk": 197, "model": "blog.sentence", "fields": {"number_posts": 0, "previous_version": null, "sentence_set": 11, "ordering": 8.0, "text": 17, "paragraph": 20, "mode": "t"}}, {"pk": 198, "model": "blog.sentence", "fields": {"number_posts": 0, "previous_version": null, "sentence_set": 11, "ordering": 9.0, "text": 20, "paragraph": 20, "mode": "t"}}, {"pk": 199, "model": "blog.sentence", "fields": {"number_posts": 0, "previous_version": null, "sentence_set": 11, "ordering": 10.0, "text": 34, "paragraph": 20, "mode": "t"}}, {"pk": 200, "model": "blog.sentence", "fields": {"number_posts": 0, "previous_version": null, "sentence_set": 11, "ordering": 11.0, "text": 16, "paragraph": 20, "mode": "t"}}, {"pk": 201, "model": "blog.sentence", "fields": {"number_posts": 0, "previous_version": null, "sentence_set": 11, "ordering": 12.0, "text": 33, "paragraph": 20, "mode": "t"}}, {"pk": 202, "model": "blog.sentence", "fields": {"number_posts": 0, "previous_version": null, "sentence_set": 11, "ordering": 13.0, "text": 20, "paragraph": 20, "mode": "t"}}, {"pk": 203, "model": "blog.sentence", "fields": {"number_posts": 0, "previous_version": null, "sentence_set": 11, "ordering": 14.0, "text": 2, "paragraph": 20, "mode": "t"}}, {"pk": 204, "model": "blog.sentence", "fields": {"number_posts": 0, "previous_version": null, "sentence_set": 11, "ordering": 15.0, "text": 19, "paragraph": 20, "mode": "t"}}, {"pk": 205, "model": "blog.sentence", "fields": {"number_posts": 0, "previous_version": null, "sentence_set": 11, "ordering": 16.0, "text": 16, "paragraph": 20, "mode": "t"}}, {"pk": 206, "model": "blog.sentence", "fields": {"number_posts": 0, "previous_version": null, "sentence_set": 11, "ordering": 17.0, "text": 19, "paragraph": 20, "mode": "t"}}, {"pk": 207, "model": "blog.sentence", "fields": {"number_posts": 0, "previous_version": null, "sentence_set": 11, "ordering": 18.0, "text": 10, "paragraph": 21, "mode": "t"}}, {"pk": 208, "model": "blog.sentence", "fields": {"number_posts": 0, "previous_version": null, "sentence_set": 11, "ordering": 19.0, "text": 9, "paragraph": 21, "mode": "t"}}, {"pk": 209, "model": "blog.sentence", "fields": {"number_posts": 0, "previous_version": null, "sentence_set": 11, "ordering": 20.0, "text": 20, "paragraph": 21, "mode": "t"}}, {"pk": 210, "model": "blog.sentence", "fields": {"number_posts": 0, "previous_version": null, "sentence_set": 11, "ordering": 21.0, "text": 14, "paragraph": 21, "mode": "t"}}, {"pk": 211, "model": "blog.sentence", "fields": {"number_posts": 0, "previous_version": null, "sentence_set": 11, "ordering": 22.0, "text": 11, "paragraph": 21, "mode": "t"}}, {"pk": 212, "model": "blog.sentence", "fields": {"number_posts": 0, "previous_version": null, "sentence_set": 11, "ordering": 23.0, "text": 34, "paragraph": 21, "mode": "t"}}, {"pk": 213, "model": "blog.sentence", "fields": {"number_posts": 0, "previous_version": null, "sentence_set": 11, "ordering": 24.0, "text": 26, "paragraph": 21, "mode": "t"}}, {"pk": 214, "model": "blog.sentence", "fields": {"number_posts": 0, "previous_version": null, "sentence_set": 11, "ordering": 25.0, "text": 17, "paragraph": 21, "mode": "t"}}, {"pk": 215, "model": "blog.sentence", "fields": {"number_posts": 0, "previous_version": null, "sentence_set": 11, "ordering": 26.0, "text": 14, "paragraph": 21, "mode": "t"}}, {"pk": 216, "model": "blog.sentence", "fields": {"number_posts": 0, "previous_version": null, "sentence_set": 11, "ordering": 27.0, "text": 10, "paragraph": 21, "mode": "t"}}, {"pk": 217, "model": "blog.sentence", "fields": {"number_posts": 0, "previous_version": null, "sentence_set": 11, "ordering": 28.0, "text": 25, "paragraph": 21, "mode": "t"}}, {"pk": 218, "model": "blog.sentence", "fields": {"number_posts": 0, "previous_version": null, "sentence_set": 11, "ordering": 29.0, "text": 35, "paragraph": 21, "mode": "t"}}, {"pk": 219, "model": "blog.sentence", "fields": {"number_posts": 0, "previous_version": null, "sentence_set": 11, "ordering": 30.0, "text": 22, "paragraph": 21, "mode": "t"}}, {"pk": 220, "model": "blog.sentence", "fields": {"number_posts": 0, "previous_version": null, "sentence_set": 11, "ordering": 31.0, "text": 14, "paragraph": 21, "mode": "t"}}, {"pk": 221, "model": "blog.sentence", "fields": {"number_posts": 0, "previous_version": null, "sentence_set": 11, "ordering": 32.0, "text": 4, "paragraph": 21, "mode": "t"}}, {"pk": 222, "model": "blog.sentence", "fields": {"number_posts": 0, "previous_version": null, "sentence_set": 11, "ordering": 33.0, "text": 7, "paragraph": 21, "mode": "t"}}, {"pk": 223, "model": "blog.sentence", "fields": {"number_posts": 0, "previous_version": null, "sentence_set": 12, "ordering": 1.0, "text": 13, "paragraph": 22, "mode": "t"}}, {"pk": 224, "model": "blog.sentence", "fields": {"number_posts": 0, "previous_version": null, "sentence_set": 12, "ordering": 2.0, "text": 4, "paragraph": 22, "mode": "t"}}, {"pk": 225, "model": "blog.sentence", "fields": {"number_posts": 0, "previous_version": null, "sentence_set": 12, "ordering": 3.0, "text": 26, "paragraph": 22, "mode": "t"}}, {"pk": 226, "model": "blog.sentence", "fields": {"number_posts": 0, "previous_version": null, "sentence_set": 12, "ordering": 4.0, "text": 2, "paragraph": 22, "mode": "t"}}, {"pk": 227, "model": "blog.sentence", "fields": {"number_posts": 0, "previous_version": null, "sentence_set": 12, "ordering": 5.0, "text": 18, "paragraph": 22, "mode": "t"}}, {"pk": 228, "model": "blog.sentence", "fields": {"number_posts": 0, "previous_version": null, "sentence_set": 12, "ordering": 6.0, "text": 32, "paragraph": 22, "mode": "t"}}, {"pk": 229, "model": "blog.sentence", "fields": {"number_posts": 0, "previous_version": null, "sentence_set": 12, "ordering": 7.0, "text": 20, "paragraph": 22, "mode": "t"}}, {"pk": 230, "model": "blog.sentence", "fields": {"number_posts": 0, "previous_version": null, "sentence_set": 12, "ordering": 8.0, "text": 28, "paragraph": 22, "mode": "t"}}, {"pk": 231, "model": "blog.sentence", "fields": {"number_posts": 0, "previous_version": null, "sentence_set": 12, "ordering": 9.0, "text": 6, "paragraph": 22, "mode": "t"}}, {"pk": 232, "model": "blog.sentence", "fields": {"number_posts": 0, "previous_version": null, "sentence_set": 12, "ordering": 10.0, "text": 25, "paragraph": 22, "mode": "t"}}, {"pk": 233, "model": "blog.sentence", "fields": {"number_posts": 0, "previous_version": null, "sentence_set": 12, "ordering": 11.0, "text": 18, "paragraph": 22, "mode": "t"}}, {"pk": 234, "model": "blog.sentence", "fields": {"number_posts": 0, "previous_version": null, "sentence_set": 12, "ordering": 12.0, "text": 21, "paragraph": 22, "mode": "t"}}, {"pk": 235, "model": "blog.sentence", "fields": {"number_posts": 0, "previous_version": null, "sentence_set": 12, "ordering": 13.0, "text": 28, "paragraph": 22, "mode": "t"}}, {"pk": 236, "model": "blog.sentence", "fields": {"number_posts": 0, "previous_version": null, "sentence_set": 12, "ordering": 14.0, "text": 21, "paragraph": 23, "mode": "t"}}, {"pk": 237, "model": "blog.sentence", "fields": {"number_posts": 0, "previous_version": null, "sentence_set": 12, "ordering": 15.0, "text": 32, "paragraph": 23, "mode": "t"}}, {"pk": 238, "model": "blog.sentence", "fields": {"number_posts": 0, "previous_version": null, "sentence_set": 12, "ordering": 16.0, "text": 33, "paragraph": 23, "mode": "t"}}, {"pk": 239, "model": "blog.sentence", "fields": {"number_posts": 0, "previous_version": null, "sentence_set": 12, "ordering": 17.0, "text": 17, "paragraph": 23, "mode": "t"}}, {"pk": 240, "model": "blog.sentence", "fields": {"number_posts": 0, "previous_version": null, "sentence_set": 12, "ordering": 18.0, "text": 6, "paragraph": 23, "mode": "t"}}, {"pk": 241, "model": "blog.sentence", "fields": {"number_posts": 0, "previous_version": null, "sentence_set": 12, "ordering": 19.0, "text": 19, "paragraph": 23, "mode": "t"}}, {"pk": 242, "model": "blog.sentence", "fields": {"number_posts": 0, "previous_version": null, "sentence_set": 12, "ordering": 20.0, "text": 6, "paragraph": 23, "mode": "t"}}, {"pk": 243, "model": "blog.sentence", "fields": {"number_posts": 0, "previous_version": null, "sentence_set": 12, "ordering": 21.0, "text": 31, "paragraph": 23, "mode": "t"}}, {"pk": 244, "model": "blog.sentence", "fields": {"number_posts": 0, "previous_version": null, "sentence_set": 12, "ordering": 22.0, "text": 8, "paragraph": 23, "mode": "t"}}, {"pk": 245, "model": "blog.sentence", "fields": {"number_posts": 0, "previous_version": null, "sentence_set": 12, "ordering": 23.0, "text": 15, "paragraph": 23, "mode": "t"}}, {"pk": 246, "model": "blog.sentence", "fields": {"number_posts": 0, "previous_version": null, "sentence_set": 12, "ordering": 24.0, "text": 32, "paragraph": 23, "mode": "t"}}, {"pk": 247, "model": "blog.sentence", "fields": {"number_posts": 0, "previous_version": null, "sentence_set": 13, "ordering": 1.0, "text": 26, "paragraph": 24, "mode": "t"}}, {"pk": 248, "model": "blog.sentence", "fields": {"number_posts": 0, "previous_version": null, "sentence_set": 13, "ordering": 2.0, "text": 23, "paragraph": 24, "mode": "t"}}, {"pk": 249, "model": "blog.sentence", "fields": {"number_posts": 0, "previous_version": null, "sentence_set": 13, "ordering": 3.0, "text": 2, "paragraph": 24, "mode": "t"}}, {"pk": 250, "model": "blog.sentence", "fields": {"number_posts": 0, "previous_version": null, "sentence_set": 13, "ordering": 4.0, "text": 6, "paragraph": 24, "mode": "t"}}, {"pk": 251, "model": "blog.sentence", "fields": {"number_posts": 0, "previous_version": null, "sentence_set": 13, "ordering": 5.0, "text": 25, "paragraph": 24, "mode": "t"}}, {"pk": 252, "model": "blog.sentence", "fields": {"number_posts": 0, "previous_version": null, "sentence_set": 13, "ordering": 6.0, "text": 10, "paragraph": 24, "mode": "t"}}, {"pk": 253, "model": "blog.sentence", "fields": {"number_posts": 0, "previous_version": null, "sentence_set": 13, "ordering": 7.0, "text": 26, "paragraph": 24, "mode": "t"}}, {"pk": 254, "model": "blog.sentence", "fields": {"number_posts": 0, "previous_version": null, "sentence_set": 13, "ordering": 8.0, "text": 22, "paragraph": 24, "mode": "t"}}, {"pk": 255, "model": "blog.sentence", "fields": {"number_posts": 0, "previous_version": null, "sentence_set": 13, "ordering": 9.0, "text": 32, "paragraph": 24, "mode": "t"}}, {"pk": 256, "model": "blog.sentence", "fields": {"number_posts": 0, "previous_version": null, "sentence_set": 13, "ordering": 10.0, "text": 25, "paragraph": 24, "mode": "t"}}, {"pk": 257, "model": "blog.sentence", "fields": {"number_posts": 0, "previous_version": null, "sentence_set": 13, "ordering": 11.0, "text": 33, "paragraph": 24, "mode": "t"}}, {"pk": 258, "model": "blog.sentence", "fields": {"number_posts": 0, "previous_version": null, "sentence_set": 13, "ordering": 12.0, "text": 16, "paragraph": 24, "mode": "t"}}, {"pk": 259, "model": "blog.sentence", "fields": {"number_posts": 0, "previous_version": null, "sentence_set": 13, "ordering": 13.0, "text": 29, "paragraph": 24, "mode": "t"}}, {"pk": 260, "model": "blog.sentence", "fields": {"number_posts": 0, "previous_version": null, "sentence_set": 13, "ordering": 14.0, "text": 18, "paragraph": 24, "mode": "t"}}, {"pk": 261, "model": "blog.sentence", "fields": {"number_posts": 0, "previous_version": null, "sentence_set": 13, "ordering": 15.0, "text": 34, "paragraph": 24, "mode": "t"}}, {"pk": 262, "model": "blog.sentence", "fields": {"number_posts": 0, "previous_version": null, "sentence_set": 13, "ordering": 16.0, "text": 31, "paragraph": 24, "mode": "t"}}, {"pk": 263, "model": "blog.sentence", "fields": {"number_posts": 0, "previous_version": null, "sentence_set": 13, "ordering": 17.0, "text": 11, "paragraph": 25, "mode": "t"}}, {"pk": 264, "model": "blog.sentence", "fields": {"number_posts": 0, "previous_version": null, "sentence_set": 13, "ordering": 18.0, "text": 28, "paragraph": 25, "mode": "t"}}, {"pk": 265, "model": "blog.sentence", "fields": {"number_posts": 0, "previous_version": null, "sentence_set": 13, "ordering": 19.0, "text": 7, "paragraph": 25, "mode": "t"}}, {"pk": 266, "model": "blog.sentence", "fields": {"number_posts": 0, "previous_version": null, "sentence_set": 13, "ordering": 20.0, "text": 28, "paragraph": 25, "mode": "t"}}, {"pk": 267, "model": "blog.sentence", "fields": {"number_posts": 0, "previous_version": null, "sentence_set": 13, "ordering": 21.0, "text": 8, "paragraph": 25, "mode": "t"}}, {"pk": 268, "model": "blog.sentence", "fields": {"number_posts": 0, "previous_version": null, "sentence_set": 13, "ordering": 22.0, "text": 2, "paragraph": 25, "mode": "t"}}, {"pk": 269, "model": "blog.sentence", "fields": {"number_posts": 0, "previous_version": null, "sentence_set": 13, "ordering": 23.0, "text": 19, "paragraph": 25, "mode": "t"}}, {"pk": 270, "model": "blog.sentence", "fields": {"number_posts": 0, "previous_version": null, "sentence_set": 13, "ordering": 24.0, "text": 33, "paragraph": 25, "mode": "t"}}, {"pk": 271, "model": "blog.sentence", "fields": {"number_posts": 0, "previous_version": null, "sentence_set": 13, "ordering": 25.0, "text": 29, "paragraph": 25, "mode": "t"}}, {"pk": 272, "model": "blog.sentence", "fields": {"number_posts": 0, "previous_version": null, "sentence_set": 13, "ordering": 26.0, "text": 9, "paragraph": 25, "mode": "t"}}, {"pk": 273, "model": "blog.sentence", "fields": {"number_posts": 0, "previous_version": null, "sentence_set": 13, "ordering": 27.0, "text": 15, "paragraph": 25, "mode": "t"}}, {"pk": 274, "model": "blog.sentence", "fields": {"number_posts": 0, "previous_version": null, "sentence_set": 13, "ordering": 28.0, "text": 34, "paragraph": 25, "mode": "t"}}, {"pk": 275, "model": "blog.sentence", "fields": {"number_posts": 0, "previous_version": null, "sentence_set": 13, "ordering": 29.0, "text": 4, "paragraph": 25, "mode": "t"}}, {"pk": 276, "model": "blog.sentence", "fields": {"number_posts": 0, "previous_version": null, "sentence_set": 13, "ordering": 30.0, "text": 22, "paragraph": 25, "mode": "t"}}, {"pk": 277, "model": "blog.sentence", "fields": {"number_posts": 0, "previous_version": null, "sentence_set": 13, "ordering": 31.0, "text": 11, "paragraph": 25, "mode": "t"}}, {"pk": 278, "model": "blog.sentence", "fields": {"number_posts": 0, "previous_version": null, "sentence_set": 14, "ordering": 1.0, "text": 25, "paragraph": 26, "mode": "t"}}, {"pk": 279, "model": "blog.sentence", "fields": {"number_posts": 0, "previous_version": null, "sentence_set": 14, "ordering": 2.0, "text": 31, "paragraph": 26, "mode": "t"}}, {"pk": 280, "model": "blog.sentence", "fields": {"number_posts": 0, "previous_version": null, "sentence_set": 14, "ordering": 3.0, "text": 20, "paragraph": 26, "mode": "t"}}, {"pk": 281, "model": "blog.sentence", "fields": {"number_posts": 0, "previous_version": null, "sentence_set": 14, "ordering": 4.0, "text": 2, "paragraph": 26, "mode": "t"}}, {"pk": 282, "model": "blog.sentence", "fields": {"number_posts": 0, "previous_version": null, "sentence_set": 14, "ordering": 5.0, "text": 22, "paragraph": 26, "mode": "t"}}, {"pk": 283, "model": "blog.sentence", "fields": {"number_posts": 0, "previous_version": null, "sentence_set": 14, "ordering": 6.0, "text": 19, "paragraph": 26, "mode": "t"}}, {"pk": 284, "model": "blog.sentence", "fields": {"number_posts": 0, "previous_version": null, "sentence_set": 14, "ordering": 7.0, "text": 25, "paragraph": 26, "mode": "t"}}, {"pk": 285, "model": "blog.sentence", "fields": {"number_posts": 0, "previous_version": null, "sentence_set": 14, "ordering": 8.0, "text": 17, "paragraph": 26, "mode": "t"}}, {"pk": 286, "model": "blog.sentence", "fields": {"number_posts": 0, "previous_version": null, "sentence_set": 14, "ordering": 9.0, "text": 8, "paragraph": 26, "mode": "t"}}, {"pk": 287, "model": "blog.sentence", "fields": {"number_posts": 0, "previous_version": null, "sentence_set": 14, "ordering": 10.0, "text": 20, "paragraph": 26, "mode": "t"}}, {"pk": 288, "model": "blog.sentence", "fields": {"number_posts": 0, "previous_version": null, "sentence_set": 14, "ordering": 11.0, "text": 17, "paragraph": 26, "mode": "t"}}, {"pk": 289, "model": "blog.sentence", "fields": {"number_posts": 0, "previous_version": null, "sentence_set": 14, "ordering": 12.0, "text": 26, "paragraph": 26, "mode": "t"}}, {"pk": 290, "model": "blog.sentence", "fields": {"number_posts": 0, "previous_version": null, "sentence_set": 14, "ordering": 13.0, "text": 9, "paragraph": 26, "mode": "t"}}, {"pk": 291, "model": "blog.sentence", "fields": {"number_posts": 0, "previous_version": null, "sentence_set": 14, "ordering": 14.0, "text": 15, "paragraph": 27, "mode": "t"}}, {"pk": 292, "model": "blog.sentence", "fields": {"number_posts": 0, "previous_version": null, "sentence_set": 14, "ordering": 15.0, "text": 6, "paragraph": 27, "mode": "t"}}, {"pk": 293, "model": "blog.sentence", "fields": {"number_posts": 0, "previous_version": null, "sentence_set": 14, "ordering": 16.0, "text": 4, "paragraph": 27, "mode": "t"}}, {"pk": 294, "model": "blog.sentence", "fields": {"number_posts": 0, "previous_version": null, "sentence_set": 14, "ordering": 17.0, "text": 33, "paragraph": 27, "mode": "t"}}, {"pk": 295, "model": "blog.sentence", "fields": {"number_posts": 0, "previous_version": null, "sentence_set": 14, "ordering": 18.0, "text": 22, "paragraph": 27, "mode": "t"}}, {"pk": 296, "model": "blog.sentence", "fields": {"number_posts": 0, "previous_version": null, "sentence_set": 14, "ordering": 19.0, "text": 26, "paragraph": 27, "mode": "t"}}, {"pk": 297, "model": "blog.sentence", "fields": {"number_posts": 0, "previous_version": null, "sentence_set": 14, "ordering": 20.0, "text": 17, "paragraph": 27, "mode": "t"}}, {"pk": 298, "model": "blog.sentence", "fields": {"number_posts": 0, "previous_version": null, "sentence_set": 14, "ordering": 21.0, "text": 26, "paragraph": 27, "mode": "t"}}, {"pk": 299, "model": "blog.sentence", "fields": {"number_posts": 0, "previous_version": null, "sentence_set": 14, "ordering": 22.0, "text": 8, "paragraph": 27, "mode": "t"}}, {"pk": 300, "model": "blog.sentence", "fields": {"number_posts": 0, "previous_version": null, "sentence_set": 14, "ordering": 23.0, "text": 13, "paragraph": 27, "mode": "t"}}, {"pk": 301, "model": "blog.sentence", "fields": {"number_posts": 0, "previous_version": null, "sentence_set": 14, "ordering": 24.0, "text": 28, "paragraph": 27, "mode": "t"}}, {"pk": 302, "model": "blog.sentence", "fields": {"number_posts": 0, "previous_version": null, "sentence_set": 14, "ordering": 25.0, "text": 31, "paragraph": 27, "mode": "t"}}, {"pk": 303, "model": "blog.sentence", "fields": {"number_posts": 0, "previous_version": null, "sentence_set": 15, "ordering": 1.0, "text": 13, "paragraph": 28, "mode": "t"}}, {"pk": 304, "model": "blog.sentence", "fields": {"number_posts": 0, "previous_version": null, "sentence_set": 15, "ordering": 2.0, "text": 21, "paragraph": 28, "mode": "t"}}, {"pk": 305, "model": "blog.sentence", "fields": {"number_posts": 0, "previous_version": null, "sentence_set": 15, "ordering": 3.0, "text": 4, "paragraph": 28, "mode": "t"}}, {"pk": 306, "model": "blog.sentence", "fields": {"number_posts": 0, "previous_version": null, "sentence_set": 15, "ordering": 4.0, "text": 17, "paragraph": 28, "mode": "t"}}, {"pk": 307, "model": "blog.sentence", "fields": {"number_posts": 0, "previous_version": null, "sentence_set": 15, "ordering": 5.0, "text": 21, "paragraph": 28, "mode": "t"}}, {"pk": 308, "model": "blog.sentence", "fields": {"number_posts": 0, "previous_version": null, "sentence_set": 15, "ordering": 6.0, "text": 25, "paragraph": 28, "mode": "t"}}, {"pk": 309, "model": "blog.sentence", "fields": {"number_posts": 0, "previous_version": null, "sentence_set": 15, "ordering": 7.0, "text": 25, "paragraph": 28, "mode": "t"}}, {"pk": 310, "model": "blog.sentence", "fields": {"number_posts": 0, "previous_version": null, "sentence_set": 15, "ordering": 8.0, "text": 4, "paragraph": 28, "mode": "t"}}, {"pk": 311, "model": "blog.sentence", "fields": {"number_posts": 0, "previous_version": null, "sentence_set": 15, "ordering": 9.0, "text": 3, "paragraph": 28, "mode": "t"}}, {"pk": 312, "model": "blog.sentence", "fields": {"number_posts": 0, "previous_version": null, "sentence_set": 15, "ordering": 10.0, "text": 34, "paragraph": 28, "mode": "t"}}, {"pk": 313, "model": "blog.sentence", "fields": {"number_posts": 0, "previous_version": null, "sentence_set": 15, "ordering": 11.0, "text": 7, "paragraph": 28, "mode": "t"}}, {"pk": 314, "model": "blog.sentence", "fields": {"number_posts": 0, "previous_version": null, "sentence_set": 15, "ordering": 12.0, "text": 14, "paragraph": 28, "mode": "t"}}, {"pk": 315, "model": "blog.sentence", "fields": {"number_posts": 0, "previous_version": null, "sentence_set": 15, "ordering": 13.0, "text": 21, "paragraph": 28, "mode": "t"}}, {"pk": 316, "model": "blog.sentence", "fields": {"number_posts": 0, "previous_version": null, "sentence_set": 15, "ordering": 14.0, "text": 32, "paragraph": 28, "mode": "t"}}, {"pk": 317, "model": "blog.sentence", "fields": {"number_posts": 0, "previous_version": null, "sentence_set": 15, "ordering": 15.0, "text": 23, "paragraph": 28, "mode": "t"}}, {"pk": 318, "model": "blog.sentence", "fields": {"number_posts": 0, "previous_version": null, "sentence_set": 15, "ordering": 16.0, "text": 10, "paragraph": 28, "mode": "t"}}, {"pk": 319, "model": "blog.sentence", "fields": {"number_posts": 0, "previous_version": null, "sentence_set": 15, "ordering": 17.0, "text": 2, "paragraph": 28, "mode": "t"}}, {"pk": 320, "model": "blog.sentence", "fields": {"number_posts": 0, "previous_version": null, "sentence_set": 15, "ordering": 18.0, "text": 16, "paragraph": 29, "mode": "t"}}, {"pk": 321, "model": "blog.sentence", "fields": {"number_posts": 0, "previous_version": null, "sentence_set": 15, "ordering": 19.0, "text": 23, "paragraph": 29, "mode": "t"}}, {"pk": 322, "model": "blog.sentence", "fields": {"number_posts": 0, "previous_version": null, "sentence_set": 15, "ordering": 20.0, "text": 28, "paragraph": 29, "mode": "t"}}, {"pk": 323, "model": "blog.sentence", "fields": {"number_posts": 0, "previous_version": null, "sentence_set": 15, "ordering": 21.0, "text": 15, "paragraph": 29, "mode": "t"}}, {"pk": 324, "model": "blog.sentence", "fields": {"number_posts": 0, "previous_version": null, "sentence_set": 15, "ordering": 22.0, "text": 19, "paragraph": 29, "mode": "t"}}, {"pk": 325, "model": "blog.sentence", "fields": {"number_posts": 0, "previous_version": null, "sentence_set": 15, "ordering": 23.0, "text": 2, "paragraph": 29, "mode": "t"}}, {"pk": 326, "model": "blog.sentence", "fields": {"number_posts": 0, "previous_version": null, "sentence_set": 15, "ordering": 24.0, "text": 3, "paragraph": 29, "mode": "t"}}, {"pk": 327, "model": "blog.sentence", "fields": {"number_posts": 0, "previous_version": null, "sentence_set": 15, "ordering": 25.0, "text": 1, "paragraph": 29, "mode": "t"}}, {"pk": 328, "model": "blog.sentence", "fields": {"number_posts": 0, "previous_version": null, "sentence_set": 15, "ordering": 26.0, "text": 1, "paragraph": 29, "mode": "t"}}, {"pk": 329, "model": "blog.sentence", "fields": {"number_posts": 0, "previous_version": null, "sentence_set": 15, "ordering": 27.0, "text": 15, "paragraph": 29, "mode": "t"}}, {"pk": 330, "model": "blog.sentence", "fields": {"number_posts": 0, "previous_version": null, "sentence_set": 15, "ordering": 28.0, "text": 6, "paragraph": 29, "mode": "t"}}, {"pk": 331, "model": "blog.sentence", "fields": {"number_posts": 0, "previous_version": null, "sentence_set": 15, "ordering": 29.0, "text": 35, "paragraph": 29, "mode": "t"}}, {"pk": 332, "model": "blog.sentence", "fields": {"number_posts": 0, "previous_version": null, "sentence_set": 15, "ordering": 30.0, "text": 4, "paragraph": 29, "mode": "t"}}, {"pk": 333, "model": "blog.sentence", "fields": {"number_posts": 0, "previous_version": null, "sentence_set": 15, "ordering": 31.0, "text": 19, "paragraph": 29, "mode": "t"}}, {"pk": 334, "model": "blog.sentence", "fields": {"number_posts": 0, "previous_version": null, "sentence_set": 15, "ordering": 32.0, "text": 14, "paragraph": 29, "mode": "t"}}, {"pk": 335, "model": "blog.sentence", "fields": {"number_posts": 0, "previous_version": null, "sentence_set": 15, "ordering": 33.0, "text": 7, "paragraph": 29, "mode": "t"}}, {"pk": 336, "model": "blog.sentence", "fields": {"number_posts": 0, "previous_version": null, "sentence_set": 16, "ordering": 1.0, "text": 28, "paragraph": 30, "mode": "t"}}, {"pk": 337, "model": "blog.sentence", "fields": {"number_posts": 0, "previous_version": null, "sentence_set": 16, "ordering": 2.0, "text": 17, "paragraph": 30, "mode": "t"}}, {"pk": 338, "model": "blog.sentence", "fields": {"number_posts": 0, "previous_version": null, "sentence_set": 16, "ordering": 3.0, "text": 4, "paragraph": 30, "mode": "t"}}, {"pk": 339, "model": "blog.sentence", "fields": {"number_posts": 0, "previous_version": null, "sentence_set": 16, "ordering": 4.0, "text": 31, "paragraph": 30, "mode": "t"}}, {"pk": 340, "model": "blog.sentence", "fields": {"number_posts": 0, "previous_version": null, "sentence_set": 16, "ordering": 5.0, "text": 31, "paragraph": 30, "mode": "t"}}, {"pk": 341, "model": "blog.sentence", "fields": {"number_posts": 0, "previous_version": null, "sentence_set": 16, "ordering": 6.0, "text": 4, "paragraph": 30, "mode": "t"}}, {"pk": 342, "model": "blog.sentence", "fields": {"number_posts": 0, "previous_version": null, "sentence_set": 16, "ordering": 7.0, "text": 17, "paragraph": 30, "mode": "t"}}, {"pk": 343, "model": "blog.sentence", "fields": {"number_posts": 0, "previous_version": null, "sentence_set": 16, "ordering": 8.0, "text": 31, "paragraph": 30, "mode": "t"}}, {"pk": 344, "model": "blog.sentence", "fields": {"number_posts": 0, "previous_version": null, "sentence_set": 16, "ordering": 9.0, "text": 15, "paragraph": 30, "mode": "t"}}, {"pk": 345, "model": "blog.sentence", "fields": {"number_posts": 0, "previous_version": null, "sentence_set": 16, "ordering": 10.0, "text": 15, "paragraph": 30, "mode": "t"}}, {"pk": 346, "model": "blog.sentence", "fields": {"number_posts": 0, "previous_version": null, "sentence_set": 16, "ordering": 11.0, "text": 14, "paragraph": 31, "mode": "t"}}, {"pk": 347, "model": "blog.sentence", "fields": {"number_posts": 0, "previous_version": null, "sentence_set": 16, "ordering": 12.0, "text": 19, "paragraph": 31, "mode": "t"}}, {"pk": 348, "model": "blog.sentence", "fields": {"number_posts": 0, "previous_version": null, "sentence_set": 16, "ordering": 13.0, "text": 31, "paragraph": 31, "mode": "t"}}, {"pk": 349, "model": "blog.sentence", "fields": {"number_posts": 0, "previous_version": null, "sentence_set": 16, "ordering": 14.0, "text": 14, "paragraph": 31, "mode": "t"}}, {"pk": 350, "model": "blog.sentence", "fields": {"number_posts": 0, "previous_version": null, "sentence_set": 16, "ordering": 15.0, "text": 26, "paragraph": 31, "mode": "t"}}, {"pk": 351, "model": "blog.sentence", "fields": {"number_posts": 0, "previous_version": null, "sentence_set": 16, "ordering": 16.0, "text": 19, "paragraph": 31, "mode": "t"}}, {"pk": 352, "model": "blog.sentence", "fields": {"number_posts": 0, "previous_version": null, "sentence_set": 16, "ordering": 17.0, "text": 14, "paragraph": 31, "mode": "t"}}, {"pk": 353, "model": "blog.sentence", "fields": {"number_posts": 0, "previous_version": null, "sentence_set": 16, "ordering": 18.0, "text": 21, "paragraph": 31, "mode": "t"}}, {"pk": 354, "model": "blog.sentence", "fields": {"number_posts": 0, "previous_version": null, "sentence_set": 16, "ordering": 19.0, "text": 31, "paragraph": 31, "mode": "t"}}, {"pk": 355, "model": "blog.sentence", "fields": {"number_posts": 0, "previous_version": null, "sentence_set": 17, "ordering": 1.0, "text": 33, "paragraph": 32, "mode": "t"}}, {"pk": 356, "model": "blog.sentence", "fields": {"number_posts": 0, "previous_version": null, "sentence_set": 17, "ordering": 2.0, "text": 21, "paragraph": 32, "mode": "t"}}, {"pk": 357, "model": "blog.sentence", "fields": {"number_posts": 0, "previous_version": null, "sentence_set": 17, "ordering": 3.0, "text": 13, "paragraph": 32, "mode": "t"}}, {"pk": 358, "model": "blog.sentence", "fields": {"number_posts": 0, "previous_version": null, "sentence_set": 17, "ordering": 4.0, "text": 33, "paragraph": 32, "mode": "t"}}, {"pk": 359, "model": "blog.sentence", "fields": {"number_posts": 0, "previous_version": null, "sentence_set": 17, "ordering": 5.0, "text": 15, "paragraph": 32, "mode": "t"}}, {"pk": 360, "model": "blog.sentence", "fields": {"number_posts": 0, "previous_version": null, "sentence_set": 17, "ordering": 6.0, "text": 28, "paragraph": 32, "mode": "t"}}, {"pk": 361, "model": "blog.sentence", "fields": {"number_posts": 0, "previous_version": null, "sentence_set": 17, "ordering": 7.0, "text": 13, "paragraph": 32, "mode": "t"}}, {"pk": 362, "model": "blog.sentence", "fields": {"number_posts": 0, "previous_version": null, "sentence_set": 17, "ordering": 8.0, "text": 28, "paragraph": 32, "mode": "t"}}, {"pk": 363, "model": "blog.sentence", "fields": {"number_posts": 0, "previous_version": null, "sentence_set": 17, "ordering": 9.0, "text": 25, "paragraph": 32, "mode": "t"}}, {"pk": 364, "model": "blog.sentence", "fields": {"number_posts": 0, "previous_version": null, "sentence_set": 17, "ordering": 10.0, "text": 6, "paragraph": 33, "mode": "t"}}, {"pk": 365, "model": "blog.sentence", "fields": {"number_posts": 0, "previous_version": null, "sentence_set": 17, "ordering": 11.0, "text": 16, "paragraph": 33, "mode": "t"}}, {"pk": 366, "model": "blog.sentence", "fields": {"number_posts": 0, "previous_version": null, "sentence_set": 17, "ordering": 12.0, "text": 13, "paragraph": 33, "mode": "t"}}, {"pk": 367, "model": "blog.sentence", "fields": {"number_posts": 0, "previous_version": null, "sentence_set": 17, "ordering": 13.0, "text": 19, "paragraph": 33, "mode": "t"}}, {"pk": 368, "model": "blog.sentence", "fields": {"number_posts": 0, "previous_version": null, "sentence_set": 17, "ordering": 14.0, "text": 28, "paragraph": 33, "mode": "t"}}, {"pk": 369, "model": "blog.sentence", "fields": {"number_posts": 0, "previous_version": null, "sentence_set": 17, "ordering": 15.0, "text": 27, "paragraph": 33, "mode": "t"}}, {"pk": 370, "model": "blog.sentence", "fields": {"number_posts": 0, "previous_version": null, "sentence_set": 17, "ordering": 16.0, "text": 4, "paragraph": 33, "mode": "t"}}, {"pk": 371, "model": "blog.sentence", "fields": {"number_posts": 0, "previous_version": null, "sentence_set": 17, "ordering": 17.0, "text": 21, "paragraph": 33, "mode": "t"}}, {"pk": 372, "model": "blog.sentence", "fields": {"number_posts": 0, "previous_version": null, "sentence_set": 18, "ordering": 1.0, "text": 28, "paragraph": 34, "mode": "t"}}, {"pk": 1, "model": "blog.text", "fields": {"classifier": null, "value": "This Essay analyzes an essay by H. L. A. Hart about discretion that has never before been published, and has often been considered lost.", "created": "2013-12-29T23:33:36.996Z"}}, {"pk": 2, "model": "blog.text", "fields": {"classifier": null, "value": "Hart, one of the most significant legal philosophers of the twentieth century, wrote the essay at Harvard Law School in November 1956, shortly after he arrived as a visiting professor.", "created": "2013-12-29T23:33:37.353Z"}}, {"pk": 3, "model": "blog.text", "fields": {"classifier": null, "value": "All through the summer, in closed sessions, the delegates debated, and redrafted the articles of the new Constitution.", "created": "2013-12-29T23:33:37.691Z"}}, {"pk": 4, "model": "blog.text", "fields": {"classifier": null, "value": "Hart\u2019s year at Harvard significantly shaped the course of his subsequent work.", "created": "2013-12-29T23:33:38.182Z"}}, {"pk": 5, "model": "blog.text", "fields": {"classifier": null, "value": "For example, I have not included the psychological question raised by Professor Freund: what are the psychological conditions of a sound use of discretion?", "created": "2013-12-29T23:33:38.540Z"}}, {"pk": 6, "model": "blog.text", "fields": {"classifier": null, "value": "I shall then move on to consider the intriguing question of why Hart did not subsequently publish or build on some of the key insights in the paper itself.", "created": "2013-12-29T23:33:38.921Z"}}, {"pk": 7, "model": "blog.text", "fields": {"classifier": null, "value": "I have omitted this because I believe that if we clearly understand what it is to exercise a discretion and what in different fields counts as the satisfactory exercise of a discretion, we shall not really have to face an independent psychological question of the form: what are the psychological conditions of its sound exercise or how are we psychologically able to exercise a discretion?", "created": "2013-12-29T23:33:39.292Z"}}, {"pk": 8, "model": "blog.text", "fields": {"classifier": null, "value": "The essay now being published, entitled Discretion, helps to explain why that was the case, for it is a testimony to the intensity of his engagement with colleagues in the Law School.", "created": "2013-12-29T23:33:39.639Z"}}, {"pk": 9, "model": "blog.text", "fields": {"classifier": null, "value": "There is a dramatic disconnect between the way our laws and our leaders condemn leaking in the abstract and the way they condone it in practice.", "created": "2013-12-29T23:33:40.175Z"}}, {"pk": 10, "model": "blog.text", "fields": {"classifier": null, "value": "But only further exploration of our subject will show whether I am right in this, and I may very well not be right.", "created": "2013-12-29T23:33:40.610Z"}}, {"pk": 11, "model": "blog.text", "fields": {"classifier": null, "value": "Hart believed that discretion, soundly exercised, provides a principled way of coping with legal indeterminacy that is fully consistent with the rule of law.", "created": "2013-12-29T23:33:41.116Z"}}, {"pk": 12, "model": "blog.text", "fields": {"classifier": null, "value": "Each House may determine the Rules of its Proceedings, punish its Members for disorderly Behaviour, and, with the Concurrence of two thirds, expel a Member.", "created": "2013-12-29T23:33:41.463Z"}}, {"pk": 13, "model": "blog.text", "fields": {"classifier": null, "value": "The United States government leaks like a sieve.", "created": "2013-12-29T23:33:41.933Z"}}, {"pk": 14, "model": "blog.text", "fields": {"classifier": null, "value": "This Article challenges the standard account of that disconnect, which emphasizes the difficulties of apprehending and prosecuting offenders, and advances an alternative theory of leaking.", "created": "2013-12-29T23:33:42.346Z"}}, {"pk": 15, "model": "blog.text", "fields": {"classifier": null, "value": "During the course of the year, he laid the foundations for the vast majority of his work over the next decade: for Causation in the Law, for The Concept of Law, and for Punishment and Responsibility.", "created": "2013-12-29T23:33:42.706Z"}}, {"pk": 16, "model": "blog.text", "fields": {"classifier": null, "value": "In this brief introduction, I shall rather reflect, from a biographer\u2019s viewpoint, on the significance of Discretion for our understanding of the trajectory of Hart\u2019s ideas and on the significance of his year at Harvard.", "created": "2013-12-29T23:33:43.322Z"}}, {"pk": 17, "model": "blog.text", "fields": {"classifier": null, "value": "And yet the laws against leaking are almost never enforced.", "created": "2013-12-29T23:33:43.715Z"}}, {"pk": 18, "model": "blog.text", "fields": {"classifier": null, "value": "Throughout U.S. history, roughly a dozen criminal cases have been brought against suspected leakers.", "created": "2013-12-29T23:33:44.407Z"}}, {"pk": 19, "model": "blog.text", "fields": {"classifier": null, "value": "Presidents denounce the constant flow of classified information to the media from unauthorized, anonymous sources.", "created": "2013-12-29T23:33:45.098Z"}}, {"pk": 20, "model": "blog.text", "fields": {"classifier": null, "value": "Its publication is also timely, albeit long delayed, in that it comes hard on the heels of a period in which the intellectual history of legal thought has been the subject of wide interest and some very powerful scholarship.", "created": "2013-12-29T23:33:47.137Z"}}, {"pk": 21, "model": "blog.text", "fields": {"classifier": null, "value": "The stimulating American context, as he later put it, \u201crelaxed one\u2019s neuroses\u201d; \u201c[i]deas started pullulating at a rather alarming rate.", "created": "2013-12-29T23:33:47.448Z"}}, {"pk": 22, "model": "blog.text", "fields": {"classifier": null, "value": "In the essay, Hart argued that discretion is a special mode of reasoned, constrained decisionmaking that occupies a middle ground between arbitrary choice and determinate rule application.", "created": "2013-12-29T23:33:48.325Z"}}, {"pk": 23, "model": "blog.text", "fields": {"classifier": null, "value": "Indeed, I think this question, which looks on the surface to be one of empirical psychology, perhaps really expresses in a rather misleading form just our initial unclarity about what discretion is and what in various fields we count as a sound exercise of discretion.", "created": "2013-12-29T23:33:49.825Z"}}, {"pk": 24, "model": "blog.text", "fields": {"classifier": null, "value": "Each House shall be the Judge of the Elections, Returns and Qualifications of its own Members, and a Majority of each shall constitute a Quorum to do Business; but a smaller Number may adjourn from day to day, and may be authorized to compel the Attendance of absent Members, in such Manner, and under such Penalties as each House may provide.", "created": "2013-12-29T23:33:50.486Z"}}, {"pk": 25, "model": "blog.text", "fields": {"classifier": null, "value": "National security professionals decry the consequences.", "created": "2013-12-29T23:33:51.403Z"}}, {"pk": 26, "model": "blog.text", "fields": {"classifier": null, "value": "It is particularly apt that H. L. A. Hart\u2019s essay should be published by this Review, appearing fifty-seven years after it was written in the early months of his visit to Harvard, thus joining a distinguished tradition of posthumously published scholarship of the 1950s, most notably Lon Fuller\u2019s The Forms and Limits of Adjudication, and Henry Hart and Albert Sacks\u2019s The Legal Process.", "created": "2013-12-29T23:33:51.717Z"}}, {"pk": 27, "model": "blog.text", "fields": {"classifier": null, "value": "I thought, \u2018Am I going mad?\u2019: I was getting so many different things inside.\u201d\n\nIn his Essay, Shaw presents a searching analysis of the paper\u2019s argument as well as a persuasive assessment of its overall significance, and I do not propose to tread the same ground.", "created": "2013-12-29T23:33:52.075Z"}}, {"pk": 28, "model": "blog.text", "fields": {"classifier": null, "value": "It is an extraordinary privilege to be able to introduce a previously unpublished essay by H. L. A. Hart, one of the most distinguished figures in twentieth-century legal philosophy, alongside a fine commentary by Geoffrey Shaw, the scholar whose intellectual imagination and meticulous archival research has brought the essay to light.", "created": "2013-12-29T23:33:55.613Z"}}, {"pk": 29, "model": "blog.text", "fields": {"classifier": null, "value": "The Federal Convention convened in the State House (Independence Hall) in Philadelphia on May 14, 1787, to revise the Articles of Confederation.", "created": "2013-12-29T23:33:56.979Z"}}, {"pk": 30, "model": "blog.text", "fields": {"classifier": null, "value": "The work of many minds, the Constitution stands as a model of cooperative statesmanship and the art of compromise.", "created": "2013-12-29T23:33:57.390Z"}}, {"pk": 31, "model": "blog.text", "fields": {"classifier": null, "value": "I shall conclude by considering what contribution the essay makes to our overall interpretation and evaluation of Hart\u2019s legal philosophy.", "created": "2013-12-29T23:34:01.297Z"}}, {"pk": 32, "model": "blog.text", "fields": {"classifier": null, "value": "This Essay situates Hart\u2019s paper \u2014 Discretion \u2014 in historical and intellectual context, interprets its main arguments, and assesses its significance in jurisprudential history.", "created": "2013-12-29T23:34:02.930Z"}}, {"pk": 33, "model": "blog.text", "fields": {"classifier": null, "value": "Here I highlight the fact that, almost uniquely in Hart\u2019s work, Discretion features a notable emphasis on the significance of institutional factors in our understanding of the nature of legal decisionmaking; and I argue that Hart\u2019s failure fully to develop this insight in the essay, or to build on it in his subsequent work, derives from the fact that such a development would have necessitated a diversion from the philosophical issues that were his core intellectual concern, and moreover would have presented certain dangers to his conception of legal positivism.", "created": "2013-12-29T23:34:03.893Z"}}, {"pk": 34, "model": "blog.text", "fields": {"classifier": null, "value": "Through discussion and debate it became clear by mid-June that, rather than amend the existing Articles, the Convention would draft an entirely new frame of government.", "created": "2013-12-29T23:34:04.754Z"}}, {"pk": 35, "model": "blog.text", "fields": {"classifier": null, "value": "Among the chief points at issue were how much power to allow the central government, how many representatives in Congress to allow each state, and how these representatives should be elected--directly by the people or by the state legislators.", "created": "2013-12-29T23:34:36.293Z"}}, {"pk": 1, "model": "blog.paragraph", "fields": {"index": 1, "number_posts": 0, "number_sentences": 19, "sentence_set": 1}}, {"pk": 2, "model": "blog.paragraph", "fields": {"index": 2, "number_posts": 0, "number_sentences": 17, "sentence_set": 1}}, {"pk": 3, "model": "blog.paragraph", "fields": {"index": 1, "number_posts": 0, "number_sentences": 18, "sentence_set": 2}}, {"pk": 4, "model": "blog.paragraph", "fields": {"index": 2, "number_posts": 0, "number_sentences": 17, "sentence_set": 2}}, {"pk": 5, "model": "blog.paragraph", "fields": {"index": 1, "number_posts": 0, "number_sentences": 18, "sentence_set": 3}}, {"pk": 6, "model": "blog.paragraph", "fields": {"index": 2, "number_posts": 0, "number_sentences": 16, "sentence_set": 3}}, {"pk": 7, "model": "blog.paragraph", "fields": {"index": 1, "number_posts": 0, "number_sentences": 3, "sentence_set": 4}}, {"pk": 8, "model": "blog.paragraph", "fields": {"index": 2, "number_posts": 0, "number_sentences": 1, "sentence_set": 4}}, {"pk": 9, "model": "blog.paragraph", "fields": {"index": 1, "number_posts": 0, "number_sentences": 5, "sentence_set": 5}}, {"pk": 10, "model": "blog.paragraph", "fields": {"index": 2, "number_posts": 0, "number_sentences": 4, "sentence_set": 5}}, {"pk": 11, "model": "blog.paragraph", "fields": {"index": 1, "number_posts": 0, "number_sentences": 15, "sentence_set": 6}}, {"pk": 12, "model": "blog.paragraph", "fields": {"index": 2, "number_posts": 0, "number_sentences": 14, "sentence_set": 6}}, {"pk": 13, "model": "blog.paragraph", "fields": {"index": 1, "number_posts": 0, "number_sentences": 7, "sentence_set": 7}}, {"pk": 14, "model": "blog.paragraph", "fields": {"index": 2, "number_posts": 0, "number_sentences": 5, "sentence_set": 7}}, {"pk": 15, "model": "blog.paragraph", "fields": {"index": 1, "number_posts": 0, "number_sentences": 2, "sentence_set": 8}}, {"pk": 16, "model": "blog.paragraph", "fields": {"index": 1, "number_posts": 0, "number_sentences": 11, "sentence_set": 9}}, {"pk": 17, "model": "blog.paragraph", "fields": {"index": 2, "number_posts": 0, "number_sentences": 10, "sentence_set": 9}}, {"pk": 18, "model": "blog.paragraph", "fields": {"index": 1, "number_posts": 0, "number_sentences": 4, "sentence_set": 10}}, {"pk": 19, "model": "blog.paragraph", "fields": {"index": 2, "number_posts": 0, "number_sentences": 3, "sentence_set": 10}}, {"pk": 20, "model": "blog.paragraph", "fields": {"index": 1, "number_posts": 0, "number_sentences": 17, "sentence_set": 11}}, {"pk": 21, "model": "blog.paragraph", "fields": {"index": 2, "number_posts": 0, "number_sentences": 16, "sentence_set": 11}}, {"pk": 22, "model": "blog.paragraph", "fields": {"index": 1, "number_posts": 0, "number_sentences": 13, "sentence_set": 12}}, {"pk": 23, "model": "blog.paragraph", "fields": {"index": 2, "number_posts": 0, "number_sentences": 11, "sentence_set": 12}}, {"pk": 24, "model": "blog.paragraph", "fields": {"index": 1, "number_posts": 0, "number_sentences": 16, "sentence_set": 13}}, {"pk": 25, "model": "blog.paragraph", "fields": {"index": 2, "number_posts": 0, "number_sentences": 15, "sentence_set": 13}}, {"pk": 26, "model": "blog.paragraph", "fields": {"index": 1, "number_posts": 0, "number_sentences": 13, "sentence_set": 14}}, {"pk": 27, "model": "blog.paragraph", "fields": {"index": 2, "number_posts": 0, "number_sentences": 12, "sentence_set": 14}}, {"pk": 28, "model": "blog.paragraph", "fields": {"index": 1, "number_posts": 0, "number_sentences": 17, "sentence_set": 15}}, {"pk": 29, "model": "blog.paragraph", "fields": {"index": 2, "number_posts": 0, "number_sentences": 16, "sentence_set": 15}}, {"pk": 30, "model": "blog.paragraph", "fields": {"index": 1, "number_posts": 0, "number_sentences": 10, "sentence_set": 16}}, {"pk": 31, "model": "blog.paragraph", "fields": {"index": 2, "number_posts": 0, "number_sentences": 9, "sentence_set": 16}}, {"pk": 32, "model": "blog.paragraph", "fields": {"index": 1, "number_posts": 0, "number_sentences": 9, "sentence_set": 17}}, {"pk": 33, "model": "blog.paragraph", "fields": {"index": 2, "number_posts": 0, "number_sentences": 8, "sentence_set": 17}}, {"pk": 34, "model": "blog.paragraph", "fields": {"index": 1, "number_posts": 0, "number_sentences": 1, "sentence_set": 18}}, {"pk": 1, "model": "auth.permission", "fields": {"codename": "add_logentry", "name": "Can add log entry", "content_type": 1}}, {"pk": 2, "model": "auth.permission", "fields": {"codename": "change_logentry", "name": "Can change log entry", "content_type": 1}}, {"pk": 3, "model": "auth.permission", "fields": {"codename": "delete_logentry", "name": "Can delete log entry", "content_type": 1}}, {"pk": 4, "model": "auth.permission", "fields": {"codename": "add_permission", "name": "Can add permission", "content_type": 2}}, {"pk": 5, "model": "auth.permission", "fields": {"codename": "change_permission", "name": "Can change permission", "content_type": 2}}, {"pk": 6, "model": "auth.permission", "fields": {"codename": "delete_permission", "name": "Can delete permission", "content_type": 2}}, {"pk": 7, "model": "auth.permission", "fields": {"codename": "add_group", "name": "Can add group", "content_type": 3}}, {"pk": 8, "model": "auth.permission", "fields": {"codename": "change_group", "name": "Can change group", "content_type": 3}}, {"pk": 9, "model": "auth.permission", "fields": {"codename": "delete_group", "name": "Can delete group", "content_type": 3}}, {"pk": 10, "model": "auth.permission", "fields": {"codename": "add_user", "name": "Can add user", "content_type": 4}}, {"pk": 11, "model": "auth.permission", "fields": {"codename": "change_user", "name": "Can change user", "content_type": 4}}, {"pk": 12, "model": "auth.permission", "fields": {"codename": "delete_user", "name": "Can delete user", "content_type": 4}}, {"pk": 13, "model": "auth.permission", "fields": {"codename": "add_contenttype", "name": "Can add content type", "content_type": 5}}, {"pk": 14, "model": "auth.permission", "fields": {"codename": "change_contenttype", "name": "Can change content type", "content_type": 5}}, {"pk": 15, "model": "auth.permission", "fields": {"codename": "delete_contenttype", "name": "Can delete content type", "content_type": 5}}, {"pk": 16, "model": "auth.permission", "fields": {"codename": "add_session", "name": "Can add session", "content_type": 6}}, {"pk": 17, "model": "auth.permission", "fields": {"codename": "change_session", "name": "Can change session", "content_type": 6}}, {"pk": 18, "model": "auth.permission", "fields": {"codename": "delete_session", "name": "Can delete session", "content_type": 6}}, {"pk": 19, "model": "auth.permission", "fields": {"codename": "add_token", "name": "Can add token", "content_type": 7}}, {"pk": 20, "model": "auth.permission", "fields": {"codename": "change_token", "name": "Can change token", "content_type": 7}}, {"pk": 21, "model": "auth.permission", "fields": {"codename": "delete_token", "name": "Can delete token", "content_type": 7}}, {"pk": 22, "model": "auth.permission", "fields": {"codename": "add_whitelist", "name": "Can add white list", "content_type": 8}}, {"pk": 23, "model": "auth.permission", "fields": {"codename": "change_whitelist", "name": "Can change white list", "content_type": 8}}, {"pk": 24, "model": "auth.permission", "fields": {"codename": "delete_whitelist", "name": "Can delete white list", "content_type": 8}}, {"pk": 25, "model": "auth.permission", "fields": {"codename": "add_blog", "name": "Can add blog", "content_type": 9}}, {"pk": 26, "model": "auth.permission", "fields": {"codename": "change_blog", "name": "Can change blog", "content_type": 9}}, {"pk": 27, "model": "auth.permission", "fields": {"codename": "delete_blog", "name": "Can delete blog", "content_type": 9}}, {"pk": 28, "model": "auth.permission", "fields": {"codename": "add_post", "name": "Can add post", "content_type": 10}}, {"pk": 29, "model": "auth.permission", "fields": {"codename": "change_post", "name": "Can change post", "content_type": 10}}, {"pk": 30, "model": "auth.permission", "fields": {"codename": "delete_post", "name": "Can delete post", "content_type": 10}}, {"pk": 31, "model": "auth.permission", "fields": {"codename": "add_sentenceset", "name": "Can add sentence set", "content_type": 11}}, {"pk": 32, "model": "auth.permission", "fields": {"codename": "change_sentenceset", "name": "Can change sentence set", "content_type": 11}}, {"pk": 33, "model": "auth.permission", "fields": {"codename": "delete_sentenceset", "name": "Can delete sentence set", "content_type": 11}}, {"pk": 34, "model": "auth.permission", "fields": {"codename": "add_sentence", "name": "Can add sentence", "content_type": 12}}, {"pk": 35, "model": "auth.permission", "fields": {"codename": "change_sentence", "name": "Can change sentence", "content_type": 12}}, {"pk": 36, "model": "auth.permission", "fields": {"codename": "delete_sentence", "name": "Can delete sentence", "content_type": 12}}, {"pk": 37, "model": "auth.permission", "fields": {"codename": "add_text", "name": "Can add text", "content_type": 13}}, {"pk": 38, "model": "auth.permission", "fields": {"codename": "change_text", "name": "Can change text", "content_type": 13}}, {"pk": 39, "model": "auth.permission", "fields": {"codename": "delete_text", "name": "Can delete text", "content_type": 13}}, {"pk": 40, "model": "auth.permission", "fields": {"codename": "add_paragraph", "name": "Can add paragraph", "content_type": 14}}, {"pk": 41, "model": "auth.permission", "fields": {"codename": "change_paragraph", "name": "Can change paragraph", "content_type": 14}}, {"pk": 42, "model": "auth.permission", "fields": {"codename": "delete_paragraph", "name": "Can delete paragraph", "content_type": 14}}, {"pk": 1, "model": "auth.user", "fields": {"username": "eric", "first_name": "", "last_name": "", "is_active": true, "is_superuser": true, "is_staff": true, "last_login": "2013-12-29T23:33:16.257Z", "groups": [], "user_permissions": [], "password": "pbkdf2_sha256$12000$MTBkcfZj3dTu$QBlJB3ol9wt2dXot7y7Ae2ZqHRT4chnm4LR9FfB8Oew=", "email": "", "date_joined": "2013-12-29T23:33:16.257Z"}}, {"pk": 2, "model": "auth.user", "fields": {"username": "alice", "first_name": "", "last_name": "", "is_active": true, "is_superuser": false, "is_staff": false, "last_login": "2013-12-29T23:33:34.137Z", "groups": [], "user_permissions": [], "password": "pbkdf2_sha256$12000$FKHwGFWtkQtz$bfQPbcndmKs3N/RYdLrdWBItnMPKa4E85P57pnEwXVg=", "email": "", "date_joined": "2013-12-29T23:33:34.137Z"}}, {"pk": 3, "model": "auth.user", "fields": {"username": "bobby", "first_name": "", "last_name": "", "is_active": true, "is_superuser": false, "is_staff": false, "last_login": "2013-12-29T23:33:34.361Z", "groups": [], "user_permissions": [], "password": "pbkdf2_sha256$12000$blT4Ihfyv0m9$vLawYVexpzC0SPmny73AN4SlWSrXkiSLdskobzwSlBo=", "email": "", "date_joined": "2013-12-29T23:33:34.361Z"}}, {"pk": 1, "model": "blog.blog", "fields": {"number_posts": 1, "description": "About law and stuff...", "title": "Jurisprudence", "creator": 2, "created": "2013-12-29T23:33:34.598Z", "is_restricted": true}}, {"pk": 2, "model": "blog.blog", "fields": {"number_posts": 2, "description": "About stuff...", "title": "Law", "creator": 2, "created": "2013-12-29T23:33:34.765Z", "is_restricted": false}}, {"pk": 3, "model": "blog.blog", "fields": {"number_posts": 1, "description": "Heh...", "title": "Equality Issues", "creator": 2, "created": "2013-12-29T23:33:34.933Z", "is_restricted": false}}, {"pk": 4, "model": "blog.blog", "fields": {"number_posts": 1, "description": "No way!", "title": "Life", "creator": 2, "created": "2013-12-29T23:33:35.078Z", "is_restricted": false}}, {"pk": 5, "model": "blog.blog", "fields": {"number_posts": 1, "description": "Deep thinking.", "title": "Philosophy", "creator": 2, "created": "2013-12-29T23:33:35.246Z", "is_restricted": false}}, {"pk": 6, "model": "blog.blog", "fields": {"number_posts": 1, "description": "Incredible Discoveries", "title": "Science", "creator": 3, "created": "2013-12-29T23:33:35.425Z", "is_restricted": false}}, {"pk": 7, "model": "blog.blog", "fields": {"number_posts": 1, "description": "Researchers come here!", "title": "Papers", "creator": 3, "created": "2013-12-29T23:33:35.582Z", "is_restricted": false}}, {"pk": 8, "model": "blog.blog", "fields": {"number_posts": 1, "description": "Internets and Neurons", "title": "Networks", "creator": 3, "created": "2013-12-29T23:33:35.936Z", "is_restricted": false}}, {"pk": 9, "model": "blog.blog", "fields": {"number_posts": 1, "description": "Math blog. What else.", "title": "Optimization Problems", "creator": 3, "created": "2013-12-29T23:33:36.131Z", "is_restricted": false}}, {"pk": 1, "model": "blog.post", "fields": {"number_posts": 1, "author": 2, "created": "2013-12-29T23:33:36.305Z", "is_active": true, "modified": "2013-12-29T23:34:30.378Z", "blog": 1, "parent_id": 1, "title": "Brown Corpus", "parent_content_type": 9}}, {"pk": 2, "model": "blog.post", "fields": {"number_posts": 1, "author": 2, "created": "2013-12-29T23:33:48.664Z", "is_active": true, "modified": "2013-12-29T23:34:37.735Z", "blog": 2, "parent_id": 2, "title": "Legal Obligations?", "parent_content_type": 9}}, {"pk": 3, "model": "blog.post", "fields": {"number_posts": 0, "author": 2, "created": "2013-12-29T23:33:57.724Z", "is_active": true, "modified": "2013-12-29T23:33:57.724Z", "blog": 2, "parent_id": 2, "title": "Standards on Law", "parent_content_type": 9}}, {"pk": 4, "model": "blog.post", "fields": {"number_posts": 0, "author": 2, "created": "2013-12-29T23:34:06.560Z", "is_active": true, "modified": "2013-12-29T23:34:06.561Z", "blog": 3, "parent_id": 3, "title": "Some post", "parent_content_type": 9}}, {"pk": 5, "model": "blog.post", "fields": {"number_posts": 0, "author": 2, "created": "2013-12-29T23:34:08.574Z", "is_active": true, "modified": "2013-12-29T23:34:08.575Z", "blog": 4, "parent_id": 4, "title": "Descartes", "parent_content_type": 9}}, {"pk": 6, "model": "blog.post", "fields": {"number_posts": 0, "author": 2, "created": "2013-12-29T23:34:11.343Z", "is_active": true, "modified": "2013-12-29T23:34:11.343Z", "blog": 5, "parent_id": 5, "title": "An examination of Kant", "parent_content_type": 9}}, {"pk": 7, "model": "blog.post", "fields": {"number_posts": 0, "author": 3, "created": "2013-12-29T23:34:18.546Z", "is_active": true, "modified": "2013-12-29T23:34:18.546Z", "blog": 6, "parent_id": 6, "title": "A discovery", "parent_content_type": 9}}, {"pk": 8, "model": "blog.post", "fields": {"number_posts": 0, "author": 3, "created": "2013-12-29T23:34:21.738Z", "is_active": true, "modified": "2013-12-29T23:34:21.738Z", "blog": 7, "parent_id": 7, "title": "RCC Architecture", "parent_content_type": 9}}, {"pk": 9, "model": "blog.post", "fields": {"number_posts": 0, "author": 3, "created": "2013-12-29T23:34:22.937Z", "is_active": true, "modified": "2013-12-29T23:34:22.937Z", "blog": 8, "parent_id": 8, "title": "Internet slow", "parent_content_type": 9}}, {"pk": 10, "model": "blog.post", "fields": {"number_posts": 0, "author": 3, "created": "2013-12-29T23:34:28.042Z", "is_active": true, "modified": "2013-12-29T23:34:28.042Z", "blog": 9, "parent_id": 9, "title": "Algorithms for robots", "parent_content_type": 9}}, {"pk": 11, "model": "blog.post", "fields": {"number_posts": 1, "author": 3, "created": "2013-12-29T23:34:30.232Z", "is_active": true, "modified": "2013-12-29T23:34:43.546Z", "blog": 1, "parent_id": 1, "title": "Interesting words", "parent_content_type": 10}}, {"pk": 12, "model": "blog.post", "fields": {"number_posts": 1, "author": 3, "created": "2013-12-29T23:34:37.541Z", "is_active": true, "modified": "2013-12-29T23:34:50.644Z", "blog": 2, "parent_id": 2, "title": "Incredible post", "parent_content_type": 10}}, {"pk": 13, "model": "blog.post", "fields": {"number_posts": 0, "author": 2, "created": "2013-12-29T23:34:43.157Z", "is_active": true, "modified": "2013-12-29T23:34:43.157Z", "blog": 1, "parent_id": 11, "title": "Thank you", "parent_content_type": 10}}, {"pk": 14, "model": "blog.post", "fields": {"number_posts": 0, "author": 2, "created": "2013-12-29T23:34:50.238Z", "is_active": true, "modified": "2013-12-29T23:34:50.238Z", "blog": 2, "parent_id": 12, "title": "Thank you again...", "parent_content_type": 10}}, {"pk": 15, "model": "blog.post", "fields": {"number_posts": 0, "author": 2, "created": "2013-12-29T23:34:55.976Z", "is_active": true, "modified": "2013-12-29T23:34:55.976Z", "blog": 1, "parent_id": 1, "title": "Some Post", "parent_content_type": 12}}, {"pk": 16, "model": "blog.post", "fields": {"number_posts": 0, "author": 3, "created": "2013-12-29T23:35:03.019Z", "is_active": true, "modified": "2013-12-29T23:35:03.019Z", "blog": 1, "parent_id": 2, "title": "Yeah", "parent_content_type": 12}}, {"pk": 17, "model": "blog.post", "fields": {"number_posts": 0, "author": 3, "created": "2013-12-29T23:35:07.664Z", "is_active": true, "modified": "2013-12-29T23:35:07.664Z", "blog": 1, "parent_id": 3, "title": "ASDF", "parent_content_type": 12}}, {"pk": 18, "model": "blog.post", "fields": {"number_posts": 0, "author": 3, "created": "2013-12-29T23:35:11.750Z", "is_active": true, "modified": "2013-12-29T23:35:11.750Z", "blog": 1, "parent_id": 16, "title": "Woot", "parent_content_type": 12}}]